idx,metrics,predict,AD_type,y_pred,y_true
27,2.827761,36.98027,OAD,70.02443,86.0
28,1.9807999,54.035583,OAD,41.505978,0.0
29,4.3268285,31.088451,IAD,54.40138,37.0
30,4.1641297,60.752724,IAD,77.89848,49.0
31,4.6625,19.268345,IAD,48.301178,67.0
32,3.2313058,27.267094,OAD,62.153595,0.0
33,4.513602,40.327126,IAD,75.62608,72.0
34,2.827761,36.98027,OAD,70.02443,23.0
35,2.827761,36.98027,OAD,70.02443,48.0
36,2.6711564,39.13616,OAD,60.501667,68.0
37,4.0644155,72.134964,IAD,81.99407,0.0
38,1.3440212,57.057228,OAD,53.922962,0.0
39,2.827761,36.98027,OAD,70.02443,86.0
40,2.8726525,27.518976,OAD,61.07066,58.0
41,3.4871686,5.098459,IAD,28.821978,9.0
42,3.1614516,35.733437,OAD,63.199318,82.0
43,4.345336,36.774174,IAD,63.667408,86.0
44,5.526526,46.7842,IAD,59.19471,81.0
45,3.7724662,26.402697,IAD,54.19578,54.0
46,4.0274644,55.351135,IAD,61.420006,78.0
47,3.580367,15.283329,IAD,60.810635,53.0
48,3.7831104,28.794043,IAD,59.9724,64.0
49,4.6569633,37.280388,IAD,73.78078,92.0
50,6.2465873,42.05903,IAD,77.07962,86.0
51,3.887175,44.492126,IAD,72.68032,75.0
52,4.409774,27.44969,IAD,68.05678,66.0
53,4.482001,29.0443,IAD,67.70972,80.0
54,4.8483524,26.926027,IAD,65.9265,63.0
55,3.947246,31.437325,IAD,68.772285,76.0
56,3.9070845,11.886257,IAD,60.333313,89.0
57,3.6865528,4.288348,IAD,54.150593,66.0
58,0.0,0.0,OAD,24.856722,0.0
59,2.783579,2.576815,OAD,49.29956,87.0
60,3.8603587,7.296194,IAD,56.098015,84.0
61,3.8324199,12.999314,IAD,57.61497,82.0
62,5.2333217,41.42584,IAD,59.886017,80.0
63,3.5752099,12.672552,IAD,59.881985,89.0
64,3.407406,10.745203,IAD,55.86174,86.0
65,3.7495153,4.694305,IAD,56.791794,62.0
66,3.102114,33.044502,OAD,67.20671,73.0
67,4.5610332,16.65649,IAD,14.119232,89.0
68,2.8715909,2.142335,OAD,18.862839,87.0
69,1.1083797,0.34996253,OAD,14.835124,81.0
70,4.3297243,5.4687076,IAD,15.8788805,88.0
71,3.9647899,4.535477,IAD,19.15034,90.0
72,2.5401165,1.690861,OAD,7.3120537,83.0
73,3.4885497,3.3082314,IAD,19.510553,88.0
74,0.7682453,0.17658725,OAD,21.066137,92.0
75,4.477623,7.9253626,IAD,19.671738,89.0
76,4.3029523,4.7172008,IAD,20.219696,93.0
77,2.2995977,1.2993587,OAD,17.504938,86.0
78,0.083382286,0.005625309,OAD,7.219782,71.0
79,0.0,0.0,OAD,9.564825,78.0
80,2.3767939,1.3145024,OAD,14.766066,83.0
81,4.353731,6.2108173,IAD,18.870766,80.0
82,0.6982934,0.1675791,OAD,15.365982,76.0
83,1.8092796,0.59310377,OAD,9.545474,75.0
84,1.4006834,0.40099624,OAD,10.240932,71.0
85,1.8092796,0.59310377,OAD,9.545474,72.0
86,3.02892,6.7938633,OAD,53.03972,95.0
87,4.8442597,16.191977,IAD,50.326385,93.0
88,2.703521,4.729088,OAD,53.410797,92.0
89,2.0940878,1.827778,OAD,50.312637,90.0
90,2.5785418,1.6907678,OAD,63.691833,93.0
91,2.7708316,5.1304345,OAD,53.829426,91.0
92,4.1150665,5.949673,IAD,61.836555,94.0
93,2.1162333,1.5817153,OAD,62.613472,91.0
230,2.8209825,39.42157,OAD,67.62193,30.0
231,2.9194362,42.264046,OAD,62.601734,27.0
232,1.6025224,61.13567,OAD,68.59236,55.0
233,4.0667777,20.609146,IAD,71.26641,93.0
234,3.7870724,39.155792,IAD,60.751507,18.0
235,1.9904041,53.224678,OAD,79.32686,24.0
236,3.2886279,21.61443,OAD,74.41233,26.0
237,5.8164706,55.862267,IAD,79.43294,85.0
238,3.4257722,18.954311,IAD,70.90155,49.0
239,4.9502974,23.477598,IAD,68.532196,80.0
240,4.208541,27.366472,IAD,66.85519,40.0
241,8.573089,61.257835,IAD,78.300606,90.0
242,2.162243,77.12539,OAD,75.982285,20.0
243,2.513527,68.97044,OAD,76.86531,27.0
244,4.0667777,20.609146,IAD,71.26641,93.0
245,1.7272294,0.7748778,OAD,12.515687,0.0
246,5.773232,51.131207,IAD,85.07693,99.0
247,7.8007426,29.233427,IAD,66.41166,82.0
248,4.7119484,36.96746,IAD,77.94941,84.0
249,3.6225119,5.260787,IAD,62.270058,87.0
250,2.2951875,57.83377,OAD,68.52129,96.0
251,3.8265443,7.427463,IAD,61.61814,85.0
252,3.7238758,63.43712,IAD,38.44848,96.0
253,4.597421,75.32428,IAD,81.41301,98.0
254,5.8393703,41.65686,IAD,62.77802,94.0
255,4.192679,33.936993,IAD,58.821968,72.0
256,8.710807,39.647667,IAD,66.89679,99.0
257,7.016822,29.728199,IAD,77.56766,98.0
258,2.2825983,59.87838,OAD,82.16289,98.0
259,4.5543766,27.488441,IAD,69.113914,92.0
260,4.0627537,20.659746,IAD,65.352104,97.0
261,3.57903,39.051292,IAD,64.29736,86.0
262,7.3022513,45.171516,IAD,63.582462,84.0
263,3.7868602,75.67852,IAD,40.50409,98.0
264,5.3738837,27.706745,IAD,71.96135,88.0
265,7.269101,63.841415,IAD,70.71069,98.0
266,3.0411308,47.85402,OAD,82.283875,94.0
267,7.9091115,55.613308,IAD,75.43646,98.0
268,3.8461924,25.766464,IAD,72.42442,90.0
269,5.564612,32.816223,IAD,66.34155,93.0
270,6.4167676,34.79301,IAD,67.72618,94.0
271,2.3896976,54.414955,OAD,68.4266,71.2
272,6.038914,20.51813,IAD,74.29936,64.0
273,6.440907,14.39994,IAD,71.13011,52.0
274,6.0951424,30.77176,IAD,68.81109,18.0
275,7.3018856,45.34355,IAD,70.679016,0.0
276,6.235386,44.824062,IAD,65.61303,0.0
277,6.0596743,17.346561,IAD,77.30939,85.0
278,1.8784026,3.3369417,OAD,61.611004,0.0
279,3.409985,23.061228,IAD,84.000206,42.0
280,3.409985,23.061228,IAD,84.000206,24.0
281,2.9631217,13.862345,OAD,78.50505,0.0
282,6.0596743,17.346561,IAD,77.30939,85.0
283,4.8586106,38.49703,IAD,79.18405,87.0
284,10.444543,49.595844,IAD,78.85803,99.0
285,8.825699,58.00328,IAD,82.2384,98.0
286,6.582364,36.848606,IAD,73.33942,94.0
287,6.3781977,15.206307,IAD,64.61308,92.0
288,7.3403826,29.943317,IAD,69.13879,88.0
289,8.202861,40.488884,IAD,70.80312,92.0
290,7.6301084,52.80325,IAD,79.25654,94.0
291,10.234985,63.346302,IAD,82.33782,99.0
292,4.6162906,31.803234,IAD,66.33335,80.0
293,6.585731,15.487752,IAD,69.52153,98.0
294,4.042933,48.990395,IAD,76.19001,82.0
295,12.300552,44.578377,IAD,72.12306,97.0
296,6.9050584,19.976881,IAD,74.70068,97.0
297,9.031396,65.49215,IAD,76.520386,99.0
298,7.240839,28.77115,IAD,65.288734,87.0
299,6.5681586,53.66258,IAD,71.749054,99.0
300,6.968254,41.052223,IAD,69.04911,85.0
301,8.6585245,75.14223,IAD,76.82071,91.0
302,4.6605444,13.102455,IAD,65.3702,85.0
303,5.843866,25.849236,IAD,67.74887,97.0
304,5.693692,23.566694,IAD,66.98364,82.0
305,6.972477,24.266283,IAD,71.173195,49.24
664,6.6259465,18.077337,IAD,40.862545,44.0
665,5.0031366,10.789268,IAD,27.452822,84.0
666,2.995032,2.6453342,OAD,29.660437,87.0
667,3.742689,15.371336,IAD,28.42646,88.0
668,0.3405445,0.04948674,OAD,43.14547,93.0
669,0.17457572,0.008667336,OAD,21.86848,82.0
670,2.1592264,1.4311472,OAD,31.382511,89.0
671,2.299804,1.5177181,OAD,27.618387,95.0
672,1.579692,0.81671757,OAD,30.240107,96.0
673,0.7919607,0.2384449,OAD,27.287209,90.0
674,3.2309978,3.5537252,OAD,32.660908,93.0
675,1.8408493,1.0304276,OAD,32.00434,75.0
676,2.0763896,1.2779557,OAD,24.967081,53.0
677,1.3535885,0.5050291,OAD,40.760937,70.0
678,2.2408,1.4698642,OAD,30.22201,89.0
679,3.8609843,12.480255,IAD,36.279713,0.0
680,2.4492133,2.8559794,OAD,32.69929,0.0
681,0.39050907,0.07896696,OAD,49.780933,0.0
682,3.8913546,29.623579,IAD,30.813845,0.0
683,3.2800367,7.406311,OAD,30.688505,0.0
684,0.7861087,0.28164712,OAD,35.48961,87.0
685,2.1818864,1.6878197,OAD,31.128304,80.0
686,0.5357475,0.11891608,OAD,40.431976,70.0
687,2.2554843,4.2173347,OAD,29.46186,30.0
688,3.9477317,7.7624264,IAD,37.23063,84.0
689,3.8226838,12.316224,IAD,44.004723,91.0
690,3.0406642,29.493784,OAD,21.762629,94.0
691,1.4500945,0.6250494,OAD,55.558525,96.0
692,4.054084,28.303812,IAD,34.64386,87.0
693,4.4692564,18.052458,IAD,43.242226,95.0
694,3.8247654,17.471897,IAD,44.546234,93.0
695,3.5805054,24.173368,IAD,53.92009,97.0
696,8.72565,60.540287,IAD,43.09976,95.0
697,8.798223,54.694992,IAD,36.73703,96.0
698,4.1562686,12.822447,IAD,57.523308,96.0
699,0.8221921,0.24195643,OAD,40.216167,89.0
700,4.3795567,20.37697,IAD,60.723965,96.0
701,3.2415323,27.276255,OAD,32.626377,70.0
702,3.1297278,4.053302,OAD,25.206223,94.0
703,3.0235865,22.833511,OAD,32.36675,95.0
704,3.0235865,22.833511,OAD,32.36675,91.0
705,1.6213791,53.344574,OAD,34.629456,85.0
706,3.038052,32.588898,OAD,41.59615,85.0
707,4.171255,16.040226,IAD,57.089443,94.0
708,3.4822278,20.107754,IAD,21.679743,78.0
709,2.7682726,32.762024,OAD,32.5728,80.0
710,4.387659,14.869052,IAD,59.431755,90.0
711,1.5859214,0.72240096,OAD,21.691856,61.0
712,2.6063855,10.751891,OAD,56.74994,82.0
713,3.328205,22.449772,IAD,17.666008,46.0
714,2.3476975,1.5599134,OAD,21.059984,92.0
715,2.9049628,25.767826,OAD,22.513456,75.0
716,2.9875517,38.390553,OAD,45.811028,94.0
717,3.4756672,34.774353,IAD,43.04417,86.0
718,2.6512403,41.505363,OAD,45.92045,61.0
719,4.277546,28.077826,IAD,35.552315,40.0
720,3.8864636,32.40485,IAD,46.53996,5.0
721,4.5570855,28.510654,IAD,47.598907,94.0
722,2.7526531,43.184475,OAD,43.441944,51.0
723,2.8821719,47.599655,OAD,33.782417,84.0
724,4.1624255,65.07679,IAD,67.2624,72.0
725,2.6527393,38.52014,OAD,30.1541,95.0
726,2.6229336,46.676327,OAD,28.27338,81.0
727,3.3181527,15.293482,IAD,57.655006,95.0
728,2.8556557,2.5312135,OAD,54.602486,87.0
729,2.5742686,4.4589515,OAD,57.213806,93.0
730,4.1560674,23.953272,IAD,59.52904,98.0
731,3.2285938,30.797045,OAD,47.019566,84.0
732,4.2376547,25.265678,IAD,59.586044,79.0
733,4.46139,10.594756,IAD,65.38502,98.0
734,2.7256887,65.32293,OAD,53.5029,61.0
735,2.395707,2.9823704,OAD,39.825733,88.0
736,1.6290857,0.76031727,OAD,21.137556,91.0
737,3.038052,32.588898,OAD,41.59615,77.0
738,10.184785,9.096208,IAD,33.718216,80.0
739,10.184785,9.096208,IAD,33.718216,72.0
740,0.48520717,0.09927064,OAD,30.14305,0.0
741,2.808972,36.934372,OAD,40.575485,53.0
1447,2.8996625,86.58564,OAD,58.18548,1.0
1448,3.8553636,35.888577,IAD,44.268883,5.0
1449,3.924715,18.393663,IAD,48.570827,42.0
1450,4.0374427,22.143599,IAD,52.135685,60.0
1451,4.0909753,23.66328,IAD,53.06076,98.0
1452,3.9449646,12.797703,IAD,55.436646,98.0
1453,5.2801113,28.383509,IAD,49.439686,60.0
1454,4.126027,17.1723,IAD,49.17087,52.0
1455,3.9449646,12.797703,IAD,55.436646,59.0
1456,2.2977343,62.308075,OAD,59.384773,95.0
1457,8.8725815,48.672157,IAD,59.58416,96.0
1458,3.6210206,8.686042,IAD,55.6228,92.0
1459,16.81449,45.558865,IAD,56.60053,98.0
1460,10.991859,75.29836,IAD,55.077984,90.0
1461,4.503397,37.007576,IAD,56.054996,96.0
1462,2.3241026,87.89218,OAD,48.72346,84.0
1463,1.9216282,2.030468,OAD,62.5161,98.0
1464,3.6806896,15.772711,IAD,57.16394,75.0
1465,7.547069,32.017815,IAD,50.283104,89.0
1466,4.8848214,22.370205,IAD,50.849052,84.0
1467,7.302734,85.00411,IAD,53.072186,93.0
1468,3.6690414,9.114234,IAD,63.740482,94.0
1469,2.179118,79.4645,OAD,53.750393,94.0
1470,3.4262424,17.104906,IAD,47.61648,82.0
1471,5.712506,66.1613,IAD,51.797432,58.0
1472,1.872373,75.397484,OAD,54.827534,59.0
1473,4.6691146,68.688156,IAD,52.822598,88.0
1474,3.5994458,67.17881,IAD,66.471054,95.0
1475,1.3093517,71.00471,OAD,67.19346,92.0
1476,13.635927,47.210846,IAD,61.24155,94.0
1477,4.398663,22.339716,IAD,62.89092,94.0
1478,3.982882,15.303726,IAD,55.32298,88.0
1479,9.222351,36.461124,IAD,58.491405,92.0
1480,5.026527,19.025126,IAD,40.166134,81.0
1481,2.5749917,46.83507,OAD,54.342865,92.0
1482,4.7017837,32.676006,IAD,65.50952,95.0
1483,3.8387911,36.038486,IAD,59.320732,96.0
1484,4.5546813,20.182322,IAD,58.993427,91.0
1485,2.508747,69.0559,OAD,58.20832,94.0
1486,3.367534,7.9576354,IAD,47.033222,85.0
1487,3.3082433,5.838086,IAD,54.440243,81.0
1488,6.314054,32.544666,IAD,65.361946,90.0
1489,10.016129,60.648434,IAD,45.478592,91.0
1490,3.407983,58.453587,IAD,58.136753,93.0
1491,3.6436238,37.379585,IAD,58.1529,96.0
1492,5.917975,65.85353,IAD,70.56264,96.0
1493,7.070009,18.59049,IAD,51.00625,64.0
1494,7.413279,44.319534,IAD,55.683517,95.0
1495,5.848455,70.06622,IAD,65.32391,95.0
1496,2.2844906,38.32019,OAD,53.295376,63.0
1497,7.772887,42.24347,IAD,49.11826,76.0
1498,5.5988665,54.811047,IAD,54.539753,91.0
1499,5.4925027,45.32757,IAD,67.784195,88.0
1500,2.7782967,51.75003,OAD,69.46649,93.0
1501,5.2162476,62.02047,IAD,52.233475,98.0
1502,5.288847,46.060154,IAD,53.389584,98.0
1503,5.3246994,63.754116,IAD,53.304295,98.0
1504,4.5977173,62.71228,IAD,59.409393,95.0
1505,6.0268154,53.614956,IAD,54.60456,64.0
1506,4.8140097,64.97539,IAD,48.97469,95.0
1507,4.704645,50.7126,IAD,61.789448,95.0
1508,4.474305,38.431217,IAD,53.82977,64.0
1509,2.8874233,3.9947667,OAD,44.26446,75.0
1510,4.6995535,24.600727,IAD,46.533855,70.0
1511,6.6521,17.738487,IAD,53.11785,82.0
1512,2.2770553,62.050797,OAD,49.810234,80.0
1513,3.9165928,43.576473,IAD,47.419987,79.0
1514,3.5112183,28.685715,IAD,46.436577,74.0
1515,2.4346354,96.54951,OAD,45.054226,78.0
1516,3.234227,94.668945,OAD,41.002663,76.0
1517,3.9968598,54.185253,IAD,46.217003,77.0
1518,1.8623796,54.890106,OAD,23.812784,80.0
1519,5.2860637,66.90932,IAD,51.619225,77.0
1520,2.636464,96.99688,OAD,41.08102,83.0
1521,3.9465313,51.227047,IAD,42.448853,74.0
1522,4.344235,25.168003,IAD,41.501667,65.0
1523,3.3124387,63.86541,IAD,55.642273,35.0
1524,2.3446593,15.667517,OAD,47.32894,56.0
1525,6.1471696,53.48359,IAD,53.388634,80.0
1526,9.34072,36.110638,IAD,53.564915,63.0
1527,3.769752,3.9341023,IAD,44.902508,1.0
1528,3.5077667,50.345062,IAD,62.151627,80.0
1529,5.0542183,50.31475,IAD,49.694347,82.0
1530,3.805482,45.23939,IAD,50.70963,82.0
1531,4.2775884,55.01103,IAD,52.111275,53.0
1532,3.3881056,53.94695,IAD,65.13761,67.0
1533,3.5077667,50.345062,IAD,62.151627,90.0
1534,6.1471696,53.48359,IAD,53.388634,82.0
1535,5.0542183,50.31475,IAD,49.694347,35.0
1536,3.805482,45.23939,IAD,50.70963,41.0
1537,3.6958919,54.304646,IAD,56.740242,70.0
1538,5.5563245,7.730043,IAD,38.134712,96.0
1539,5.5563245,7.730043,IAD,38.134712,98.0
1540,5.5563245,7.730043,IAD,38.134712,36.0
1541,5.36898,6.9057903,IAD,37.953262,86.0
1542,5.5563245,7.730043,IAD,38.134712,0.0
1543,5.495779,8.849869,IAD,38.07084,94.0
1544,5.8696523,11.647117,IAD,43.54008,99.0
1545,4.6862545,29.14767,IAD,44.049927,95.0
1546,3.6309884,43.016758,IAD,55.67704,94.0
1547,5.403609,15.333421,IAD,36.904114,86.0
1548,4.79773,33.081303,IAD,61.20309,86.0
1549,5.4982524,15.989679,IAD,50.745335,92.0
1550,5.7186317,15.93596,IAD,41.509,87.0
1551,6.196933,21.040726,IAD,44.447567,96.0
1552,5.486649,12.919898,IAD,42.783165,85.0
1553,5.0825915,6.8953953,IAD,40.75991,48.0
1554,4.2898445,5.4809475,IAD,50.532364,94.0
1555,5.151385,12.466943,IAD,48.434753,99.0
1556,4.36746,42.49984,IAD,52.849686,99.0
1557,5.9032593,29.838762,IAD,36.708443,75.0
1558,5.8080225,38.775475,IAD,38.514557,86.0
1559,5.231651,11.817012,IAD,24.092485,88.0
1560,4.6728506,18.804945,IAD,44.616497,88.0
1561,5.2769184,27.008781,IAD,42.7492,99.0
1562,2.8813741,32.52662,OAD,28.980066,2.0
1563,2.9810724,30.281225,OAD,27.660652,0.0
1564,3.3318284,29.008886,IAD,19.105707,0.0
1565,2.5777414,40.438526,OAD,29.057878,14.0
1566,2.50542,34.521935,OAD,31.555588,75.0
1567,3.408059,47.901524,IAD,23.744781,20.0
1568,2.5292885,44.697563,OAD,28.41198,71.0
1569,2.2484715,43.254234,OAD,26.28355,79.0
1570,14.636479,60.71584,IAD,22.964205,87.0
1571,2.8037498,30.043491,OAD,23.260206,82.0
1572,13.755854,62.555164,IAD,24.857582,44.0
1573,9.603253,69.17343,IAD,25.095387,26.0
1574,15.587384,62.738144,IAD,43.768757,0.0
1575,9.990837,72.82786,IAD,33.274323,0.0
1576,17.184542,55.061592,IAD,25.434563,14.0
1577,15.092811,51.657787,IAD,37.48832,0.0
1578,18.28532,46.706253,IAD,23.23737,81.0
1579,11.0649395,67.71753,IAD,25.26745,80.0
1580,17.895298,50.41498,IAD,28.268147,77.0
1581,17.92848,45.22018,IAD,27.070902,90.0
1582,17.450262,45.710358,IAD,46.759235,82.0
1583,18.59694,56.884594,IAD,45.28634,90.0
1584,17.31331,49.656483,IAD,27.7353,87.0
1585,14.84239,60.626785,IAD,16.286488,96.0
1586,13.763821,62.6979,IAD,43.922604,93.0
1587,16.850021,61.800274,IAD,49.880642,82.0
1588,18.369848,47.485405,IAD,23.101273,82.0
1589,13.882402,63.1768,IAD,21.333763,88.0
1590,17.055164,51.124374,IAD,31.015953,82.0
1591,17.522963,57.90881,IAD,17.89386,88.0
1592,18.289227,39.739906,IAD,46.47666,77.0
1593,14.190547,62.46735,IAD,25.56756,66.0
1594,8.124181,74.4757,IAD,24.978722,91.0
1595,11.081812,70.254425,IAD,49.829338,80.0
1596,12.068243,67.47348,IAD,47.315712,79.0
1597,14.02227,61.54524,IAD,42.587135,80.0
1598,11.604376,67.56766,IAD,49.465027,86.0
1599,5.96482,79.09272,IAD,46.89441,52.0
1600,11.463211,68.48249,IAD,48.107388,88.0
1601,15.935289,56.1204,IAD,52.864147,78.0
1602,15.649633,59.03901,IAD,53.42509,89.0
1603,11.760738,64.699,IAD,38.926407,75.0
1604,16.140795,53.48572,IAD,26.010077,89.0
1605,9.1396675,69.423294,IAD,18.148664,65.0
1606,16.115767,55.418594,IAD,49.326935,75.0
1607,14.64527,57.174313,IAD,57.500122,76.0
1608,10.658804,67.90984,IAD,43.063297,94.0
1609,14.084549,61.845097,IAD,41.648937,81.0
1610,14.78304,58.800793,IAD,45.119244,91.0
1611,14.271823,67.474754,IAD,53.983677,89.0
1612,10.617424,69.66014,IAD,46.99702,84.0
1613,13.42425,69.91691,IAD,55.398865,99.0
1614,13.907024,61.05116,IAD,40.465954,82.0
1615,10.995725,67.22039,IAD,43.931835,98.0
1616,6.0177875,78.41295,IAD,30.98079,92.0
1617,11.203973,71.058556,IAD,42.554066,99.0
1618,15.973593,57.553562,IAD,47.626286,98.0
1619,9.774909,70.080055,IAD,43.555405,67.0
1620,7.9822907,75.367805,IAD,48.612255,95.0
1621,9.205453,71.64743,IAD,44.57723,95.0
1622,8.004585,74.09441,IAD,51.414505,90.0
1623,8.256867,74.37438,IAD,49.009117,99.0
1624,8.5550585,74.85277,IAD,47.70665,96.0
1625,11.037033,68.82034,IAD,49.534756,68.0
1626,11.592847,67.74449,IAD,53.81659,86.0
1627,9.605759,70.190094,IAD,43.29512,80.0
1628,11.962423,64.51429,IAD,46.413883,93.0
1629,8.728831,73.15632,IAD,45.002396,46.0
1630,8.065481,74.91815,IAD,54.415718,91.0
1631,5.546696,77.627174,IAD,48.476772,90.0
1632,4.865399,75.881134,IAD,55.53435,95.0
1633,4.606831,77.02283,IAD,55.096485,86.0
1634,5.2632117,74.92762,IAD,51.70487,82.0
1635,5.6675024,74.69919,IAD,47.645065,83.0
1636,7.629906,73.76559,IAD,49.598503,99.0
1637,5.1346474,77.17891,IAD,51.30425,89.0
1638,6.077873,79.69499,IAD,67.20042,81.0
1639,5.4818716,76.69694,IAD,61.06161,90.0
1640,6.0341516,80.77125,IAD,70.07165,74.0
1641,9.220411,77.08618,IAD,65.02566,98.0
1642,4.935875,76.74238,IAD,58.46116,97.0
1643,5.172407,76.73029,IAD,59.757423,95.0
1644,6.758165,73.10819,IAD,50.63026,99.0
1645,5.40705,78.732735,IAD,54.27219,99.0
1646,5.1503973,78.083534,IAD,56.63035,82.0
1647,7.3331614,74.89547,IAD,60.691788,88.0
1648,4.835715,79.86042,IAD,61.624313,82.0
1649,4.9907413,80.03089,IAD,63.131912,93.0
1650,5.859205,77.834274,IAD,63.78636,62.0
1651,8.242066,74.63681,IAD,60.69256,72.0
1652,5.62399,77.628006,IAD,64.965614,60.0
1653,8.009647,74.704315,IAD,62.00918,92.0
1654,5.0716386,78.34939,IAD,49.890606,47.0
1655,5.006122,79.02559,IAD,50.692135,91.0
1656,5.68186,81.78044,IAD,72.07836,78.0
1657,4.9546785,77.11387,IAD,56.406193,91.0
1827,4.4374146,12.908989,IAD,60.55059,17.0
1828,3.8652918,12.3181095,IAD,57.945377,94.0
1829,5.350534,25.552353,IAD,60.68055,99.0
1830,6.185232,38.554924,IAD,54.05625,49.0
1831,3.454764,31.481983,IAD,64.30776,98.0
1832,4.9082665,42.641624,IAD,61.370495,96.0
1833,2.9871166,20.780632,OAD,44.66285,95.0
1834,4.1407,26.41261,IAD,58.012108,95.0
1835,3.321061,37.98764,IAD,53.176624,93.0
1836,4.782945,17.621725,IAD,63.006157,49.5
1837,4.0818353,39.416676,IAD,67.56334,76.0
1838,3.8494678,32.46822,IAD,67.31924,32.8
1839,6.0451827,64.41362,IAD,72.70866,45.0
1840,7.039655,73.71682,IAD,74.410774,0.0
1841,3.2889524,32.456066,OAD,78.248856,12.0
1842,2.4872344,12.764547,OAD,51.01951,20.0
1843,5.350534,25.552353,IAD,60.68055,72.0
1844,5.79381,23.104525,IAD,58.87768,78.0
1845,3.2596455,14.408108,OAD,58.512882,92.0
1846,3.7287743,34.24741,IAD,57.69176,55.0
1847,2.753723,31.778774,OAD,62.204502,88.0
1848,4.895495,47.440735,IAD,66.27824,60.0
1849,4.067047,38.89636,IAD,67.96192,82.0
1850,5.4230843,32.525173,IAD,56.692863,74.0
1851,3.904353,30.594069,IAD,61.284855,92.0
1852,3.570035,24.821646,IAD,59.911644,72.0
1853,3.2666056,33.97454,OAD,58.02191,91.0
1854,4.3180027,33.28682,IAD,61.365036,53.0
1855,4.7843866,36.188576,IAD,60.459114,85.0
1856,5.4696336,37.089104,IAD,55.019833,95.0
1857,5.9338784,17.873196,IAD,57.706863,55.0
1858,4.2720084,26.237755,IAD,58.184372,88.0
1859,5.361751,51.32057,IAD,58.33955,92.0
1860,6.924782,37.67453,IAD,48.721252,74.0
1861,7.454331,77.72048,IAD,38.636333,99.0
1862,3.6173425,91.640434,IAD,67.91117,92.0
1863,4.6459684,40.23822,IAD,57.021893,92.0
1864,3.3509805,16.342634,IAD,59.73956,95.0
1865,3.2191746,21.829206,OAD,56.348312,84.0
1866,3.3850238,21.595028,IAD,44.351173,56.0
1867,3.988355,19.822237,IAD,50.38762,84.0
1868,3.6035087,17.130844,IAD,59.895493,95.0
1869,3.281966,18.61127,OAD,55.217857,82.0
1870,3.1851943,20.324036,OAD,50.070213,91.0
1871,2.8042278,30.938793,OAD,45.10234,92.0
1872,2.9879992,12.028879,OAD,51.236935,97.0
1873,3.1399937,29.922167,OAD,60.13676,81.0
1874,4.0615306,38.140263,IAD,60.508953,90.0
1875,5.050772,47.426945,IAD,69.496635,78.0
1876,3.6003911,14.958471,IAD,49.408146,75.0
1877,4.9473653,14.854879,IAD,42.72375,95.0
1878,7.0096607,40.815468,IAD,45.492672,66.0
1879,4.898964,21.651016,IAD,52.21549,66.0
1880,6.1877794,31.736095,IAD,50.8373,88.0
1881,4.571324,31.579962,IAD,62.877563,77.4
1882,3.2572007,6.1910834,OAD,27.735271,77.0
1883,2.1433015,1.6023859,OAD,31.152044,74.0
1884,3.4643676,7.9487534,IAD,24.845755,47.0
1885,3.250635,19.138721,OAD,23.58721,33.0
1886,3.0030124,12.597365,OAD,33.86198,84.0
1887,2.6454756,18.466076,OAD,29.640804,50.0
1888,2.781006,10.409548,OAD,36.53235,60.0
1889,3.2601414,7.0812955,OAD,26.484432,66.0
1890,2.6552541,24.214235,OAD,40.740974,56.0
1891,2.5750484,4.2201586,OAD,23.363832,75.0
1892,2.241712,1.912892,OAD,21.00984,95.0
1893,2.6781788,12.805549,OAD,38.719772,86.0
1894,3.017735,20.257557,OAD,43.67505,45.0
1895,2.0007775,1.1202508,OAD,27.947826,53.0
1896,4.6641273,7.767316,IAD,29.139925,78.0
1897,3.600536,15.472887,IAD,23.043938,50.0
1898,3.344233,4.234401,IAD,32.53565,65.0
1899,3.0329657,11.634267,OAD,39.074356,15.0
1900,3.1317573,13.14341,OAD,38.855103,48.0
1901,3.6937222,16.221699,IAD,37.40314,67.0
1902,0.26582497,0.03317668,OAD,27.570412,0.0
1903,0.5979484,0.13885646,OAD,37.0425,0.0
1904,2.6149263,5.6991982,OAD,35.018093,15.0
1905,2.5306027,5.557251,OAD,19.489151,0.0
1906,3.6937222,16.221699,IAD,37.40314,0.0
1907,3.1362238,9.524726,OAD,31.15387,0.0
1908,5.3579326,38.551544,IAD,43.214775,0.0
1909,3.6937222,16.221699,IAD,37.40314,59.15
1910,3.0030124,12.597365,OAD,33.86198,84.0
1994,7.9581127,39.40755,IAD,74.61322,18.0
1995,7.2149467,71.30836,IAD,55.038948,36.0
1996,2.9380147,81.800644,OAD,55.756622,78.0
1997,6.878422,43.981544,IAD,54.362186,97.0
1998,6.563687,53.55518,IAD,47.947723,96.0
1999,5.489185,25.30154,IAD,40.085747,98.0
2000,6.5932903,28.500435,IAD,53.911983,85.0
2001,6.471411,34.637333,IAD,50.447014,82.0
2002,5.2251906,22.435228,IAD,37.14156,70.0
2003,8.367054,38.81933,IAD,35.774345,71.0
2004,8.007846,38.746983,IAD,35.91462,73.0
2005,5.351797,20.0875,IAD,37.5507,54.0
2006,8.401204,44.760136,IAD,28.436424,58.0
2007,4.5182233,34.220776,IAD,36.285774,55.0
2008,4.219686,12.522379,IAD,37.156006,10.0
2009,3.830226,13.079769,IAD,35.26929,0.0
2010,6.8679857,32.692856,IAD,30.804264,6.0
2011,5.2251906,22.435228,IAD,37.14156,67.0
2012,1.9589369,6.871771,OAD,30.377947,4.0
2013,5.489185,25.30154,IAD,40.085747,95.0
2014,6.0704846,58.942394,IAD,44.83176,90.0
2015,1.3820171,93.3839,OAD,99.968506,26.0
2016,1.6264143,94.92047,OAD,77.75168,30.0
2017,1.5862719,94.41261,OAD,81.92059,45.0
2018,1.3032414,92.89969,OAD,80.304085,54.0
2019,1.3845727,92.79775,OAD,67.34677,61.0
2020,1.4014655,93.05591,OAD,66.096275,96.0
2021,1.1899024,91.44541,OAD,76.99903,41.0
2022,1.2386616,92.29775,OAD,64.7861,20.0
2023,1.1941894,92.103264,OAD,58.573208,99.0
2024,3.9060233,85.086685,IAD,58.370434,97.0
2025,1.6075395,89.972404,OAD,61.30146,94.0
2026,3.6502628,80.65337,IAD,61.160297,89.0
2027,5.54778,57.012497,IAD,61.62567,86.0
2028,6.0704846,58.942394,IAD,44.83176,90.0
2029,4.7205744,71.25052,IAD,62.46343,99.0
2030,4.2009816,71.03926,IAD,58.76058,90.0
2031,8.372212,26.258299,IAD,44.43889,99.0
2032,8.2137575,59.541477,IAD,38.122738,97.0
2033,9.590146,54.685757,IAD,46.55999,99.0
2034,6.8406672,63.985104,IAD,56.877808,76.0
2035,5.489185,25.30154,IAD,40.085747,95.0
2036,3.0205102,7.4834256,OAD,41.502655,99.0
2037,4.7318454,15.688727,IAD,40.009785,99.0
2038,6.4719524,56.811565,IAD,40.34382,99.0
2039,5.710791,64.95172,IAD,43.193928,98.0
2040,5.710791,64.95172,IAD,43.193928,92.0
2041,5.710791,64.95172,IAD,43.193928,97.0
2042,6.543096,32.255344,IAD,43.3533,99.0
2043,5.0480976,41.060646,IAD,51.324272,85.0
2044,3.0375502,11.4640045,OAD,42.202187,92.0
2045,5.2344213,36.272293,IAD,48.356316,99.0
2046,9.105906,47.417717,IAD,58.88064,99.0
2047,9.790524,50.605656,IAD,59.798523,99.0
2048,7.1789956,40.53555,IAD,32.07094,61.0
2049,7.571118,44.326515,IAD,32.48017,82.0
2050,4.3828692,40.698704,IAD,38.45493,67.0
2051,2.3477626,70.63252,OAD,49.613083,70.4
2052,7.4635334,29.466805,IAD,37.708908,82.0
2053,7.3523436,54.564037,IAD,54.68877,80.0
2054,8.97304,51.751335,IAD,52.18033,92.0
2055,7.6833553,34.547867,IAD,48.775654,87.0
2056,5.3552585,61.746105,IAD,55.550205,83.0
2057,8.64397,37.40279,IAD,52.014133,90.0
2058,8.766582,66.119354,IAD,44.631187,94.0
2059,4.148056,77.80381,IAD,55.61606,74.0
2060,2.4633324,87.038994,OAD,71.34304,86.0
2061,2.6615915,85.508965,OAD,67.37684,80.0
2062,6.568387,69.101906,IAD,61.389595,99.0
2063,6.135564,49.85321,IAD,45.923256,66.75
2064,9.738552,62.452286,IAD,52.241573,98.0
2065,4.34932,12.912288,IAD,40.98798,82.0
2066,5.512877,49.521713,IAD,49.831707,69.0
2067,2.851766,6.418642,OAD,42.978,61.0
2068,9.130917,50.302666,IAD,61.08472,73.0
2069,2.6864393,6.697435,OAD,29.622799,69.0
2070,4.03014,75.21799,IAD,44.68357,70.0
2071,11.834702,56.396606,IAD,60.425846,89.0
2072,9.127663,54.4581,IAD,58.69019,99.0
2073,7.8836884,65.40663,IAD,73.68071,80.0
2074,7.6507545,63.51197,IAD,63.75732,55.0
2075,3.793521,46.45011,IAD,70.856895,64.0
2076,7.8892517,69.41541,IAD,61.73199,54.0
2077,7.8836884,65.40663,IAD,73.68071,0.0
2078,7.076838,54.77345,IAD,72.49532,13.0
2079,4.583078,75.44555,IAD,58.94747,14.0
2080,2.4547791,83.642235,OAD,63.98384,0.0
2081,7.8836884,65.40663,IAD,73.68071,90.0
2082,7.8836884,65.40663,IAD,73.68071,71.0
2083,3.0108447,87.28378,OAD,76.26545,67.0
2084,1.8261852,91.031586,OAD,80.18836,84.0
2085,6.8257537,31.837929,IAD,55.692497,39.0
2086,1.7490673,91.66687,OAD,67.79376,55.0
2087,4.592895,33.209316,IAD,60.91806,67.0
2088,4.4986057,41.74705,IAD,63.327377,72.0
2089,4.8227563,60.63378,IAD,71.7172,88.0
2090,4.543712,50.89939,IAD,70.88862,84.0
2091,3.146313,49.29531,OAD,65.65652,81.0
2092,2.6721332,57.523098,OAD,61.582447,70.0
2093,6.4173565,60.921783,IAD,83.98404,71.0
2094,4.9385505,64.37912,IAD,75.92253,86.0
2095,6.480664,69.673515,IAD,83.83806,87.0
2096,4.2291255,57.30696,IAD,65.288185,82.0
2097,6.897781,10.945082,IAD,49.17839,70.0
2098,4.1263213,25.285868,IAD,60.2164,82.0
2099,0.42863628,0.05597864,OAD,25.555958,0.0
2100,4.401695,54.356083,IAD,69.46173,70.0
2101,4.2292385,44.222107,IAD,68.657,72.0
2102,5.9233646,39.115524,IAD,64.27586,55.0
2103,3.6445854,43.66987,IAD,66.89502,72.0
2229,6.3251157,36.738945,IAD,68.26342,88.0
2230,5.349372,17.250868,IAD,68.71482,88.0
2231,4.883485,22.846567,IAD,71.80847,87.0
2232,4.903629,24.720325,IAD,64.63937,86.0
2233,3.93044,35.26252,IAD,66.321655,89.0
2234,4.5071464,18.015501,IAD,65.96903,89.0
2235,3.0558689,67.168396,OAD,69.39924,85.0
2236,4.009676,17.406948,IAD,53.397995,46.0
2237,7.6762247,64.50918,IAD,48.309193,50.0
2238,3.2590952,71.243515,OAD,73.41663,48.0
2239,3.774708,24.164808,IAD,53.160763,45.0
2240,3.6213074,46.497597,IAD,50.893063,38.0
2241,3.4829922,20.683968,IAD,61.965363,71.0
2242,3.1608346,13.017989,OAD,39.862297,72.0
2243,3.2094884,17.250525,OAD,66.68995,36.0
2244,0.07561583,0.0047254297,OAD,53.55482,14.0
2245,4.56173,18.361103,IAD,72.691734,92.0
2246,4.5697265,24.498943,IAD,75.96959,88.0
2247,4.255553,22.480453,IAD,68.63912,90.0
2248,4.332327,15.157908,IAD,83.39309,95.0
2249,3.8538532,15.012804,IAD,57.948128,96.0
2250,3.4312217,49.41313,IAD,71.06445,93.0
2251,4.551721,25.57461,IAD,75.700035,90.0
2252,3.8504887,31.364498,IAD,51.73927,92.0
2253,4.015269,47.651226,IAD,75.49992,96.0
2254,3.152332,25.147636,OAD,60.759552,92.0
2255,3.5928373,44.262405,IAD,72.06026,94.0
2256,4.7390976,16.278116,IAD,69.47144,92.0
2257,3.8087952,22.118105,IAD,72.146965,96.0
2258,2.8750427,41.490524,OAD,67.33456,84.0
2259,2.6773417,36.840595,OAD,64.67128,82.0
2260,4.432007,23.383276,IAD,65.20204,93.0
2261,4.830754,32.44072,IAD,80.59104,92.0
2262,4.1907144,35.21821,IAD,74.867676,92.0
2263,3.3512135,3.450312,IAD,63.804504,92.0
2264,2.5480177,39.64892,OAD,66.42587,84.0
2265,4.7294717,22.494192,IAD,71.94702,72.0
2266,3.6062667,16.936314,IAD,64.82499,52.0
2267,2.465762,37.584435,OAD,69.20577,68.0
2268,4.714872,49.882195,IAD,58.08612,95.0
2269,1.8348165,59.361603,OAD,46.08458,96.0
2270,2.4011335,47.540154,OAD,32.635857,93.0
2271,4.9659476,33.75885,IAD,79.03671,92.0
2272,3.1962008,20.778744,OAD,61.64919,94.0
2273,5.2676096,21.61031,IAD,68.50417,95.0
2274,3.8032064,50.431217,IAD,73.718765,94.0
2275,4.0220804,44.117508,IAD,73.83199,96.0
2276,4.0679092,29.89881,IAD,73.097084,94.0
2277,3.561923,67.46663,IAD,71.45677,95.0
2278,3.7162313,32.934875,IAD,73.85114,90.0
2279,3.7024753,17.541607,IAD,62.700188,93.0
2280,3.6742096,16.065018,IAD,63.377148,92.0
2281,7.269631,24.172686,IAD,48.50008,80.0
2282,2.9446204,29.135687,OAD,48.583397,84.0
2283,3.2624893,12.907774,OAD,48.774254,82.0
2284,4.87552,26.848526,IAD,73.37312,91.0
2285,4.175853,26.002804,IAD,73.449066,88.0
2286,5.1500883,50.11517,IAD,76.01385,76.0
2287,3.1822295,36.216976,OAD,78.960884,34.0
2288,3.6263835,15.471816,IAD,57.421535,90.0
2289,3.3507874,8.412785,IAD,59.3621,76.0
2290,3.7937102,28.523003,IAD,67.16832,96.0
2291,4.846848,49.45612,IAD,60.40019,90.0
2292,3.8546154,20.450304,IAD,66.76728,96.0
2293,4.794202,35.673836,IAD,66.83494,90.0
2294,3.0778759,36.237263,OAD,55.83352,90.0
2295,2.4642744,40.282482,OAD,63.966206,86.0
2296,3.3936656,21.439667,IAD,64.44136,92.0
2297,2.5842268,38.200897,OAD,69.37618,92.0
2298,3.0004084,20.324389,OAD,59.222454,72.0
2299,4.242716,32.485386,IAD,78.848976,94.0
2300,3.038014,66.36107,OAD,66.48562,92.0
2301,2.358966,55.384834,OAD,61.700287,94.0
2302,2.2378206,42.472633,OAD,70.56006,96.0
2303,2.6599095,52.837982,OAD,70.77499,96.0
2304,3.4752803,29.171307,IAD,55.308365,96.0
2305,7.1541247,59.007217,IAD,58.68329,95.0
2306,2.956091,52.0655,OAD,63.183582,94.0
2307,2.0146215,70.11018,OAD,59.433098,96.0
2308,3.1390328,47.68666,OAD,58.909843,88.0
2309,4.1962147,18.872513,IAD,38.91557,15.0
2310,3.4129193,8.587578,IAD,28.13138,16.0
2311,1.3479736,0.67095596,OAD,31.106447,74.0
2312,6.361835,12.568316,IAD,10.235027,10.0
2313,4.268812,8.289793,IAD,29.32017,75.0
2314,4.135155,10.603264,IAD,32.283337,62.0
2315,3.9672549,13.590178,IAD,34.099648,74.0
2316,4.069276,11.760709,IAD,30.127716,73.0
2317,4.3378844,14.898926,IAD,31.457895,56.0
2318,4.5146437,42.4685,IAD,25.125319,86.0
2319,4.5503526,16.264622,IAD,36.04325,45.0
2320,4.139941,14.08131,IAD,39.880444,17.0
2321,4.7299776,27.76197,IAD,31.346914,66.0
2322,6.2135754,16.249397,IAD,31.15309,73.0
2323,6.132525,19.717642,IAD,32.731358,82.0
2324,7.3287787,16.217117,IAD,29.806501,92.0
2325,3.6929343,10.497969,IAD,32.255505,76.0
2326,0.0,0.0,OAD,16.214813,23.0
2327,4.585191,19.022049,IAD,32.790333,61.0
2328,0.0,0.0,OAD,29.894651,48.0
2329,1.7542259,0.7616096,OAD,26.354794,77.0
2330,4.02982,20.439423,IAD,34.98891,87.0
2331,5.0916643,15.972439,IAD,27.722116,88.0
2332,2.5949125,1.6779364,OAD,29.15293,92.0
2333,5.223226,9.957135,IAD,34.11835,21.0
2334,4.5116296,35.104523,IAD,38.029736,49.0
2335,5.1619654,23.635658,IAD,36.938297,65.0
2336,6.936487,41.521656,IAD,36.893963,69.0
2337,5.759462,50.575237,IAD,30.439447,92.0
2338,3.5087302,7.361409,IAD,33.0517,94.0
2339,1.4099408,0.6428466,OAD,35.999664,61.0
2340,2.86708,3.728363,OAD,34.57049,11.0
2341,2.760595,3.7583148,OAD,37.592068,84.0
2342,3.9609163,6.9832935,IAD,32.744865,78.0
2343,2.7966166,4.639988,OAD,32.30598,49.0
2344,7.366857,11.926281,IAD,29.059935,29.0
2345,2.5645351,3.623628,OAD,29.797894,65.0
2346,0.7083988,0.22381215,OAD,18.88886,48.0
2347,0.3549341,0.07160713,OAD,12.367952,38.0
2348,6.809615,13.45902,IAD,28.875504,91.0
2349,11.300809,39.090675,IAD,15.27315,87.0
2350,5.3444567,65.049644,IAD,30.965704,92.0
2351,12.386384,44.69985,IAD,21.341902,85.0
2352,9.410041,58.63729,IAD,44.443474,95.0
2353,8.21655,13.861189,IAD,56.307,95.0
2354,7.679516,64.41327,IAD,26.525341,92.0
2355,9.772666,56.03932,IAD,66.073364,91.0
2356,10.286487,60.852413,IAD,51.565548,82.0
2357,7.1275826,51.774143,IAD,31.70265,73.0
2358,8.994335,37.74126,IAD,54.570286,60.0
2359,12.330333,51.06638,IAD,24.189445,97.0
2360,3.4498885,74.75188,IAD,18.976261,81.0
2361,8.59235,59.015137,IAD,57.609436,70.0
2362,4.373725,4.460362,IAD,16.866375,50.0
2363,6.854218,12.351865,IAD,13.859065,67.0
2364,3.7040844,5.966402,IAD,12.0078535,82.0
2365,8.585619,40.093433,IAD,58.96928,64.0
2366,6.117696,15.097467,IAD,30.27214,97.0
2367,3.3756385,3.172528,IAD,54.829514,79.0
2368,6.055782,9.57816,IAD,57.28266,97.0
2369,8.743335,60.793694,IAD,65.26654,97.0
2370,8.060605,67.80802,IAD,35.467827,66.0
2371,10.718595,54.278046,IAD,30.258772,49.0
2372,3.9725537,65.60641,IAD,32.826614,72.0
2373,6.7304645,52.036217,IAD,57.09255,93.0
2374,6.071436,48.136105,IAD,57.428272,77.0
2375,7.678224,23.401348,IAD,50.688885,91.0
2376,10.394889,29.224539,IAD,56.97528,95.0
2377,6.029093,45.94884,IAD,64.71368,78.0
2378,9.62471,31.191984,IAD,50.46505,81.0
2379,10.408026,24.045961,IAD,34.587246,90.0
2380,10.16319,25.760817,IAD,37.30092,82.0
2381,15.281793,39.780834,IAD,30.04246,86.0
2382,10.408026,24.045961,IAD,34.587246,72.0
2383,12.057666,39.048183,IAD,34.267998,83.0
2384,10.900737,38.409325,IAD,26.090803,85.0
2385,5.092058,56.271107,IAD,25.650724,68.0
2386,4.782271,47.040653,IAD,25.530546,91.0
2387,10.493729,60.71622,IAD,20.637266,79.0
2388,12.43977,56.53071,IAD,33.620724,92.0
2389,12.581209,56.167664,IAD,33.58578,90.0
2390,2.0336843,83.746994,OAD,23.395315,85.0
2391,12.923207,44.856167,IAD,28.775408,70.0
2392,2.3015451,80.18608,OAD,36.014465,76.0
2393,4.0389705,75.67026,IAD,24.146723,74.0
2394,6.6967673,14.458042,IAD,20.087063,65.0
2395,4.5313163,58.683483,IAD,49.63325,85.0
2396,8.267073,67.10407,IAD,62.781223,81.0
2397,9.654115,23.164238,IAD,28.885292,50.0
2481,6.463188,13.068757,IAD,17.67985,14.0
2482,4.917001,39.16365,IAD,21.775948,23.0
2483,9.294242,56.081116,IAD,21.84251,36.0
2484,4.5976787,23.775862,IAD,26.090515,20.0
2485,3.5808847,5.960903,IAD,23.209572,5.0
2486,3.4254565,15.9739685,IAD,19.670605,8.0
2487,0.5741581,0.107609846,OAD,23.123545,72.0
2488,0.41753832,0.053690452,OAD,24.373798,75.0
2489,0.6560173,0.15181991,OAD,22.473988,70.0
2490,0.0656442,0.00339818,OAD,23.275948,78.0
2491,0.6560173,0.15181991,OAD,22.473988,47.0
2492,0.0656442,0.00339818,OAD,23.275948,87.0
2493,4.351528,9.179736,IAD,16.164288,11.0
2494,3.1681461,41.588104,OAD,21.971483,25.0
2495,6.7799516,33.41787,IAD,20.555092,15.0
2496,3.2943885,11.801831,OAD,24.95897,21.0
2497,2.755919,2.9837544,OAD,19.55747,0.0
2498,3.528253,12.439185,IAD,19.1139,9.0
2499,2.9771068,3.7917235,OAD,24.133827,79.0
2500,3.4668474,7.068376,IAD,17.787952,82.0
2501,2.1659274,1.7286491,OAD,19.11428,23.0
2502,2.5099895,2.350803,OAD,24.539042,35.0
2503,0.41753832,0.053690452,OAD,24.373798,38.0
2504,3.9852974,6.923348,IAD,22.305208,35.0
2505,3.9265497,6.1563587,IAD,19.94264,33.0
2506,0.7316112,0.2262182,OAD,24.645842,44.0
2507,0.9503137,0.38487995,OAD,20.733973,45.0
2508,3.6579893,19.469727,IAD,25.534702,50.0
2509,0.0656442,0.00339818,OAD,23.275948,15.0
2510,0.3052818,0.03677467,OAD,14.047439,21.0
2511,1.3141696,0.52731353,OAD,20.763302,39.0
2512,4.028836,7.388905,IAD,17.557138,52.0
2513,0.047124255,0.0021590404,OAD,22.826843,53.0
2514,0.025741693,0.0011523552,OAD,23.684437,67.0
2515,3.585442,21.208954,IAD,14.435494,5.0
2516,0.5558476,0.10914693,OAD,13.879495,13.0
2517,0.111774415,0.007690859,OAD,21.897081,92.0
2518,0.6256484,0.1414964,OAD,33.210197,85.0
2519,2.0144112,1.4284501,OAD,17.654331,75.0
2520,0.0013603456,4.303933e-05,OAD,15.842525,79.0
2521,3.0542355,22.753342,OAD,23.144594,74.0
2522,1.8299614,1.2276285,OAD,16.56617,80.0
2523,3.5041401,24.22911,IAD,32.174915,81.0
2524,3.0543747,24.206903,OAD,21.652971,73.0
2525,4.429248,11.830089,IAD,17.208315,81.0
2526,2.2915843,1.7016993,OAD,23.147894,78.0
2527,2.2689924,1.7014397,OAD,25.433554,72.0
2528,2.3903162,1.3470134,OAD,22.974585,76.0
2529,2.0954115,1.6180757,OAD,22.554682,73.0
2530,4.2704134,14.231942,IAD,55.64628,73.0
2531,1.7347581,1.0508862,OAD,15.79004,83.0
2532,1.2763066,0.2664659,OAD,33.47759,79.0
2533,4.2828755,14.636098,IAD,17.467197,86.0
2534,5.3956304,8.560273,IAD,25.235775,68.0
2535,4.087141,16.300905,IAD,23.393572,74.0
2536,0.31435803,0.05360984,OAD,28.692347,78.0
2537,2.2381845,2.0026593,OAD,29.524244,81.0
2538,3.5202708,14.880551,IAD,15.930759,77.0
2539,3.5701363,13.115642,IAD,23.498108,73.0
2540,3.4872868,17.567953,IAD,31.370743,78.0
2541,4.85087,17.42489,IAD,20.837471,92.0
2542,3.609649,27.700333,IAD,14.785889,90.0
2543,3.6887474,24.919249,IAD,18.126389,74.0
2544,3.8413475,23.966368,IAD,31.813759,81.0
2545,3.8176422,32.490402,IAD,49.276703,78.0
2546,4.290888,29.535452,IAD,15.599121,82.0
2547,3.8723428,29.231985,IAD,23.792316,81.0
2548,6.788116,42.387005,IAD,44.98298,57.0
2549,4.2831435,16.431223,IAD,5.376633,54.0
2550,3.9347866,23.896666,IAD,18.623068,66.0
2551,3.4935403,28.517372,IAD,47.950665,77.0
2552,1.5828832,0.6973501,OAD,20.708084,72.0
2553,3.7204044,4.3141065,IAD,42.9689,73.0
2554,5.644659,12.140765,IAD,15.539757,58.0
2555,5.1454506,9.9200115,IAD,30.86413,61.0
2556,3.1886103,27.79934,OAD,25.360365,62.0
3035,3.9825308,6.341528,IAD,68.62917,0.0
3036,4.096606,9.501723,IAD,59.588303,0.0
3037,3.6710088,15.212779,IAD,64.30574,0.0
3038,3.8868523,10.580468,IAD,75.74317,24.0
3039,3.9240153,6.4282866,IAD,81.02123,15.0
3040,3.9031765,34.101776,IAD,76.852005,15.0
3041,3.8745084,30.54996,IAD,80.80208,96.0
3069,2.8466403,63.782013,OAD,53.817204,0.0
3070,1.8943574,61.71072,OAD,53.070538,0.0
3071,2.298402,59.927967,OAD,55.24287,0.0
3072,2.119164,60.287807,OAD,66.85165,0.0
3073,2.53421,63.356766,OAD,65.94109,0.0
3074,2.5618498,64.11365,OAD,50.681747,0.0
3075,2.0747383,64.80936,OAD,69.06765,0.0
3076,2.5475812,66.034096,OAD,71.53781,0.0
3077,3.095957,49.43347,OAD,65.29079,0.0
3078,3.095957,49.43347,OAD,65.29079,0.0
3079,2.016139,58.681686,OAD,64.90948,0.0
3080,2.179159,58.247097,OAD,68.67112,0.0
3081,2.5621142,55.702873,OAD,63.876102,0.0
3082,2.6335993,66.14835,OAD,63.228878,79.0
3083,2.7803354,67.46121,OAD,67.637665,80.0
3084,3.4987226,67.10963,IAD,69.18712,80.0
3085,2.6451812,62.062035,OAD,51.80391,66.0
3086,3.149638,67.789474,OAD,60.51483,40.0
3087,2.712334,68.83104,OAD,62.389412,43.0
3088,1.0837904,71.70342,OAD,54.249928,0.0
3089,2.456107,67.2069,OAD,69.485374,88.0
3090,1.5541419,70.658005,OAD,71.69245,83.0
3091,2.8256903,58.828465,OAD,68.24212,30.0
3092,2.9393976,59.3891,OAD,59.977135,25.0
3093,2.8466947,58.247135,OAD,74.27885,65.0
3094,2.839346,58.202286,OAD,49.662525,88.0
3095,3.049007,62.071316,OAD,52.495296,95.0
3096,2.2990663,70.078926,OAD,59.35313,92.0
3097,2.7122226,64.46599,OAD,71.53866,78.0
3098,2.7316897,62.894875,OAD,66.96634,88.0
3099,2.6335993,66.14835,OAD,63.228878,79.0
3100,2.456107,67.2069,OAD,69.485374,88.0
3101,3.131587,63.262344,OAD,52.82924,95.0
3102,2.553549,67.27849,OAD,60.862534,89.0
3103,2.2491124,68.69948,OAD,65.20617,91.0
3104,3.2448466,66.29933,OAD,50.441017,98.0
3105,2.000318,69.98875,OAD,60.91003,94.0
3106,1.6967993,70.843895,OAD,67.24582,78.0
3107,2.871687,69.58769,OAD,51.918507,88.0
3108,2.1229355,69.47802,OAD,56.02596,83.0
3109,1.8057903,70.44845,OAD,62.89475,86.0
3110,2.9343128,69.008575,OAD,49.0137,90.0
3111,2.9373212,64.32705,OAD,54.72662,44.0
3112,2.746604,67.28681,OAD,62.112865,38.0
3113,3.699061,63.99949,IAD,49.60182,98.0
3114,2.875527,62.86359,OAD,57.401596,74.0
3115,2.9579608,64.39296,OAD,63.33671,73.0
3116,2.7997808,60.535152,OAD,50.063335,95.0
3117,3.083902,58.816963,OAD,59.834866,75.0
3118,3.0761702,60.86819,OAD,66.84345,26.0
3119,4.281879,49.63966,IAD,49.276577,0.0
3120,2.72191,64.6554,OAD,60.352856,88.0
3121,2.577125,66.72017,OAD,68.97373,57.0
3122,2.8209987,60.333435,OAD,51.95024,91.0
3123,2.8835375,56.694424,OAD,62.42678,86.0
3124,2.6491313,58.000263,OAD,68.65767,97.0
3125,5.5426836,49.65836,IAD,51.99259,92.0
3126,2.529323,66.85018,OAD,61.098103,75.0
3127,2.2247167,68.41747,OAD,66.83946,91.0
3128,3.057842,64.28867,OAD,52.96554,91.0
3129,2.462605,67.77606,OAD,59.82236,81.0
3130,2.3557239,68.16342,OAD,65.851555,57.0
3131,3.506624,61.816647,IAD,51.098656,91.0
3132,2.6788657,63.956642,OAD,59.67551,27.0
3133,2.699514,60.074978,OAD,51.140533,55.0
3134,2.8685658,65.09381,OAD,56.345215,49.0
3845,4.993947,65.722786,IAD,53.293396,14.0
3846,9.219111,32.445892,IAD,52.818863,2.5
3847,5.055313,32.224182,IAD,46.99775,0.0
3848,3.0977917,9.435591,OAD,38.30581,0.0
3849,4.993947,65.722786,IAD,53.293396,23.0
3850,7.973559,38.643856,IAD,45.25084,31.0
3851,8.39868,76.41606,IAD,49.56309,39.0
3852,3.8682735,82.52203,IAD,55.642212,49.0
3853,7.3453693,60.66951,IAD,48.86633,53.0
3854,7.3453693,60.66951,IAD,48.86633,63.0
3855,7.3453693,60.66951,IAD,48.86633,72.0
3856,7.3453693,60.66951,IAD,48.86633,81.0
3857,7.3453693,60.66951,IAD,48.86633,20.0
3858,7.4521017,34.3721,IAD,56.961277,55.0
3859,8.281,67.38121,IAD,56.43103,54.0
3860,8.8889885,40.053608,IAD,60.15645,42.0
3861,7.434887,44.819435,IAD,54.111954,48.0
3862,6.506186,23.4653,IAD,43.772552,47.0
3863,5.1933336,79.3456,IAD,44.496025,54.0
3864,7.1781454,59.7615,IAD,47.527054,58.0
3865,1.7081689,96.573875,OAD,82.708694,45.0
3866,1.7374775,94.6126,OAD,79.97845,31.0
3867,1.6477172,93.634186,OAD,80.8906,77.0
3868,1.8728642,86.65464,OAD,79.99779,53.0
3869,1.7264302,96.42865,OAD,80.20144,46.0
3870,10.110983,25.117327,IAD,52.00111,51.0
3871,8.431513,57.043518,IAD,68.70623,44.0
3872,3.253753,85.36826,OAD,69.23616,67.0
3873,4.868145,81.97089,IAD,54.591743,36.0
3874,8.871104,54.128254,IAD,59.606716,76.0
3875,3.2991,89.929054,OAD,58.502243,58.0
3876,1.5674692,93.87826,OAD,74.55543,31.0
3877,2.955621,85.40279,OAD,79.82291,56.0
3878,1.6582067,92.58196,OAD,79.12999,65.0
3879,1.7537587,91.930115,OAD,78.968834,62.0
3880,1.78584,1.4745464,OAD,50.493885,53.0
3881,5.7303977,11.83224,IAD,61.18683,77.0
3882,10.597815,37.0686,IAD,63.123985,48.0
3883,9.2854,35.16637,IAD,58.880856,60.0
3884,10.88108,36.54721,IAD,58.403503,65.0
3885,4.2317452,7.0990367,IAD,57.061382,41.0
3886,3.4024189,67.59027,IAD,51.219044,47.0
3887,7.3453693,60.66951,IAD,48.86633,77.0
3888,4.4866657,14.555826,IAD,44.063446,63.0
3889,7.981822,35.01057,IAD,46.9121,49.0
3890,8.863942,57.457226,IAD,56.431202,41.0
3891,4.0355377,84.85177,IAD,79.29073,45.0
3892,3.6163454,81.36654,IAD,74.077614,36.0
3893,1.2425745,69.42684,OAD,69.47646,28.0
3894,2.7707067,88.50731,OAD,78.65965,51.0
3895,2.1303408,90.46328,OAD,78.82588,55.0
3896,2.7707067,88.50731,OAD,78.65965,59.0
3897,2.7707067,88.50731,OAD,78.65965,65.0
3898,2.7707067,88.50731,OAD,78.65965,69.0
3899,2.7707067,88.50731,OAD,78.65965,48.0
3900,2.7707067,88.50731,OAD,78.65965,64.0
3901,2.7707067,88.50731,OAD,78.65965,72.0
3902,2.7707067,88.50731,OAD,78.65965,73.0
3903,1.3510902,73.476265,OAD,70.07941,65.0
3904,2.362587,78.157486,OAD,75.9657,52.0
3905,2.7707067,88.50731,OAD,78.65965,65.0
3906,2.474219,89.525925,OAD,77.993385,72.0
3907,2.3408444,90.273796,OAD,77.27062,68.0
3908,2.999077,88.314964,OAD,79.418884,71.0
3909,2.7707067,88.50731,OAD,78.65965,61.0
3910,2.7707067,88.50731,OAD,78.65965,67.0
3911,2.7707067,88.50731,OAD,78.65965,72.0
3912,2.7385805,85.0582,OAD,78.666016,67.0
3913,2.8601136,78.244316,OAD,76.58703,77.0
3914,3.7745922,82.61757,IAD,74.2534,71.0
3915,3.2338274,77.63355,OAD,77.66629,0.0
3916,3.0915847,83.31578,OAD,75.77574,84.0
3917,2.9995544,80.897415,OAD,76.176575,78.0
3918,2.7064757,85.29886,OAD,74.43261,77.0
3919,3.526793,88.48073,IAD,72.48582,68.0
3920,3.188226,85.909874,OAD,76.46862,0.0
3921,2.9462318,83.677956,OAD,77.597015,96.0
3922,3.2769825,80.77578,OAD,74.98916,90.0
3923,3.522421,81.438095,IAD,76.14912,78.0
3924,3.3616312,81.16408,IAD,75.42125,63.0
3925,3.9684396,83.94192,IAD,73.315025,0.0
3926,3.2078726,76.143776,OAD,79.39243,69.0
3927,2.5951526,74.02673,OAD,76.10635,75.0
3928,2.9711778,80.93532,OAD,76.92743,77.0
3929,2.522003,77.14765,OAD,76.207085,82.0
3930,2.4632914,79.72608,OAD,73.923706,60.0
3931,2.7978156,78.846214,OAD,76.57152,0.0
3932,3.3316092,85.58525,IAD,71.55044,76.0
3933,2.434981,77.73152,OAD,73.01354,93.0
3934,3.1050065,83.10929,OAD,78.63273,84.0
3935,2.563742,75.31,OAD,79.086334,81.0
3936,17.38192,25.248327,IAD,34.551044,83.0
3937,18.39599,30.929861,IAD,34.923965,73.0
3938,19.173342,44.64188,IAD,39.734814,77.0
3939,19.740486,51.14832,IAD,35.96593,80.0
3940,19.959282,33.567066,IAD,34.812855,81.0
3941,18.160091,44.98976,IAD,35.100323,54.0
3942,17.302004,57.642982,IAD,35.09978,80.0
3943,17.810244,49.125366,IAD,29.417921,46.0
3944,17.331795,55.800003,IAD,30.29271,30.0
3945,18.17799,50.77041,IAD,43.05853,65.0
3946,1.7474954,0.52920955,OAD,41.519447,81.0
3947,4.657634,3.3467407,IAD,42.292908,83.0
3948,7.602487,12.270434,IAD,39.160744,79.0
3949,7.8604603,10.46607,IAD,35.83993,80.0
3950,4.062348,3.1331005,IAD,41.28554,84.0
3951,4.6282706,3.67752,IAD,45.29531,82.0
3952,4.3979297,3.3981383,IAD,43.89302,86.0
3953,5.884953,6.545977,IAD,40.634342,85.0
3954,2.3799894,1.28364,OAD,57.192997,67.0
3955,2.8402627,1.7203974,OAD,61.848183,76.0
3956,1.6382161,0.48072284,OAD,65.325554,81.0
3957,1.7925966,0.5175702,OAD,42.713264,86.0
3958,4.502254,3.674605,IAD,39.393135,84.0
3959,8.089766,14.609064,IAD,39.914314,83.0
3960,1.4150245,0.32979852,OAD,42.283943,85.0
3961,3.16338,1.7881193,OAD,39.174137,87.0
3962,7.241768,8.405965,IAD,39.28457,82.0
3963,3.9012425,2.2543876,IAD,43.865063,87.0
3964,0.67659765,0.0835322,OAD,41.7771,93.0
3965,5.9514623,6.5782547,IAD,36.481224,83.0
3966,7.482296,11.914135,IAD,26.669771,81.0
3967,7.510778,15.036539,IAD,36.4848,89.0
3968,6.5641227,8.298042,IAD,35.42852,87.0
3969,4.4573917,3.6802428,IAD,51.87182,52.0
3970,4.627903,5.735825,IAD,43.313473,48.0
3971,2.3799894,1.28364,OAD,57.192997,67.0
3972,5.7102227,7.895988,IAD,47.78627,51.0
3973,4.0716624,3.8063598,IAD,53.016655,62.0
3974,4.684308,6.9895797,IAD,51.57799,59.0
3975,2.412277,1.3172772,OAD,46.017452,64.0
3976,2.8402627,1.7203974,OAD,61.848183,76.0
3977,0.95451736,0.23110443,OAD,44.68653,58.0
3978,0.3188277,0.034670036,OAD,47.25764,52.0
3979,1.9842027,0.8398588,OAD,60.674633,63.0
3980,1.6382161,0.48072284,OAD,65.325554,81.0
3981,0.9902323,0.1886534,OAD,62.55371,80.0
3982,2.659473,1.3273903,OAD,64.10823,78.0
3983,9.109764,52.06375,IAD,62.93336,0.0
3984,3.4920502,32.75231,IAD,42.89398,0.0
3985,3.8092196,44.431507,IAD,70.962715,0.0
3986,4.540407,47.95638,IAD,62.11175,0.0
3987,4.7472115,64.531105,IAD,63.147903,0.0
3988,4.947986,62.17898,IAD,67.34702,10.0
3989,5.2969074,68.82837,IAD,63.800144,0.0
3990,5.124453,70.76924,IAD,59.409542,0.0
3991,3.4533556,74.59514,IAD,59.15002,0.0
3992,4.028745,68.882515,IAD,59.63588,57.0
3993,4.0708685,70.47722,IAD,60.068798,8.0
3994,4.028745,68.882515,IAD,59.63588,28.0
3995,4.028745,68.882515,IAD,59.63588,27.0
3996,3.2842858,75.227325,OAD,54.170376,75.0
3997,3.9987187,67.87306,IAD,59.902832,70.0
3998,6.738382,63.3705,IAD,46.301662,48.0
3999,3.1626859,1.4006991,OAD,48.823788,0.0
4000,2.17897,74.02207,OAD,44.52317,78.0
4001,4.324935,62.144394,IAD,47.7959,90.0
4002,3.6749964,72.31687,IAD,43.27618,53.0
4003,3.4273508,73.074776,IAD,44.364758,42.0
4004,5.0660152,55.728737,IAD,46.76257,0.0
4005,4.7291117,59.166092,IAD,47.820168,3.0
4006,4.324935,62.144394,IAD,47.7959,93.0
4007,4.324935,62.144394,IAD,47.7959,91.0
4008,4.324935,62.144394,IAD,47.7959,95.0
4009,4.3770843,62.291782,IAD,47.387775,92.0
4010,4.3770843,62.291782,IAD,47.387775,89.0
4011,6.011778,69.04564,IAD,41.43047,88.0
4012,4.5229816,72.03671,IAD,41.8603,85.0
4013,3.781399,65.59889,IAD,42.641674,69.0
4014,4.599379,77.94499,IAD,59.330013,74.0
4015,6.0683136,61.159485,IAD,41.420437,59.0
4016,3.5672772,82.53081,IAD,61.9664,43.0
4017,5.751894,69.53338,IAD,40.67892,94.0
4018,5.5005636,54.795513,IAD,40.891792,93.0
4019,4.352046,77.35401,IAD,50.651062,92.0
4020,5.327621,65.23432,IAD,37.096245,87.0
4021,3.1922598,66.9333,OAD,36.087166,73.0
4022,3.9404175,69.8236,IAD,51.674698,86.0
4023,4.7079606,67.68419,IAD,42.439713,93.0
4024,3.535366,77.34141,IAD,49.62871,77.0
4025,3.632727,61.69811,IAD,47.599033,75.0
4026,3.743685,75.0368,IAD,62.339375,72.0
4027,4.792501,64.243965,IAD,42.744663,42.0
4028,3.6131742,80.570625,IAD,65.69327,51.0
4029,4.43939,73.28541,IAD,49.63098,90.0
4030,5.7863636,57.817375,IAD,47.1133,95.0
4031,4.376654,76.979706,IAD,53.48382,85.0
4032,4.1451297,59.922672,IAD,42.610462,92.0
4033,3.9914556,57.006096,IAD,37.185284,83.0
4034,3.6195636,82.14056,IAD,57.831142,79.0
4035,2.4856262,85.124695,OAD,60.32077,62.0
4036,2.715765,83.49733,OAD,45.10127,83.0
4037,2.1438072,85.11111,OAD,29.871012,70.0
4038,5.1451464,67.9581,IAD,44.859547,75.0
4039,8.553853,40.699963,IAD,32.182297,84.0
4040,4.1450253,78.32038,IAD,62.408516,73.0
4041,2.6483867,84.69251,OAD,62.81093,57.0
4042,3.5097723,79.99379,IAD,51.61,93.0
4043,2.3353252,84.39696,OAD,36.885464,81.0
4044,4.288833,64.59897,IAD,49.51995,63.0
4045,8.420953,31.090155,IAD,40.15161,80.0
4046,2.3081224,11.567268,OAD,81.80552,18.0
4047,2.8475552,14.138155,OAD,63.581852,36.0
4048,2.253224,10.347005,OAD,58.37703,78.0
4049,2.3470676,13.130212,OAD,63.966686,97.0
4050,1.9961596,5.680414,OAD,58.936832,96.0
4051,2.7907436,12.876235,OAD,44.97955,98.0
4052,2.267369,7.7675786,OAD,62.401142,85.0
4053,2.5192673,8.3014965,OAD,52.15961,82.0
4054,2.250123,11.025806,OAD,80.123955,70.0
4055,1.9904753,4.6152835,OAD,82.76124,71.0
4056,3.7891874,22.254063,IAD,79.5211,73.0
4057,2.4216998,13.779642,OAD,80.67292,54.0
4058,3.3888352,13.888413,IAD,65.62452,58.0
4059,3.5891473,23.962101,IAD,73.67471,55.0
4060,2.250123,11.025806,OAD,80.123955,10.0
4061,2.250123,11.025806,OAD,80.123955,0.0
4062,2.250123,11.025806,OAD,80.123955,6.0
4063,2.250123,11.025806,OAD,80.123955,67.0
4064,2.250123,11.025806,OAD,80.123955,4.0
4065,2.3081224,11.567268,OAD,81.80552,95.0
4066,2.4036555,8.221774,OAD,78.086464,90.0
4067,1.6519289,89.890656,OAD,95.82898,26.0
4068,1.2237673,92.527016,OAD,74.7824,30.0
4069,2.415089,90.01639,OAD,76.41399,45.0
4070,2.4337676,89.78345,OAD,75.65412,54.0
4071,2.3898587,89.86838,OAD,60.343227,61.0
4072,1.1941894,92.103264,OAD,58.573208,96.0
4073,5.9717712,79.57874,IAD,70.05513,41.0
4074,4.9291253,82.21458,IAD,58.62932,20.0
4075,2.3898587,89.86838,OAD,60.343227,99.0
4076,7.4962473,75.82006,IAD,60.458263,97.0
4077,2.4992914,90.170715,OAD,62.442932,94.0
4078,5.218742,83.2969,IAD,57.773743,89.0
4079,7.5369616,55.421818,IAD,59.57128,86.0
4080,2.0022187,5.0816627,OAD,56.1558,90.0
4081,2.116688,8.452797,OAD,52.295948,99.0
4082,2.253449,11.14236,OAD,59.5487,90.0
4083,1.9763855,7.674893,OAD,53.435192,99.0
4084,2.0137687,8.270249,OAD,45.50583,97.0
4085,2.0335145,9.223027,OAD,58.92246,99.0
4086,2.9970367,84.64449,OAD,67.652245,76.0
4087,1.991715,8.501217,OAD,42.875736,95.0
4088,1.9964108,8.411396,OAD,39.120644,99.0
4089,1.9980365,8.469267,OAD,39.682144,99.0
4090,2.8669565,15.310499,OAD,42.41205,99.0
4091,3.034754,12.905809,OAD,45.050037,98.0
4092,3.3822937,9.87216,IAD,46.2216,92.0
4093,2.5306985,8.083596,OAD,49.398163,97.0
4094,2.8513544,7.4126415,OAD,50.01206,99.0
4095,1.9353763,6.5357537,OAD,51.103317,85.0
4096,2.03678,9.099125,OAD,46.705276,92.0
4097,1.9729068,8.141046,OAD,48.80875,99.0
4098,2.0008104,6.4289494,OAD,67.147675,99.0
4099,1.9709826,7.3987637,OAD,68.529594,99.0
4100,1.9754517,6.135573,OAD,35.264507,61.0
4101,1.9794924,6.38873,OAD,37.17163,82.0
4102,1.9846553,6.189738,OAD,35.60448,67.0
4103,2.1571755,5.448735,OAD,57.199406,88.0
4104,2.0310745,8.872433,OAD,48.678177,82.0
4105,2.5068934,10.277311,OAD,58.101677,80.0
4106,2.028018,9.221412,OAD,53.82328,92.0
4107,2.4240875,8.987323,OAD,59.35164,87.0
4108,3.2790647,19.15567,OAD,59.248924,83.0
4109,3.1963646,18.442728,OAD,54.146553,90.0
4110,2.0996044,10.532036,OAD,53.079914,94.0
4111,2.311374,10.376959,OAD,63.835167,74.0
4112,2.5140765,15.738693,OAD,61.922928,86.0
4113,2.724387,18.264885,OAD,67.79069,80.0
4114,2.508633,9.382704,OAD,64.121124,99.0
4115,2.010338,9.073001,OAD,45.630684,89.0
4116,1.980476,7.917649,OAD,60.853714,98.0
4117,2.545795,15.289415,OAD,52.25391,82.0
4118,2.227665,12.36798,OAD,43.63456,69.0
4119,2.013191,8.788136,OAD,42.594124,61.0
4120,3.2306507,15.459155,OAD,63.441586,73.0
4121,2.0960143,10.788108,OAD,33.544518,69.0
4122,2.6166155,7.4165096,OAD,46.127728,70.0
4123,2.0129695,8.531523,OAD,69.20573,89.0
4124,1.981897,7.9260864,OAD,68.48347,99.0
