idx,density,log_density,AD_type,y_pred,y_true
27,3.786890403523138e-125,-286.49159141593884,IAD,70.02443,86.0
28,1.3186503555448913e-127,-292.15169805463273,IAD,41.505978,0.0
29,4.62149584815294e-120,-274.7794927299397,IAD,54.40138,37.0
30,8.132520444851509e-125,-285.72726573092467,IAD,77.89848,49.0
31,6.005914967465433e-148,-338.989848951589,OAD,48.301178,67.0
32,1.0656216805142666e-132,-303.87767390878906,IAD,62.153595,0.0
33,1.3461527763645838e-123,-282.9207157095006,IAD,75.62608,72.0
34,3.786890403523138e-125,-286.49159141593884,IAD,70.02443,23.0
35,3.786890403523138e-125,-286.49159141593884,IAD,70.02443,48.0
36,4.730976627738264e-125,-286.269004967856,IAD,60.501667,68.0
37,5.8902581186418e-116,-265.32657096740706,IAD,81.99407,0.0
38,2.6398144539869387e-126,-289.1550130851422,IAD,53.922962,0.0
39,3.786890403523138e-125,-286.49159141593884,IAD,70.02443,86.0
40,2.48891834350008e-127,-291.51645859434706,IAD,61.07066,58.0
41,4.31535666814087e-130,-297.8738821103682,IAD,28.821978,9.0
42,1.1177449357400274e-126,-290.01440851189074,IAD,63.199318,82.0
43,2.7802144558605104e-128,-293.70836383611476,IAD,63.667408,86.0
44,1.8350489175276637e-131,-301.03157604301555,IAD,59.19471,81.0
45,3.082160991935465e-133,-305.1181863964851,IAD,54.19578,54.0
46,3.2749429216735944e-135,-309.66268711375744,IAD,61.420006,78.0
47,9.547749572870915e-139,-317.8030224462686,IAD,60.810635,53.0
48,2.966160469466812e-128,-293.64362355799614,IAD,59.9724,64.0
49,5.044446961785857e-141,-323.04621008541704,IAD,73.78078,92.0
50,1.8403042543135202e-141,-324.0545671986041,IAD,77.07962,86.0
51,1.4458188705019741e-133,-305.87514151476427,IAD,72.68032,75.0
52,4.6972975455390384e-135,-309.3020002011613,IAD,68.05678,66.0
53,1.7884895196145393e-126,-289.54435029742444,IAD,67.70972,80.0
54,1.9370834517730404e-139,-319.3981444596745,IAD,65.9265,63.0
55,7.39580847522411e-136,-311.1506592297248,IAD,68.772285,76.0
56,6.741570639304083e-140,-320.45362008885235,IAD,60.333313,89.0
57,8.28183177558615e-141,-322.55043393929526,IAD,54.150593,66.0
58,4.347360585954325e-143,-327.800099399052,IAD,24.856722,0.0
59,1.4931321881220567e-133,-305.8429413149755,IAD,49.29956,87.0
60,1.7353379964623403e-141,-324.11329590709363,IAD,56.098015,84.0
61,2.563358974982185e-145,-332.9335199860932,IAD,57.61497,82.0
62,1.4753577745888327e-145,-333.48593796471425,IAD,59.886017,80.0
63,1.8346280536412538e-134,-307.93956069580446,IAD,59.881985,89.0
64,2.2630306252883532e-141,-323.8477932125523,IAD,55.86174,86.0
65,6.378431018198991e-141,-322.8115759669599,IAD,56.791794,62.0
66,1.388761268890115e-144,-331.2438412147915,IAD,67.20671,73.0
67,4.185893171735643e-150,-343.95604384577763,OAD,14.119232,89.0
68,9.059878771367902e-157,-359.3020038607435,OAD,18.862839,87.0
69,1.4716915934266464e-159,-365.72461730303314,OAD,14.835124,81.0
70,1.0042638102827235e-165,-379.9222855980174,OAD,15.8788805,88.0
71,9.50777831705478e-160,-366.161504645234,OAD,19.15034,90.0
72,9.507359286548833e-153,-350.04345306763605,OAD,7.3120537,83.0
73,2.352293689451925e-160,-367.55822398884203,OAD,19.510553,88.0
74,1.3206474069020938e-159,-365.83290770991675,OAD,21.066137,92.0
75,3.3292725790791668e-146,-334.9746697417218,OAD,19.671738,89.0
76,1.179999935006137e-160,-368.2481004956493,OAD,20.219696,93.0
77,1.1632069053414043e-152,-349.8417533708115,OAD,17.504938,86.0
78,2.8869968488423187e-163,-374.26115334884827,OAD,7.219782,71.0
79,6.33877161155229e-157,-359.6591746025095,OAD,9.564825,78.0
80,1.379682044485744e-155,-356.5788363440013,OAD,14.766066,83.0
81,1.3938802179478549e-168,-386.50220424121994,OAD,18.870766,80.0
82,7.661055034115707e-188,-430.8498477756991,OAD,15.365982,76.0
83,2.721129257496585e-231,-530.8961095192778,OAD,9.545474,75.0
84,2.9870927133555065e-227,-521.5925155319421,OAD,10.240932,71.0
85,2.721129257496585e-231,-530.8961095192778,OAD,9.545474,72.0
86,2.835603200232054e-152,-348.95067945150606,OAD,53.03972,95.0
87,2.6470856947552423e-152,-349.0194748380804,OAD,50.326385,93.0
88,2.312836708293665e-146,-335.33894879373895,OAD,53.410797,92.0
89,4.7007787501511895e-146,-334.62969539061845,OAD,50.312637,90.0
90,1.6259100602475014e-174,-400.1637384848691,OAD,63.691833,93.0
91,5.592393006494135e-150,-343.6663566665136,OAD,53.829426,91.0
92,3.631491349280853e-157,-360.2162161961378,OAD,61.836555,94.0
93,3.441438096216025e-157,-360.26997016481334,OAD,62.613472,91.0
230,6.94080581575995e-125,-285.8857187446965,IAD,67.62193,30.0
231,4.359376757389598e-127,-290.9559777086534,IAD,62.601734,27.0
232,3.7828141832192835e-130,-298.00559386367667,IAD,68.59236,55.0
233,2.2551792656769947e-131,-300.8254177154508,IAD,71.26641,93.0
234,9.622165692374595e-122,-278.6513119819851,IAD,60.751507,18.0
235,1.2943639275718754e-123,-282.95994703940255,IAD,79.32686,24.0
236,3.404727244407506e-123,-281.9928016063071,IAD,74.41233,26.0
237,1.2410013557843668e-122,-280.69946274655825,IAD,79.43294,85.0
238,1.1681853971516654e-132,-303.78578067296627,IAD,70.90155,49.0
239,1.298072656355849e-132,-303.68035168287787,IAD,68.532196,80.0
240,3.222359661466146e-134,-307.37628855590305,IAD,66.85519,40.0
241,4.327247447743472e-128,-293.26596025672393,IAD,78.300606,90.0
242,1.61450411912908e-127,-291.94927894769665,IAD,75.982285,20.0
243,6.708973540371977e-126,-288.2222757525772,IAD,76.86531,27.0
244,2.2551792656769947e-131,-300.8254177154508,IAD,71.26641,93.0
245,8.706598183224655e-133,-304.0797362181316,IAD,12.515687,0.0
246,6.189621808208805e-138,-315.9338688455682,IAD,85.07693,99.0
247,1.6649422699116162e-144,-331.06246294103704,IAD,66.41166,82.0
248,3.7377913310038946e-146,-334.858928693357,OAD,77.94941,84.0
249,1.4137758761479522e-140,-322.01564896768645,IAD,62.270058,87.0
250,6.3205066868186e-151,-345.84654966519076,OAD,68.52129,96.0
251,2.7901841456543877e-133,-305.2177097725262,IAD,61.61814,85.0
252,1.1172749909939072e-145,-333.76394580724576,OAD,38.44848,96.0
253,3.015035870486907e-148,-339.6789820356681,OAD,81.41301,98.0
254,9.637674680474667e-140,-320.0962331553595,IAD,62.77802,94.0
255,9.903102947995279e-136,-310.8587245100679,IAD,58.821968,72.0
256,1.3308125061232748e-140,-322.07612335660076,IAD,66.89679,99.0
257,8.25096202753912e-143,-327.1593384952016,IAD,77.56766,98.0
258,3.826221619205926e-134,-307.2045246673436,IAD,82.16289,98.0
259,1.3319823429850763e-127,-292.1416384942307,IAD,69.113914,92.0
260,1.0360206461111213e-131,-301.6032601099026,IAD,65.352104,97.0
261,1.331929068558092e-140,-322.0752847002994,IAD,64.29736,86.0
262,1.328919186449206e-140,-322.07754704907256,IAD,63.582462,84.0
263,6.506050795632735e-139,-318.18659529064587,IAD,40.50409,98.0
264,1.9301197354118583e-130,-298.67848004916,IAD,71.96135,88.0
265,4.29668149150886e-152,-348.53509115650553,OAD,70.71069,98.0
266,6.255655310181585e-138,-315.9232569289306,IAD,82.283875,94.0
267,1.8449592500879464e-145,-333.26238129356125,IAD,75.43646,98.0
268,4.024120442038725e-139,-318.6670215628987,IAD,72.42442,90.0
269,5.516176639449282e-133,-304.53613238568437,IAD,66.34155,93.0
270,3.417885378605879e-129,-295.8044549467392,IAD,67.72618,94.0
271,1.343884606227568e-140,-322.0663486392131,IAD,68.4266,71.2
272,8.088196789067165e-132,-301.8508264627994,IAD,74.29936,64.0
273,3.5474371396344196e-133,-304.97759195793685,IAD,71.13011,52.0
274,3.6655652425776536e-133,-304.94483481759136,IAD,68.81109,18.0
275,7.690282100515367e-138,-315.7167853662614,IAD,70.679016,0.0
276,1.1387983744101574e-134,-308.41642881224,IAD,65.61303,0.0
277,1.3784637407199474e-129,-296.7125073485274,IAD,77.30939,85.0
278,1.608669025713691e-123,-282.7425592932729,IAD,61.611004,0.0
279,4.0516742116555724e-123,-281.8188362569755,IAD,84.000206,42.0
280,4.0516742116555724e-123,-281.8188362569755,IAD,84.000206,24.0
281,1.18046720556456e-123,-283.05205614123327,IAD,78.50505,0.0
282,1.3784637407199474e-129,-296.7125073485274,IAD,77.30939,85.0
283,3.5191049597112e-135,-309.5907808697283,IAD,79.18405,87.0
284,1.0993957706449885e-139,-319.96456719670186,IAD,78.85803,99.0
285,7.7731130985330435e-140,-320.31124227884624,IAD,82.2384,98.0
286,3.3830686791087942e-140,-321.1431298283298,IAD,73.33942,94.0
287,1.80125834155947e-136,-312.5630871478856,IAD,64.61308,92.0
288,8.76128791413249e-137,-313.2838148238814,IAD,69.13879,88.0
289,8.75489577752706e-140,-320.1922999578367,IAD,70.80312,92.0
290,1.0566582635488822e-148,-340.7274824164067,OAD,79.25654,94.0
291,2.8891688059051603e-148,-339.72162491277567,OAD,82.33782,99.0
292,3.93777796183989e-136,-311.7809560520469,IAD,66.33335,80.0
293,4.320844188997114e-127,-290.96485601295893,IAD,69.52153,98.0
294,1.533950738037776e-133,-305.815970779183,IAD,76.19001,82.0
295,2.8093835614587605e-135,-309.81602246806267,IAD,72.12306,97.0
296,1.6716545873714285e-130,-298.8222481824057,IAD,74.70068,97.0
297,4.2745741257770947e-137,-314.00147326245917,IAD,76.520386,99.0
298,1.228818819983979e-133,-306.0377639691719,IAD,65.288734,87.0
299,5.0513187430666216e-145,-332.25518913769884,IAD,71.749054,99.0
300,5.068461009809473e-135,-309.22595033103426,IAD,69.04911,85.0
301,5.883131954426402e-140,-320.5898237537504,IAD,76.82071,91.0
302,8.239688335940649e-131,-299.5296846623221,IAD,65.3702,85.0
303,4.3070376664275856e-133,-304.7835670167767,IAD,67.74887,97.0
304,5.2176811480600856e-139,-318.4072748474843,IAD,66.98364,82.0
305,9.4293273254493e-138,-315.5129180725397,IAD,71.173195,49.24
664,9.010197691647444e-146,-333.9790665643918,OAD,40.862545,44.0
665,2.6788991088466108e-133,-305.25841143835976,IAD,27.452822,84.0
666,2.205141450518541e-127,-291.6375151535075,IAD,29.660437,87.0
667,5.871567656966506e-126,-288.355600056549,IAD,28.42646,88.0
668,9.697989237372167e-123,-280.94604786936316,IAD,43.14547,93.0
669,2.2502193854745175e-141,-323.85347039604204,IAD,21.86848,82.0
670,7.304463491586296e-126,-288.1372361187434,IAD,31.382511,89.0
671,1.407369011832241e-125,-287.48141461197235,IAD,27.618387,95.0
672,1.9861102017829704e-123,-282.5317883848674,IAD,30.240107,96.0
673,2.105960655656778e-123,-282.47319470675467,IAD,27.287209,90.0
674,9.397446436955862e-123,-280.97752844153973,IAD,32.660908,93.0
675,6.1293737662249415e-124,-283.7074589453861,IAD,32.00434,75.0
676,1.7937364185611554e-122,-280.3310805163103,IAD,24.967081,53.0
677,8.515467322430713e-123,-281.0760822434005,IAD,40.760937,70.0
678,8.719880187281969e-126,-287.96011621941386,IAD,30.22201,89.0
679,2.345502128574208e-117,-268.54995637400333,IAD,36.279713,0.0
680,5.281624655662401e-122,-279.25114759494926,IAD,32.69929,0.0
681,2.5074701723515096e-120,-275.39093681387556,IAD,49.780933,0.0
682,7.123204458470544e-119,-272.0442683777242,IAD,30.813845,0.0
683,9.977277274606951e-117,-267.1021456453773,IAD,30.688505,0.0
684,1.3842883119589349e-125,-287.497950470866,IAD,35.48961,87.0
685,1.3889316122733126e-125,-287.49460179692,IAD,31.128304,80.0
686,4.098376785240269e-127,-291.017715820964,IAD,40.431976,70.0
687,3.0753684350368454e-126,-289.0022970068965,IAD,29.46186,30.0
688,5.755732723357764e-129,-295.28328064272586,IAD,37.23063,84.0
689,4.206279395125941e-142,-325.53050470232796,IAD,44.004723,91.0
690,1.6029879859218921e-124,-285.0486821524085,IAD,21.762629,94.0
691,1.0557638454240252e-128,-294.6766273741902,IAD,55.558525,96.0
692,1.7083810125511858e-130,-298.800515943473,IAD,34.64386,87.0
693,1.6488490399845545e-124,-285.02047403827595,IAD,43.242226,95.0
694,2.6216271320121007e-126,-289.1619265494913,IAD,44.546234,93.0
695,4.856657197812955e-124,-283.9402011493856,IAD,53.92009,97.0
696,4.0073070642403483e-184,-422.2875376502323,OAD,43.09976,95.0
697,4.562769568863266e-186,-426.7628974961428,OAD,36.73703,96.0
698,1.489374097214124e-127,-292.02995084752393,IAD,57.523308,96.0
699,8.217120873471073e-126,-288.0195018282384,IAD,40.216167,89.0
700,3.202308526053816e-135,-309.68511559009295,IAD,60.723965,96.0
701,1.2626542519255032e-134,-308.3131864067551,IAD,32.626377,70.0
702,2.6475788286836362e-124,-284.54690595844903,IAD,25.206223,94.0
703,6.903762820839987e-129,-295.1014103969169,IAD,32.36675,95.0
704,6.903762820839987e-129,-295.1014103969169,IAD,32.36675,91.0
705,2.015990056176463e-136,-312.4504622294454,IAD,34.629456,85.0
706,2.930905868495679e-144,-330.4969418457618,IAD,41.59615,85.0
707,1.0967117864341507e-130,-299.243745671318,IAD,57.089443,94.0
708,1.0682139564972947e-135,-310.78299949992333,IAD,21.679743,78.0
709,1.3447223238502798e-125,-287.5269490831847,IAD,32.5728,80.0
710,1.1425000201269092e-136,-313.01835378578744,IAD,59.431755,90.0
711,1.7127645233845337e-124,-284.98244278582615,IAD,21.691856,61.0
712,1.7888939646470734e-126,-289.54412418521923,IAD,56.74994,82.0
713,6.209723415545296e-131,-299.812530825826,IAD,17.666008,46.0
714,5.6017310235445456e-126,-288.4026460559265,IAD,21.059984,92.0
715,1.0693554819827382e-124,-285.45349541756264,IAD,22.513456,75.0
716,6.825247045394734e-133,-304.3231888306647,IAD,45.811028,94.0
717,4.865785828115988e-165,-378.34431211457553,OAD,43.04417,86.0
718,8.057896076658967e-132,-301.85457978544304,IAD,45.92045,61.0
719,9.360368218048804e-141,-322.4280134829096,IAD,35.552315,40.0
720,3.0590794996955217e-200,-459.39890454519235,OAD,46.53996,5.0
721,1.3238650433026279e-128,-294.45033638195866,IAD,47.598907,94.0
722,2.1083360989878943e-127,-291.6824077525263,IAD,43.441944,51.0
723,2.3768775459072846e-136,-312.28578497637506,IAD,33.782417,84.0
724,5.863686592250741e-130,-297.567283572139,IAD,67.2624,72.0
725,1.5442376057461296e-164,-377.18942492152877,OAD,30.1541,95.0
726,1.441529997785693e-134,-308.1806974132039,IAD,28.27338,81.0
727,5.4350877071728766e-130,-297.64318643130866,IAD,57.655006,95.0
728,3.6345944369601956e-127,-291.1378092771582,IAD,54.602486,87.0
729,3.564536818063352e-127,-291.1572726896254,IAD,57.213806,93.0
730,4.681256918253879e-127,-290.88474016409685,IAD,59.52904,98.0
731,7.706278745836533e-132,-301.8991968570927,IAD,47.019566,84.0
732,6.440737720221183e-128,-292.8682488168529,IAD,59.586044,79.0
733,1.1884237115996157e-129,-296.8608491792837,IAD,65.38502,98.0
734,2.030366167482964e-155,-356.1924732592191,OAD,53.5029,61.0
735,1.1569051039528348e-128,-294.5851434774455,IAD,39.825733,88.0
736,5.847233415183987e-126,-288.3597530883495,IAD,21.137556,91.0
737,2.930905868495679e-144,-330.4969418457618,IAD,41.59615,77.0
738,1.3077165837042398e-198,-455.64356586238955,OAD,33.718216,80.0
739,1.3077165837042398e-198,-455.64356586238955,OAD,33.718216,72.0
740,7.904163711994915e-126,-288.0583320444687,IAD,30.14305,0.0
741,3.389645235684263e-159,-364.89030452037775,OAD,40.575485,53.0
1447,9.611884014978457e-162,-370.7557848139237,OAD,58.18548,1.0
1448,3.3303273872436914e-141,-323.46142749851305,IAD,44.268883,5.0
1449,1.3184247759616425e-130,-299.0596244167828,IAD,48.570827,42.0
1450,4.0714199034950527e-131,-300.2346553729691,IAD,52.135685,60.0
1451,3.7310970726145716e-131,-300.3219448704651,IAD,53.06076,98.0
1452,9.378439197176783e-133,-304.0054040159249,IAD,55.436646,98.0
1453,6.29262774711358e-141,-322.8251193628511,IAD,49.439686,60.0
1454,3.2815417386690636e-130,-298.147748734988,IAD,49.17087,52.0
1455,9.378439197176783e-133,-304.0054040159249,IAD,55.436646,59.0
1456,1.1582200969723929e-132,-303.79434784765346,IAD,59.384773,95.0
1457,6.792663703290535e-141,-322.74865494953764,IAD,59.58416,96.0
1458,5.8640606368846145e-136,-311.3827303421265,IAD,55.6228,92.0
1459,1.5924399636675217e-150,-344.92249654077716,OAD,56.60053,98.0
1460,1.435811728500976e-156,-358.84154415332677,OAD,55.077984,90.0
1461,2.618081966850488e-135,-309.88654557824117,IAD,56.054996,96.0
1462,4.482197854975289e-193,-442.89880942909673,OAD,48.72346,84.0
1463,1.564133307119997e-130,-298.88873021600364,IAD,62.5161,98.0
1464,8.983991556166011e-156,-357.0078302295101,OAD,57.16394,75.0
1465,1.263487789667663e-127,-292.1944308263402,IAD,50.283104,89.0
1466,8.648835118000325e-163,-373.16394551459354,OAD,50.849052,84.0
1467,8.694045070197442e-140,-320.19927470255556,IAD,53.072186,93.0
1468,2.3336836784474132e-141,-323.8170501151383,IAD,63.740482,94.0
1469,1.3386922132430967e-147,-338.18831549298756,OAD,53.750393,94.0
1470,8.45055953317511e-145,-331.740605828016,IAD,47.61648,82.0
1471,1.535998715191376e-141,-324.23531731389926,IAD,51.797432,58.0
1472,9.175774285897313e-142,-324.75051642394106,IAD,54.827534,59.0
1473,2.5033591655954243e-143,-328.35203480194787,IAD,52.822598,88.0
1474,1.1663309525648514e-132,-303.7873693917406,IAD,66.471054,95.0
1475,9.11545410330064e-135,-308.63901632796467,IAD,67.19346,92.0
1476,2.9959847295174232e-151,-346.5930760734157,OAD,61.24155,94.0
1477,8.023850266797676e-137,-313.371739350367,IAD,62.89092,94.0
1478,3.706508209620861e-137,-314.1440674901467,IAD,55.32298,88.0
1479,2.8176038629455045e-146,-335.14153674736616,OAD,58.491405,92.0
1480,7.995936316260903e-154,-352.5191708689262,OAD,40.166134,81.0
1481,7.561646878651184e-130,-297.312973081667,IAD,54.342865,92.0
1482,4.8672828580382333e-132,-302.3586964285174,IAD,65.50952,95.0
1483,1.9083196608503784e-133,-305.59759427208144,IAD,59.320732,96.0
1484,1.2847337649646255e-136,-312.90102113710714,IAD,58.993427,91.0
1485,1.6911538819425165e-150,-344.86235288277334,OAD,58.20832,94.0
1486,6.416766403434309e-137,-313.595243424847,IAD,47.033222,85.0
1487,3.520187772038416e-140,-321.10339868665005,IAD,54.440243,81.0
1488,2.5665976274527452e-135,-309.90640641276144,IAD,65.361946,90.0
1489,2.6464764307928243e-156,-358.2300454005977,OAD,45.478592,91.0
1490,1.2742680541748856e-142,-326.7247112665453,IAD,58.136753,93.0
1491,8.12695028332869e-140,-320.26672728488313,IAD,58.1529,96.0
1492,6.192607815134845e-141,-322.84114181933154,IAD,70.56264,96.0
1493,5.3098576577993997e-138,-316.08717780472455,IAD,51.00625,64.0
1494,1.0687971735347324e-146,-336.11088969785607,OAD,55.683517,95.0
1495,1.7882032668313094e-149,-342.5039675019129,OAD,65.32391,95.0
1496,7.054961368596643e-133,-304.29008625866646,IAD,53.295376,63.0
1497,7.230542161084521e-141,-322.68618409109934,IAD,49.11826,76.0
1498,6.38982619573319e-153,-350.44081215948523,OAD,54.539753,91.0
1499,2.1508968188407084e-138,-316.990857952969,IAD,67.784195,88.0
1500,2.3927229948387767e-140,-321.4894809733806,IAD,69.46649,93.0
1501,1.1089964177840969e-147,-338.37655319189327,OAD,52.233475,98.0
1502,2.7647383416318e-146,-335.1604775789555,OAD,53.389584,98.0
1503,1.3369600091608127e-145,-333.58444009733864,IAD,53.304295,98.0
1504,8.103672912543137e-147,-336.3876912652289,OAD,59.409393,95.0
1505,8.383342785945287e-151,-345.56410230667575,OAD,54.60456,64.0
1506,4.601612272426999e-146,-334.6510168410384,OAD,48.97469,95.0
1507,3.180357225345315e-149,-341.9281853306156,OAD,61.789448,95.0
1508,4.927216942933896e-165,-378.3317660299792,OAD,53.82977,64.0
1509,1.0876414965975537e-137,-315.3701461528535,IAD,44.26446,75.0
1510,5.59091009415851e-138,-316.03560075172123,IAD,46.533855,70.0
1511,6.114462993561673e-135,-309.03833060680995,IAD,53.11785,82.0
1512,1.9829405655623238e-138,-317.0721619560705,IAD,49.810234,80.0
1513,2.734971925512552e-142,-325.9609620342281,IAD,47.419987,79.0
1514,1.6819066329956263e-142,-326.4471551546595,IAD,46.436577,74.0
1515,1.0951832807060074e-174,-400.5588844520617,OAD,45.054226,78.0
1516,3.7556026205976304e-189,-433.8653338186886,OAD,41.002663,76.0
1517,8.396887123148028e-212,-486.020178658148,OAD,46.217003,77.0
1518,1.4471510750537278e-153,-351.9259223801855,OAD,23.812784,80.0
1519,7.202044536950675e-146,-334.2030586279533,OAD,51.619225,77.0
1520,7.685696145918708e-186,-426.2414663389793,OAD,41.08102,83.0
1521,3.305470410740924e-152,-348.79735533886645,OAD,42.448853,74.0
1522,8.820770484897873e-135,-308.67187833142845,IAD,41.501667,65.0
1523,4.11574235945446e-133,-304.82899814708014,IAD,55.642273,35.0
1524,4.403828868884243e-125,-286.3406622642601,IAD,47.32894,56.0
1525,1.1816234646834754e-124,-285.35366222082547,IAD,53.388634,80.0
1526,3.568800359432369e-125,-286.5509071187086,IAD,53.564915,63.0
1527,1.645983107813463e-129,-296.53513915659744,IAD,44.902508,1.0
1528,3.9111990039802765e-121,-277.2489522746556,IAD,62.151627,80.0
1529,1.3649903433283094e-122,-280.60423399114643,IAD,49.694347,82.0
1530,5.616023225535526e-130,-297.6104382869099,IAD,50.70963,82.0
1531,2.4133468203863807e-123,-282.3369519319958,IAD,52.111275,53.0
1532,2.9617385553290696e-121,-277.5270198065926,IAD,65.13761,67.0
1533,3.9111990039802765e-121,-277.2489522746556,IAD,62.151627,90.0
1534,1.1816234646834754e-124,-285.35366222082547,IAD,53.388634,82.0
1535,1.3649903433283094e-122,-280.60423399114643,IAD,49.694347,35.0
1536,5.616023225535526e-130,-297.6104382869099,IAD,50.70963,41.0
1537,1.4016390396150395e-139,-319.72168563175364,IAD,56.740242,70.0
1538,1.0239677969146789e-146,-336.1537384993334,OAD,38.134712,96.0
1539,1.0239677969146789e-146,-336.1537384993334,OAD,38.134712,98.0
1540,1.0239677969146789e-146,-336.1537384993334,OAD,38.134712,36.0
1541,1.1023140451920406e-146,-336.0800119295101,OAD,37.953262,86.0
1542,1.0239677969146789e-146,-336.1537384993334,OAD,38.134712,0.0
1543,1.6398454010066184e-147,-337.985406700411,OAD,38.07084,94.0
1544,8.962251979363545e-148,-338.58957223072923,OAD,43.54008,99.0
1545,2.0207781747950572e-154,-353.89462164880683,OAD,44.049927,95.0
1546,5.890996264504233e-152,-348.21950900665774,OAD,55.67704,94.0
1547,4.932656258112214e-147,-336.88413103241896,OAD,36.904114,86.0
1548,1.6085310734037406e-152,-349.51761274933546,OAD,61.20309,86.0
1549,1.7623083582019557e-156,-358.63664999021375,OAD,50.745335,92.0
1550,2.0080402732076746e-146,-335.480264319124,OAD,41.509,87.0
1551,3.745786318400938e-148,-339.46196220332905,OAD,44.447567,96.0
1552,6.573577935550738e-148,-338.899535492014,OAD,42.783165,85.0
1553,1.687259148666976e-153,-351.77241382122673,OAD,40.75991,48.0
1554,9.62383050465901e-159,-363.8467874192713,OAD,50.532364,94.0
1555,2.8561779407868298e-158,-362.75896034632564,OAD,48.434753,99.0
1556,1.4504502935676668e-165,-379.55466628850684,OAD,52.849686,99.0
1557,8.791319174834072e-162,-370.8450202878258,OAD,36.708443,75.0
1558,1.7063047490993217e-158,-363.27411462623866,OAD,38.514557,86.0
1559,6.577085655616755e-141,-322.7809063744173,IAD,24.092485,88.0
1560,2.0891333612589108e-154,-353.86135500078615,OAD,44.616497,88.0
1561,2.691742895491582e-165,-378.93635144367147,OAD,42.7492,99.0
1562,2.0126835658269316e-127,-291.7288378712596,IAD,28.980066,2.0
1563,2.952866525724537e-129,-295.9507005940431,IAD,27.660652,0.0
1564,1.0197082971799518e-137,-315.43464113694597,IAD,19.105707,0.0
1565,8.488869503774658e-129,-294.894721160985,IAD,29.057878,14.0
1566,1.205682833850131e-130,-299.14901601568295,IAD,31.555588,75.0
1567,1.9050743752430828e-133,-305.5992963182692,IAD,23.744781,20.0
1568,1.3129334924449175e-135,-310.5767236132849,IAD,28.41198,71.0
1569,5.938560485643338e-133,-304.4623506066875,IAD,26.28355,79.0
1570,8.772045329323704e-152,-347.8213641370511,OAD,22.964205,87.0
1571,5.455710795958735e-134,-306.84973954867166,IAD,23.260206,82.0
1572,1.5584577102815007e-150,-344.9440672641349,OAD,24.857582,44.0
1573,3.246445484119853e-147,-337.3024479695002,OAD,25.095387,26.0
1574,1.2069560888330598e-133,-306.05571580717447,IAD,43.768757,0.0
1575,3.231563129449573e-132,-302.7682663140351,IAD,33.274323,0.0
1576,1.9865518040625888e-153,-351.6091188540983,OAD,25.434563,14.0
1577,1.5665289489373233e-136,-312.7027103359398,IAD,37.48832,0.0
1578,9.483128748515379e-157,-359.25634530148517,OAD,23.23737,81.0
1579,2.2550558434504086e-160,-367.60044014211974,OAD,25.26745,80.0
1580,3.525046547829001e-163,-374.0614765167945,OAD,28.268147,77.0
1581,1.3075124320028013e-256,-589.19365738134,OAD,27.070902,90.0
1582,2.6380017093334043e-161,-369.7461782697808,OAD,46.759235,82.0
1583,2.639285082557989e-157,-360.5353515216418,OAD,45.28634,90.0
1584,4.6769582720479296e-161,-369.1735520152857,OAD,27.7353,87.0
1585,0.0,-1813.091716633744,OAD,16.286488,96.0
1586,1.2097594553002261e-163,-375.13094861545613,OAD,43.922604,93.0
1587,6.09895692417265e-158,-362.0003269325387,OAD,49.880642,82.0
1588,7.4373469900496805e-155,-354.8941752161834,OAD,23.101273,82.0
1589,4.54733354458761e-155,-355.3861483870559,OAD,21.333763,88.0
1590,6.211514965431272e-160,-366.58721005706826,OAD,31.015953,82.0
1591,1.309508053e-314,-722.7420676653122,OAD,17.89386,88.0
1592,5.922676839685748e-162,-371.2399965494712,OAD,46.47666,77.0
1593,8.6775911710392e-155,-354.73994543877643,OAD,25.56756,66.0
1594,6.491637387768578e-156,-357.3327597142208,OAD,24.978722,91.0
1595,3.9308104675629686e-160,-367.04476924858477,OAD,49.829338,80.0
1596,7.46852979859212e-170,-389.4287676433243,OAD,47.315712,79.0
1597,2.594443894899668e-166,-381.2757532420489,OAD,42.587135,80.0
1598,1.2582012401486222e-164,-377.3942721372172,OAD,49.465027,86.0
1599,1.4947348257292149e-223,-513.0745269206564,OAD,46.89441,52.0
1600,2.447896326265014e-164,-376.72872623765215,OAD,48.107388,88.0
1601,2.5471639649177722e-163,-374.3863895884003,OAD,52.864147,78.0
1602,7.119363961238179e-162,-371.05596667488857,OAD,53.42509,89.0
1603,3.5703486316292882e-171,-392.4693876550397,OAD,38.926407,75.0
1604,1.1063826536295872e-226,-520.2831351936178,OAD,26.010077,89.0
1605,1.9178453726844826e-170,-390.78826345481474,OAD,18.148664,65.0
1606,0.0,-888.5453004694002,OAD,49.326935,75.0
1607,1.564369347454771e-187,-430.13592961998216,OAD,57.500122,76.0
1608,6.810526457368391e-152,-348.07446471140634,OAD,43.063297,94.0
1609,9.096529886656616e-156,-356.99538149741016,OAD,41.648937,81.0
1610,1.6805080026871724e-255,-586.640102583223,OAD,45.119244,91.0
1611,2.009342534509452e-158,-363.1106371217552,OAD,53.983677,89.0
1612,2.0836716177841018e-164,-376.88982371258857,OAD,46.99702,84.0
1613,1.3835845173104446e-159,-365.78635217818356,OAD,55.398865,99.0
1614,3.0287295233459453e-154,-353.489961088718,OAD,40.465954,82.0
1615,4.1806117523175725e-159,-364.68057219799596,OAD,43.931835,98.0
1616,5.099060821421535e-250,-574.0172168784018,OAD,30.98079,92.0
1617,4.69791825883e-312,-716.8594295271986,OAD,42.554066,99.0
1618,3.329672424123032e-162,-371.81591113701603,OAD,47.626286,98.0
1619,5.392454381709743e-154,-352.9131036814186,OAD,43.555405,67.0
1620,1.5382329640440659e-171,-393.31141657029883,OAD,48.612255,95.0
1621,4.457574411537997e-167,-383.0371057658311,OAD,44.57723,95.0
1622,1.59676567655873e-165,-379.4585602128146,OAD,51.414505,90.0
1623,3.206604934332397e-165,-378.76132761944103,OAD,49.009117,99.0
1624,5.536463830135638e-168,-385.1229396238487,OAD,47.70665,96.0
1625,6.852123964068153e-165,-378.0019816720573,OAD,49.534756,68.0
1626,3.1103981483299736e-162,-371.8840343250673,OAD,53.81659,86.0
1627,4.14381196211802e-173,-396.925604959979,OAD,43.29512,80.0
1628,1.22425207592328e-226,-520.1819009093861,OAD,46.413883,93.0
1629,2.536085759183879e-206,-473.4019073040573,OAD,45.002396,46.0
1630,2.8279406365318923e-206,-473.29298040028476,OAD,54.415718,91.0
1631,8.950499316546274e-182,-416.8787776046275,OAD,48.476772,90.0
1632,1.4854862200063395e-145,-333.4790963445928,IAD,55.53435,95.0
1633,2.014733919395819e-145,-333.17435134738497,IAD,55.096485,86.0
1634,1.5547452010039127e-145,-333.4335268098069,IAD,51.70487,82.0
1635,3.2536933759542436e-149,-341.90538808164087,OAD,47.645065,83.0
1636,1.490586414144041e-251,-577.5496887324355,OAD,49.598503,99.0
1637,3.276829960274267e-150,-344.20088746957555,OAD,51.30425,89.0
1638,8.989392227897426e-153,-350.0994739872415,OAD,67.20042,81.0
1639,8.249831013629041e-160,-366.303422162107,OAD,61.06161,90.0
1640,1.3953194928986846e-153,-351.96239581187086,OAD,70.07165,74.0
1641,2.3153446674495094e-159,-365.2714712251698,OAD,65.02566,98.0
1642,1.1437103038944968e-157,-361.37158197003737,OAD,58.46116,97.0
1643,1.142147261879356e-155,-356.76777936029913,OAD,59.757423,95.0
1644,8.34308311895486e-148,-338.6611609365306,OAD,50.63026,99.0
1645,1.789751244490182e-308,-708.6141320015291,OAD,54.27219,99.0
1646,4.584201840596753e-193,-442.87630693786394,OAD,56.63035,82.0
1647,5.5051721684542063e-157,-359.800171555456,OAD,60.691788,88.0
1648,7.53653673488023e-156,-357.18351174955194,OAD,61.624313,82.0
1649,1.2418556692020894e-160,-368.19700811066065,OAD,63.131912,93.0
1650,1.8240804359732932e-160,-367.8125388896979,OAD,63.78636,62.0
1651,9.239172839792468e-165,-377.70308798187403,OAD,60.69256,72.0
1652,3.4652188559222745e-159,-364.8682539935237,OAD,64.965614,60.0
1653,3.2784273522426414e-162,-371.8314212233995,OAD,62.00918,92.0
1654,1.5561721108519214e-167,-384.08948149927903,OAD,49.890606,47.0
1655,1.5319676429408176e-167,-384.1051575797061,OAD,50.692135,91.0
1656,3.071239542224464e-159,-364.98894854626093,OAD,72.07836,78.0
1657,1.8254867894053616e-157,-360.90401291467714,OAD,56.406193,91.0
1827,7.418830006980751e-152,-347.9889127713485,OAD,60.55059,17.0
1828,2.924704045642829e-146,-335.1042302825428,OAD,57.945377,94.0
1829,1.8628446761289855e-144,-330.9501486759838,IAD,60.68055,99.0
1830,5.940109644616316e-144,-329.79052579924877,IAD,54.05625,49.0
1831,2.1463488825162005e-147,-337.7162404657299,OAD,64.30776,98.0
1832,8.59420114606601e-146,-334.026335886645,OAD,61.370495,96.0
1833,5.6365324511936166e-145,-332.1455694213202,IAD,44.66285,95.0
1834,4.483130873732367e-142,-325.4667615470697,IAD,58.012108,95.0
1835,3.389479939339871e-142,-325.7464067057549,IAD,53.176624,93.0
1836,4.929798248198027e-140,-320.7666149552356,IAD,63.006157,49.5
1837,3.759833166516137e-141,-323.34012352635045,IAD,67.56334,76.0
1838,1.300609938977573e-158,-363.54561135479514,OAD,67.31924,32.8
1839,1.4944540364065167e-136,-312.7498117000859,IAD,72.70866,45.0
1840,3.0547493256949137e-132,-302.8245347397394,IAD,74.410774,0.0
1841,1.0190624720745567e-133,-306.22493430860965,IAD,78.248856,12.0
1842,2.370362484420617e-146,-335.3143806866659,OAD,51.01951,20.0
1843,1.8628446761289855e-144,-330.9501486759838,IAD,60.68055,72.0
1844,1.9027118416751355e-144,-330.9289732374812,IAD,58.87768,78.0
1845,1.4643054480343015e-144,-331.19087235799793,IAD,58.512882,92.0
1846,3.7638380135560727e-147,-337.154569485046,OAD,57.69176,55.0
1847,1.491029909563882e-150,-344.9882968534558,OAD,62.204502,88.0
1848,1.1539694105132863e-159,-365.96782212567285,OAD,66.27824,60.0
1849,5.751639811880562e-164,-375.8744702521968,OAD,67.96192,82.0
1850,1.456712432704661e-147,-338.10382653184615,OAD,56.692863,74.0
1851,1.1245864440541294e-150,-345.2703485863191,OAD,61.284855,92.0
1852,4.800664704329765e-155,-355.331935025682,OAD,59.911644,72.0
1853,1.8156236867246847e-158,-363.21201565531993,OAD,58.02191,91.0
1854,5.2311880623682634e-151,-346.03571062684495,OAD,61.365036,53.0
1855,3.4511758075814976e-154,-353.35938933431186,OAD,60.459114,85.0
1856,3.9908409000223333e-156,-357.8192725464891,OAD,55.019833,95.0
1857,1.928973453628746e-145,-333.21785051203466,IAD,57.706863,55.0
1858,4.774324722653144e-148,-339.2193412185264,OAD,58.184372,88.0
1859,3.2455503092615036e-148,-339.6053088405115,OAD,58.33955,92.0
1860,6.215173424317743e-156,-357.37628087834366,OAD,48.721252,74.0
1861,1.1153851652907356e-169,-389.02768093100957,OAD,38.636333,99.0
1862,3.7381533417241987e-152,-348.67434240450484,OAD,67.91117,92.0
1863,1.4237588412984457e-164,-377.2706548053963,OAD,57.021893,92.0
1864,9.181303726640043e-151,-345.4731798293996,OAD,59.73956,95.0
1865,2.4987861769310165e-155,-355.984884329338,OAD,56.348312,84.0
1866,1.4839003656743543e-186,-427.8861532934347,OAD,44.351173,56.0
1867,1.1170100565395076e-153,-352.1848637048737,OAD,50.38762,84.0
1868,7.686365671293573e-151,-345.65090097480925,OAD,59.895493,95.0
1869,6.320813930974326e-169,-387.29303272958066,OAD,55.217857,82.0
1870,5.207686258609347e-154,-352.9479686601939,OAD,50.070213,91.0
1871,3.5529988538278424e-156,-357.9354825126251,OAD,45.10234,92.0
1872,7.268002843819967e-148,-338.79911222130534,OAD,51.236935,97.0
1873,9.010430660811133e-154,-352.39972145251284,OAD,60.13676,81.0
1874,1.9982334621700358e-148,-340.09033024178564,OAD,60.508953,90.0
1875,2.039022833430618e-162,-372.30631437515825,OAD,69.496635,78.0
1876,1.0795354506115285e-153,-352.21898841781154,OAD,49.408146,75.0
1877,2.048823756343477e-190,-436.77390181778503,OAD,42.72375,95.0
1878,3.605777860833077e-171,-392.45951338175126,OAD,45.492672,66.0
1879,2.0035387744032591e-153,-351.6006042238489,OAD,52.21549,66.0
1880,1.5350052613118574e-187,-430.15487858128853,OAD,50.8373,88.0
1881,8.442744208612646e-202,-462.9888813858364,OAD,62.877563,77.4
1882,6.48079367971448e-150,-343.5189209648055,OAD,27.735271,77.0
1883,1.1484158539692296e-146,-336.03904010269366,OAD,31.152044,74.0
1884,1.9747345080704805e-149,-342.4047448930892,OAD,24.845755,47.0
1885,2.7299153573627917e-179,-411.158461041847,OAD,23.58721,33.0
1886,3.9053731944032957e-147,-337.1176553230503,OAD,33.86198,84.0
1887,3.370231868489469e-147,-337.26502712442124,OAD,29.640804,50.0
1888,5.970503151659991e-150,-343.60093274524365,OAD,36.53235,60.0
1889,9.007370895344916e-150,-343.18972071858695,OAD,26.484432,66.0
1890,1.4945034453354637e-171,-393.3402568938994,OAD,40.740974,56.0
1891,1.0979735741919814e-146,-336.08395730155337,OAD,23.363832,75.0
1892,4.865962886785978e-147,-336.89774405284015,OAD,21.00984,95.0
1893,2.312804872471024e-159,-365.2725687675943,OAD,38.719772,86.0
1894,1.6719414659017185e-155,-356.38670390845937,OAD,43.67505,45.0
1895,5.350808170052387e-153,-350.6182716187666,OAD,27.947826,53.0
1896,1.0040298069742608e-185,-425.9742204948482,OAD,29.139925,78.0
1897,2.359355503504531e-170,-390.58107731898195,OAD,23.043938,50.0
1898,9.80393069780524e-153,-350.0127358312154,OAD,32.53565,65.0
1899,1.1206296374318613e-150,-345.2738732454833,OAD,39.074356,15.0
1900,9.313407767900075e-151,-345.4588939847137,OAD,38.855103,48.0
1901,6.980299853666632e-151,-345.7472571672713,OAD,37.40314,67.0
1902,1.3569843285694327e-154,-354.2928394888825,OAD,27.570412,0.0
1903,2.979876538689428e-149,-341.99329698642373,OAD,37.0425,0.0
1904,9.49053060302354e-148,-338.53229924025555,OAD,35.018093,15.0
1905,6.171033629343518e-148,-338.96272741421706,OAD,19.489151,0.0
1906,6.980299853666632e-151,-345.7472571672713,OAD,37.40314,0.0
1907,2.489674098359073e-152,-349.08078231737755,OAD,31.15387,0.0
1908,2.6868005322157377e-136,-312.1632215546943,IAD,43.214775,0.0
1909,6.980299853666632e-151,-345.7472571672713,OAD,37.40314,59.15
1910,3.9053731944032957e-147,-337.1176553230503,OAD,33.86198,84.0
1994,1.1267525505903196e-123,-283.09862679201143,IAD,74.61322,18.0
1995,7.38764159606028e-125,-285.8233280747278,IAD,55.038948,36.0
1996,8.305398441560893e-124,-283.40364581324116,IAD,55.756622,78.0
1997,3.167060689556158e-123,-282.0651625077889,IAD,54.362186,97.0
1998,3.543889997291126e-124,-284.2553265381396,IAD,47.947723,96.0
1999,7.815983440506513e-129,-294.97730620015966,IAD,40.085747,98.0
2000,1.543251695090735e-127,-291.9944151295623,IAD,53.911983,85.0
2001,4.419419671786218e-138,-316.27073444168474,IAD,50.447014,82.0
2002,7.373006507018469e-129,-295.03565143467785,IAD,37.14156,70.0
2003,6.37329212845087e-134,-306.6942863074691,IAD,35.774345,71.0
2004,3.364130222667869e-135,-309.63581810217244,IAD,35.91462,73.0
2005,4.928212773686573e-127,-290.83333040846605,IAD,37.5507,54.0
2006,7.078717774299192e-136,-311.1944798612111,IAD,28.436424,58.0
2007,2.953836099980377e-128,-293.647787204764,IAD,36.285774,55.0
2008,9.33272259623574e-166,-379.9955986537631,OAD,37.156006,10.0
2009,3.8295609655681714e-128,-293.3881417370158,IAD,35.26929,0.0
2010,7.661308509081804e-141,-322.6283153193567,IAD,30.804264,6.0
2011,7.373006507018469e-129,-295.03565143467785,IAD,37.14156,67.0
2012,3.2824239862969684e-128,-293.5423097335703,IAD,30.377947,4.0
2013,7.815983440506513e-129,-294.97730620015966,IAD,40.085747,95.0
2014,1.2260136324982806e-128,-294.52712394629276,IAD,44.83176,90.0
2015,5.735313199265122e-119,-272.26098370529803,IAD,99.968506,26.0
2016,2.2117953167344573e-122,-280.1215767990168,IAD,77.75168,30.0
2017,1.0508706392012543e-122,-280.86576234449245,IAD,81.92059,45.0
2018,9.605409513385149e-121,-276.35046982152954,IAD,80.304085,54.0
2019,1.3428605736049926e-122,-280.62057925024396,IAD,67.34677,61.0
2020,7.933356029101922e-127,-290.3572306574274,IAD,66.096275,96.0
2021,1.0727230066433483e-125,-287.75293634244827,IAD,76.99903,41.0
2022,8.362130549372054e-136,-311.0278594021591,IAD,64.7861,20.0
2023,6.31048749991261e-127,-290.5860938783687,IAD,58.573208,99.0
2024,4.226755113350517e-126,-288.68428713125616,IAD,58.370434,97.0
2025,2.6693507086124467e-127,-291.44647154769973,IAD,61.30146,94.0
2026,2.6788156260972073e-129,-296.04810222994996,IAD,61.160297,89.0
2027,1.2267271510272676e-134,-308.3420526910023,IAD,61.62567,86.0
2028,1.2260136324982806e-128,-294.52712394629276,IAD,44.83176,90.0
2029,3.5946632554874334e-123,-281.9385161217219,IAD,62.46343,99.0
2030,3.888902348383479e-124,-284.16242458610157,IAD,58.76058,90.0
2031,1.0200133015286605e-126,-290.10590604932423,IAD,44.43889,99.0
2032,2.441524436204302e-129,-296.14085438307745,IAD,38.122738,97.0
2033,9.801050301479123e-130,-297.0535725356718,IAD,46.55999,99.0
2034,1.3937462536478277e-136,-312.8195773789332,IAD,56.877808,76.0
2035,7.815983440506513e-129,-294.97730620015966,IAD,40.085747,95.0
2036,1.5234104908408164e-127,-292.00735524484594,IAD,41.502655,99.0
2037,2.948614043601804e-129,-295.95214175200636,IAD,40.009785,99.0
2038,4.619709812506659e-130,-297.80573019725074,IAD,40.34382,99.0
2039,1.2830745644192166e-130,-299.08680288804095,IAD,43.193928,98.0
2040,1.2830745644192166e-130,-299.08680288804095,IAD,43.193928,92.0
2041,1.2830745644192166e-130,-299.08680288804095,IAD,43.193928,97.0
2042,2.2858995441105374e-132,-303.1144726547656,IAD,43.3533,99.0
2043,4.546610748330775e-130,-297.8216800243086,IAD,51.324272,85.0
2044,8.259359771479021e-130,-297.22471501420324,IAD,42.202187,92.0
2045,7.657710266874842e-129,-294.99776397793863,IAD,48.356316,99.0
2046,1.5176550959667312e-131,-301.2214807385706,IAD,58.88064,99.0
2047,4.645377957324179e-130,-297.80018935163224,IAD,59.798523,99.0
2048,4.5971573501237116e-130,-297.81062394411583,IAD,32.07094,61.0
2049,4.402199005856086e-130,-297.853957899089,IAD,32.48017,82.0
2050,6.141456403329901e-130,-297.5210001759548,IAD,38.45493,67.0
2051,4.0505988369950556e-132,-302.5423675440395,IAD,49.613083,70.4
2052,1.970658872943795e-130,-298.6576941491221,IAD,37.708908,82.0
2053,8.743105470038627e-143,-327.10140285465314,IAD,54.68877,80.0
2054,3.672367507575085e-137,-314.1533211886718,IAD,52.18033,92.0
2055,2.828119528950868e-131,-300.5990351688303,IAD,48.775654,87.0
2056,5.170667375324819e-131,-299.9956454158942,IAD,55.550205,83.0
2057,1.1438482550854985e-135,-310.7145893141926,IAD,52.014133,90.0
2058,3.3933714582693956e-132,-302.7194083175765,IAD,44.631187,94.0
2059,2.1540812575685943e-131,-300.8712828801636,IAD,55.61606,74.0
2060,3.744128470489906e-126,-288.8055328455239,IAD,71.34304,86.0
2061,2.102452653361898e-127,-291.68520221684196,IAD,67.37684,80.0
2062,1.4171911266700446e-136,-312.8028958143705,IAD,61.389595,99.0
2063,3.6524476625791476e-132,-302.64583473987886,IAD,45.923256,66.75
2064,6.09229255547249e-136,-311.344548190416,IAD,52.241573,98.0
2065,9.384226470511801e-147,-336.2409784253785,OAD,40.98798,82.0
2066,5.834574796326307e-138,-315.992941441333,IAD,49.831707,69.0
2067,5.560887996823387e-138,-316.0409850260095,IAD,42.978,61.0
2068,1.2471313563782243e-141,-324.4436521130966,IAD,61.08472,73.0
2069,8.500042224394989e-131,-299.49857605116017,IAD,29.622799,69.0
2070,6.856860049305496e-140,-320.43666340097394,IAD,44.68357,70.0
2071,5.204205024089712e-134,-306.89693550392406,IAD,60.425846,89.0
2072,3.096931455419356e-133,-305.1134056000356,IAD,58.69019,99.0
2073,1.253121336033179e-127,-292.2026693025991,IAD,73.68071,80.0
2074,3.2174769460013462e-136,-311.9829751519177,IAD,63.75732,55.0
2075,2.6584882481376947e-128,-293.75313426977146,IAD,70.856895,64.0
2076,1.3499937084559261e-131,-301.3385472501835,IAD,61.73199,54.0
2077,1.253121336033179e-127,-292.2026693025991,IAD,73.68071,0.0
2078,4.12851662717382e-131,-300.22072900993993,IAD,72.49532,13.0
2079,1.0320448124953876e-130,-299.30452000014867,IAD,58.94747,14.0
2080,3.1338442753200925e-130,-298.1938016353205,IAD,63.98384,0.0
2081,1.253121336033179e-127,-292.2026693025991,IAD,73.68071,90.0
2082,1.253121336033179e-127,-292.2026693025991,IAD,73.68071,71.0
2083,9.323044828087987e-128,-292.4984026296019,IAD,76.26545,67.0
2084,8.83827159817631e-130,-297.1569707522613,IAD,80.18836,84.0
2085,3.263796796415474e-129,-295.8505858170682,IAD,55.692497,39.0
2086,7.898776380038007e-131,-299.57193932334627,IAD,67.79376,55.0
2087,1.8092898707501847e-129,-296.4405425645404,IAD,60.91806,67.0
2088,1.6041471178643738e-129,-296.5608847716267,IAD,63.327377,72.0
2089,1.2292208572414275e-129,-296.8270964769586,IAD,71.7172,88.0
2090,1.4117707525300707e-129,-296.6886322269072,IAD,70.88862,84.0
2091,7.331836970750156e-129,-295.04125090180577,IAD,65.65652,81.0
2092,1.995697803436915e-132,-303.25023850987077,IAD,61.582447,70.0
2093,1.1597068971311358e-132,-303.7930649769104,IAD,83.98404,71.0
2094,2.4208873131582137e-131,-300.7545130509243,IAD,75.92253,86.0
2095,4.730476747613723e-135,-309.2949615644642,IAD,83.83806,87.0
2096,3.414853289252629e-126,-288.8975871858372,IAD,65.288185,82.0
2097,4.9532378512112076e-154,-352.9980628469842,OAD,49.17839,70.0
2098,1.876449253667732e-127,-291.7989255140926,IAD,60.2164,82.0
2099,2.45493818657604e-129,-296.1353754138865,IAD,25.555958,0.0
2100,1.2152035652928702e-132,-303.74632066900443,IAD,69.46173,70.0
2101,1.1597160391141755e-131,-301.4904720009357,IAD,68.657,72.0
2102,7.42582853543868e-131,-299.63368291649215,IAD,64.27586,55.0
2103,1.8258049542480313e-137,-314.8521367795721,IAD,66.89502,72.0
2229,4.3810763407228336e-125,-286.3458421901654,IAD,68.26342,88.0
2230,6.863471586439405e-126,-288.19950834135506,IAD,68.71482,88.0
2231,3.1467292708112513e-124,-284.37418794458534,IAD,71.80847,87.0
2232,3.831207568958237e-133,-304.90063732255345,IAD,64.63937,86.0
2233,6.9502000428010824e-127,-290.4895363679445,IAD,66.321655,89.0
2234,3.921405251364072e-128,-293.36444183118414,IAD,65.96903,89.0
2235,1.2967947956699092e-131,-301.3787515039982,IAD,69.39924,85.0
2236,6.599232493162408e-118,-269.8180876199419,IAD,53.397995,46.0
2237,3.518135992795206e-127,-291.17037550839495,IAD,48.309193,50.0
2238,3.8635432368021195e-119,-272.65604136686585,IAD,73.41663,48.0
2239,1.1510547719733675e-121,-278.47211753724855,IAD,53.160763,45.0
2240,1.0411850767250523e-120,-276.26985159801495,IAD,50.893063,38.0
2241,4.04258907819873e-128,-293.3340065555882,IAD,61.965363,71.0
2242,1.5511218658487215e-126,-289.6867432637057,IAD,39.862297,72.0
2243,3.067189192366979e-133,-305.1230557985204,IAD,66.68995,36.0
2244,7.416316183708423e-129,-295.02979453353356,IAD,53.55482,14.0
2245,3.908510659880664e-128,-293.3677355072048,IAD,72.691734,92.0
2246,9.843653964163394e-133,-303.95699038825126,IAD,75.96959,88.0
2247,9.061892787740359e-145,-331.6707604689327,IAD,68.63912,90.0
2248,1.1194200705767694e-130,-299.2232513321485,IAD,83.39309,95.0
2249,6.972973428161706e-131,-299.6966054446636,IAD,57.948128,96.0
2250,1.6610212468744346e-133,-305.7363847460426,IAD,71.06445,93.0
2251,2.366460448828613e-128,-293.86949654595287,IAD,75.700035,90.0
2252,3.823008754614198e-129,-295.69243925153484,IAD,51.73927,92.0
2253,4.454586224439406e-123,-281.7240322605721,IAD,75.49992,96.0
2254,1.2931009968513374e-125,-287.5660934170359,IAD,60.759552,92.0
2255,8.921715726204046e-128,-292.54240362915505,IAD,72.06026,94.0
2256,9.709151513137969e-133,-303.97074847250997,IAD,69.47144,92.0
2257,2.142740280624834e-129,-296.27139148138053,IAD,72.146965,96.0
2258,2.930558014776067e-141,-323.5893052585355,IAD,67.33456,84.0
2259,5.878953140680108e-130,-297.5646833804652,IAD,64.67128,82.0
2260,2.315705578124042e-127,-291.5885923837765,IAD,65.20204,93.0
2261,7.135640634274294e-131,-299.6735451477571,IAD,80.59104,92.0
2262,4.026139879401493e-134,-307.1535943905738,IAD,74.867676,92.0
2263,1.539876482974655e-129,-296.60177478888363,IAD,63.804504,92.0
2264,2.389822809078543e-127,-291.55708758550963,IAD,66.42587,84.0
2265,7.369496322693349e-135,-308.8516381918916,IAD,71.94702,72.0
2266,1.647810114699703e-134,-308.04695525801617,IAD,64.82499,52.0
2267,1.668654902224692e-127,-291.9162889561321,IAD,69.20577,68.0
2268,2.5299844443732616e-166,-381.3009122827601,OAD,58.08612,95.0
2269,8.514723597745949e-141,-322.5227012592014,IAD,46.08458,96.0
2270,1.752980406521971e-141,-324.1031806833962,IAD,32.635857,93.0
2271,9.960718265714968e-131,-299.339997998192,IAD,79.03671,92.0
2272,5.679567870839653e-132,-302.20435712445266,IAD,61.64919,94.0
2273,3.8559638955993326e-133,-304.89419635467806,IAD,68.50417,95.0
2274,3.6071086071759627e-140,-321.07900650758575,IAD,73.718765,94.0
2275,1.1682211124651482e-137,-315.2986755650774,IAD,73.83199,96.0
2276,8.510069903838214e-134,-306.4051523043335,IAD,73.097084,94.0
2277,1.0958433900048154e-139,-319.967803640188,IAD,71.45677,95.0
2278,4.772506357599566e-128,-293.16802029448905,IAD,73.85114,90.0
2279,1.469773957626775e-127,-292.04319819159895,IAD,62.700188,93.0
2280,1.4498689636974354e-126,-289.7542485347647,IAD,63.377148,92.0
2281,2.1295939920063134e-132,-303.1853009277434,IAD,48.50008,80.0
2282,4.365812726902835e-130,-297.8622577255356,IAD,48.583397,84.0
2283,6.741844902040592e-128,-292.82255829143094,IAD,48.774254,82.0
2284,2.391579916705189e-126,-289.2537675166909,IAD,73.37312,91.0
2285,1.386198578584536e-126,-289.79915655215285,IAD,73.449066,88.0
2286,4.944071291044134e-135,-309.25079841443517,IAD,76.01385,76.0
2287,3.193040878103014e-126,-288.9647480011866,IAD,78.960884,34.0
2288,1.473715353620712e-126,-289.73793505365023,IAD,57.421535,90.0
2289,8.452835878216023e-123,-281.08346444631246,IAD,59.3621,76.0
2290,3.977682547411811e-130,-297.9553627140369,IAD,67.16832,96.0
2291,1.7898500568090372e-130,-298.7539302400277,IAD,60.40019,90.0
2292,4.320367134757484e-125,-286.35979624071314,IAD,66.76728,96.0
2293,2.5967908444166435e-127,-291.4740304181894,IAD,66.83494,90.0
2294,3.656406529870076e-128,-293.4344110605678,IAD,55.83352,90.0
2295,3.929332712086754e-137,-314.08568812208176,IAD,63.966206,86.0
2296,2.3769182876529258e-122,-280.04957653373674,IAD,64.44136,92.0
2297,4.527669646267069e-131,-300.12843980196055,IAD,69.37618,92.0
2298,4.4342312780200294e-127,-290.93895254027916,IAD,59.222454,72.0
2299,8.654959736623559e-129,-294.8753444596511,IAD,78.848976,94.0
2300,3.6450122473253485e-165,-378.6331806185282,OAD,66.48562,92.0
2301,1.4176547333041264e-172,-395.6956320850161,OAD,61.700287,94.0
2302,4.2822098551193565e-135,-309.39451835656087,IAD,70.56006,96.0
2303,1.2988553417191227e-132,-303.6797489049899,IAD,70.77499,96.0
2304,7.367168039213286e-137,-313.4571243630229,IAD,55.308365,96.0
2305,7.153554085072972e-158,-361.8408353850187,OAD,58.68329,95.0
2306,3.0825241636437087e-131,-300.5128983872183,IAD,63.183582,94.0
2307,2.479519548480907e-139,-319.1512631152149,IAD,59.433098,96.0
2308,1.1008039003326791e-129,-296.9374362648611,IAD,58.909843,88.0
2309,6.972449078694848e-113,-258.2501489709975,IAD,38.91557,15.0
2310,2.966467699025299e-127,-291.34093489216724,IAD,28.13138,16.0
2311,6.139017214906347e-132,-302.1265676085852,IAD,31.106447,74.0
2312,2.0688879737766123e-147,-337.75299741793276,OAD,10.235027,10.0
2313,5.783661775698062e-127,-290.6732698029446,IAD,29.32017,75.0
2314,5.468989378012548e-119,-272.3085322241462,IAD,32.283337,62.0
2315,1.24281300670368e-118,-271.48766360917034,IAD,34.099648,74.0
2316,1.5659394587621177e-120,-275.8617252222585,IAD,30.127716,73.0
2317,1.683099650253342e-119,-273.48698894294057,IAD,31.457895,56.0
2318,1.156359394726294e-127,-292.28303019321953,IAD,25.125319,86.0
2319,1.7934172841400635e-117,-268.81833298317594,IAD,36.04325,45.0
2320,1.4504572880469825e-118,-271.333162095517,IAD,39.880444,17.0
2321,4.4692673070227785e-124,-284.0233270494892,IAD,31.346914,66.0
2322,1.3473613154534413e-134,-308.24825436258385,IAD,31.15309,73.0
2323,1.0490769066579445e-135,-310.8010769132101,IAD,32.731358,82.0
2324,8.466073856455987e-147,-336.34394180417365,OAD,29.806501,92.0
2325,4.89134332856468e-121,-277.0253292772005,IAD,32.255505,76.0
2326,0.0,-1006.8382169685297,OAD,16.214813,23.0
2327,2.6256221389488497e-133,-305.27849949493196,IAD,32.790333,61.0
2328,1.5181086231486056e-131,-301.2211819490552,IAD,29.894651,48.0
2329,3.886410798363754e-128,-293.3734058454756,IAD,26.354794,77.0
2330,1.896451947456392e-119,-273.36764132195236,IAD,34.98891,87.0
2331,3.9034036474120597e-125,-286.46128772162194,IAD,27.722116,88.0
2332,9.418318593738318e-133,-304.00116078878534,IAD,29.15293,92.0
2333,3.9505088532363055e-132,-302.5673878809939,IAD,34.11835,21.0
2334,4.101726429284e-136,-311.7401646817962,IAD,38.029736,49.0
2335,9.049541277664338e-119,-271.80491199741516,IAD,36.938297,65.0
2336,2.0448487021813504e-122,-280.2000575427792,IAD,36.893963,69.0
2337,1.598410236752726e-122,-280.4463718120071,IAD,30.439447,92.0
2338,3.410388616816715e-135,-309.62216130551826,IAD,33.0517,94.0
2339,5.935980486233425e-121,-276.83176403377945,IAD,35.999664,61.0
2340,2.94697241123785e-121,-277.53201791021087,IAD,34.57049,11.0
2341,7.491455106122469e-147,-336.4662456182836,OAD,37.592068,84.0
2342,1.6215764462348763e-147,-337.99660987909004,OAD,32.744865,78.0
2343,9.99728652438751e-148,-338.4802800545074,OAD,32.30598,49.0
2344,1.8432999196711093e-160,-367.80205747910617,OAD,29.059935,29.0
2345,6.986002763159261e-148,-338.8386852212061,OAD,29.797894,65.0
2346,7.022761481834193e-147,-336.5308521559574,OAD,18.88886,48.0
2347,3.207972004784305e-148,-339.61695479984076,OAD,12.367952,38.0
2348,8.127980789220764e-147,-336.3846961428223,OAD,28.875504,91.0
2349,3.5094160060400753e-146,-334.92197393354115,OAD,15.27315,87.0
2350,1.972647670853174e-172,-395.36525935922236,OAD,30.965704,92.0
2351,1.748648754408788e-160,-367.8547715297036,OAD,21.341902,85.0
2352,6.646198258854383e-158,-361.91439969226656,OAD,44.443474,95.0
2353,3.663468835831224e-151,-346.3919385741846,OAD,56.307,95.0
2354,3.1385148848576765e-152,-348.8491844136646,OAD,26.525341,92.0
2355,1.0312748599204088e-157,-361.4750638350995,OAD,66.073364,91.0
2356,1.1747833710315367e-147,-338.31892490460547,OAD,51.565548,82.0
2357,5.759585059858288e-144,-329.8213879572487,IAD,31.70265,73.0
2358,2.9816929489398858e-154,-353.5056130782044,OAD,54.570286,60.0
2359,1.1896179777447382e-146,-336.0037913486527,OAD,24.189445,97.0
2360,4.376652237395666e-159,-364.63474568327524,OAD,18.976261,81.0
2361,1.5936420827784627e-143,-328.803646283283,IAD,57.609436,70.0
2362,2.298541018005137e-146,-335.3451489954721,OAD,16.866375,50.0
2363,2.31603810054107e-146,-335.3375655665444,OAD,13.859065,67.0
2364,3.2551991315206956e-153,-351.1152657771812,OAD,12.0078535,82.0
2365,1.4952056272100177e-155,-356.49842567340835,OAD,58.96928,64.0
2366,1.2116747858494226e-155,-356.70868589094357,OAD,30.27214,97.0
2367,9.621932510090172e-151,-345.42630391297314,OAD,54.829514,79.0
2368,3.2951904132501305e-151,-346.49788508727283,OAD,57.28266,97.0
2369,2.8386694368255377e-152,-348.9495987008661,OAD,65.26654,97.0
2370,3.0099256635825404e-151,-346.5884336601293,OAD,35.467827,66.0
2371,7.341698289401402e-162,-371.0252148745941,OAD,30.258772,49.0
2372,1.8691583164753008e-161,-370.090711740641,OAD,32.826614,72.0
2373,1.0057551051082336e-145,-333.86909987638006,OAD,57.09255,93.0
2374,7.914469090921615e-162,-370.95009245027285,OAD,57.428272,77.0
2375,4.203031595018939e-146,-334.74161750388186,OAD,50.688885,91.0
2376,4.212441406799018e-155,-355.46264702786056,OAD,56.97528,95.0
2377,8.826770083192249e-171,-391.564261743276,OAD,64.71368,78.0
2378,8.1405192808007e-172,-393.947782023286,OAD,50.46505,81.0
2379,5.335512703963435e-151,-346.0159640600034,OAD,34.587246,90.0
2380,9.364686130544254e-161,-368.47925415186506,OAD,37.30092,82.0
2381,2.41903805407915e-168,-385.9509256601689,OAD,30.04246,86.0
2382,5.335512703963435e-151,-346.0159640600034,OAD,34.587246,72.0
2383,4.743378418393321e-151,-346.1335994137806,OAD,34.267998,83.0
2384,9.212941393178152e-149,-340.86456968732415,OAD,26.090803,85.0
2385,1.8033753626736033e-176,-404.66531625656,OAD,25.650724,68.0
2386,1.1512265983607355e-219,-504.125307384472,OAD,25.530546,91.0
2387,2.610601267784923e-148,-339.8230131975166,OAD,20.637266,79.0
2388,4.1856385653043516e-180,-413.03365746232447,OAD,33.620724,92.0
2389,3.5719209000789663e-180,-413.19221322059394,OAD,33.58578,90.0
2390,3.446444102124679e-170,-390.2021228045122,OAD,23.395315,85.0
2391,1.5677579259876672e-195,-448.55444660776556,OAD,28.775408,70.0
2392,2.2965013783618212e-178,-409.0287597279555,OAD,36.014465,76.0
2393,1.4262045878889366e-148,-340.4275769816496,OAD,24.146723,74.0
2394,1.3273569189314107e-161,-370.43301028606555,OAD,20.087063,65.0
2395,1.0043343636361936e-156,-359.1989495097341,OAD,49.63325,85.0
2396,2.052667302844391e-157,-360.7867195293036,OAD,62.781223,81.0
2397,2.736444913908731e-147,-337.47334906885203,OAD,28.885292,50.0
2481,4.035342812913991e-154,-353.20301306314,OAD,17.67985,14.0
2482,1.0089190207621234e-131,-301.6297677009948,IAD,21.775948,23.0
2483,1.113121026191411e-130,-299.2288942841277,IAD,21.84251,36.0
2484,1.2006927233901875e-129,-296.85057833650205,IAD,26.090515,20.0
2485,1.0421251582524576e-128,-294.6896298536337,IAD,23.209572,5.0
2486,6.780451397650916e-127,-290.5142631326831,IAD,19.670605,8.0
2487,2.8740320843455076e-134,-307.49068650995224,IAD,23.123545,72.0
2488,3.229538144961762e-140,-321.1895738813317,IAD,24.373798,75.0
2489,1.4363244607291094e-139,-319.6972405334857,IAD,22.473988,70.0
2490,3.983403519725286e-145,-332.49270187456773,IAD,23.275948,78.0
2491,1.4363244607291094e-139,-319.6972405334857,IAD,22.473988,47.0
2492,3.983403519725286e-145,-332.49270187456773,IAD,23.275948,87.0
2493,4.772161282113618e-157,-359.94306029880767,OAD,16.164288,11.0
2494,8.715045966178381e-138,-315.5916918798452,IAD,21.971483,25.0
2495,1.6073957423991773e-136,-312.6769573291473,IAD,20.555092,15.0
2496,2.848011843396364e-136,-312.1049514951532,IAD,24.95897,21.0
2497,1.0565938407329423e-133,-306.18876699180413,IAD,19.55747,0.0
2498,1.012125980034977e-132,-303.92917922589595,IAD,19.1139,9.0
2499,6.2973203681367524e-145,-332.03471427961216,IAD,24.133827,79.0
2500,3.24586437487907e-135,-309.6716058682074,IAD,17.787952,82.0
2501,4.69472175127399e-145,-332.328399638137,IAD,19.11428,23.0
2502,1.3305113524456054e-130,-299.05049874536104,IAD,24.539042,35.0
2503,3.229538144961762e-140,-321.1895738813317,IAD,24.373798,38.0
2504,4.069260159903194e-141,-323.2610369081233,IAD,22.305208,35.0
2505,1.8648960092281424e-184,-423.0524518184902,OAD,19.94264,33.0
2506,3.5310096566623718e-146,-334.9158397253645,OAD,24.645842,44.0
2507,2.0927485555252043e-146,-335.43894527680095,OAD,20.733973,45.0
2508,4.1405332175309616e-159,-364.69020521000454,OAD,25.534702,50.0
2509,3.983403519725286e-145,-332.49270187456773,IAD,23.275948,15.0
2510,8.900660002602957e-148,-338.59646833153437,OAD,14.047439,21.0
2511,6.31310249120722e-147,-336.6373814359261,OAD,20.763302,39.0
2512,1.8533542908498957e-145,-333.25784135659364,IAD,17.557138,52.0
2513,2.6082081110461273e-145,-332.9161750460756,IAD,22.826843,53.0
2514,3.899245496518152e-145,-332.51405541214854,IAD,23.684437,67.0
2515,3.821060529476311e-131,-300.298119172615,IAD,14.435494,5.0
2516,1.6215418636229173e-131,-301.1552697179509,IAD,13.879495,13.0
2517,1.0985233833818855e-170,-391.34549890972465,OAD,21.897081,92.0
2518,1.8901759598690167e-176,-404.61830644175427,OAD,33.210197,85.0
2519,2.040246416300235e-175,-402.23932068109264,OAD,17.654331,75.0
2520,3.93113138424423e-171,-392.3731236334997,OAD,15.842525,79.0
2521,3.710451233617028e-172,-394.7334824994405,OAD,23.144594,74.0
2522,2.283041182777202e-224,-514.9535524243951,OAD,16.56617,80.0
2523,1.6267196805752906e-173,-397.8606555667864,OAD,32.174915,81.0
2524,4.551280053847425e-174,-399.1343976570512,OAD,21.652971,73.0
2525,7.255297248467969e-169,-387.1551488589644,OAD,17.208315,81.0
2526,1.376695955670124e-174,-400.33011978758026,OAD,23.147894,78.0
2527,5.763656212813594e-171,-391.9904788694794,OAD,25.433554,72.0
2528,1.7139874223002127e-169,-388.59805823405964,OAD,22.974585,76.0
2529,1.2352875841019245e-177,-407.3462576553532,OAD,22.554682,73.0
2530,1.2819109399079267e-177,-407.30920957351134,OAD,55.64628,73.0
2531,1.8200601429976605e-174,-400.05093663481813,OAD,15.79004,83.0
2532,7.02466151647042e-282,-647.3795691929707,OAD,33.47759,79.0
2533,8.628412654741994e-183,-419.2180114631347,OAD,17.467197,86.0
2534,1.33003365057601e-189,-434.9033783327761,OAD,25.235775,68.0
2535,1.9335290722637422e-267,-614.1308729613764,OAD,23.393572,74.0
2536,6.902938032932534e-169,-387.2049335931441,OAD,28.692347,78.0
2537,8.504843846300326e-172,-393.90400012951994,OAD,29.524244,81.0
2538,6.263195748830296e-299,-686.638252247362,OAD,15.930759,77.0
2539,5.3579081225717466e-176,-403.5764027436863,OAD,23.498108,73.0
2540,1.828427195767887e-179,-411.55927550448934,OAD,31.370743,78.0
2541,5.562092369750681e-169,-387.4209063530292,OAD,20.837471,92.0
2542,1.820135917125806e-166,-381.6302142589718,OAD,14.785889,90.0
2543,5.366783691171782e-184,-421.99542832201143,OAD,18.126389,74.0
2544,3.454322990886288e-175,-401.7127647864786,OAD,31.813759,81.0
2545,1.8261509353351245e-173,-397.7450106502126,OAD,49.276703,78.0
2546,8.427346347014815e-168,-384.70281368737267,OAD,15.599121,82.0
2547,7.723805558148348e-198,-453.8675412222966,OAD,23.792316,81.0
2548,9.759655178924782e-173,-396.0689640181972,OAD,44.98298,57.0
2549,2.976010306250112e-187,-429.4928288098,OAD,5.376633,54.0
2550,3.455940635827463e-167,-383.2916158563446,OAD,18.623068,66.0
2551,2.7093599042662347e-186,-427.2841148875877,OAD,47.950665,77.0
2552,2.808628567379557e-171,-392.70935459208675,OAD,20.708084,72.0
2553,1.314e-321,-738.8565710047412,OAD,42.9689,73.0
2554,1.4980022345887117e-186,-427.8766949200838,OAD,15.539757,58.0
2555,1.2189467790012271e-182,-418.8724997349263,OAD,30.86413,61.0
2556,3.1797224971359124e-198,-454.7550544848884,OAD,25.360365,62.0
3035,1.7829763450612662e-126,-289.5474376453882,IAD,68.62917,0.0
3036,1.930555889385465e-124,-284.86274354422795,IAD,59.588303,0.0
3037,8.393607027339734e-125,-285.6956662763397,IAD,64.30574,0.0
3038,9.958908392326806e-128,-292.43242443681174,IAD,75.74317,24.0
3039,8.397385329289323e-129,-294.90555660916,IAD,81.02123,15.0
3040,7.192182660496381e-132,-301.96823758063414,IAD,76.852005,15.0
3041,5.5041255955528364e-139,-318.3538300068422,IAD,80.80208,96.0
3069,1.0470018173788685e-151,-347.64441837441757,OAD,53.817204,0.0
3070,4.215600181444795e-157,-360.06706762694625,OAD,53.070538,0.0
3071,2.453263523419472e-152,-349.09551494655506,OAD,55.24287,0.0
3072,1.199912794734033e-152,-349.81068525199663,OAD,66.85165,0.0
3073,2.972673701574532e-159,-365.0215680019879,OAD,65.94109,0.0
3074,1.6286972587286768e-152,-349.5051536676029,OAD,50.681747,0.0
3075,5.148804726514883e-150,-343.74899935330757,OAD,69.06765,0.0
3076,8.474381502230689e-150,-343.25071627759127,OAD,71.53781,0.0
3077,6.354738950970795e-163,-373.4721693319704,OAD,65.29079,0.0
3078,6.354738950970795e-163,-373.4721693319704,OAD,65.29079,0.0
3079,1.3821077301305455e-153,-351.97190955344405,OAD,64.90948,0.0
3080,1.4690423662940584e-158,-363.42383395605594,OAD,68.67112,0.0
3081,5.433538098112768e-158,-362.1158541878555,OAD,63.876102,0.0
3082,1.264461013892734e-169,-388.9022347605845,OAD,63.228878,79.0
3083,6.573152539301255e-169,-387.2538871600287,OAD,67.637665,80.0
3084,5.260733581176181e-168,-385.17402514187233,OAD,69.18712,80.0
3085,2.2405669855956255e-211,-485.0387256693363,OAD,51.80391,66.0
3086,8.313563857651006e-181,-414.6500134512541,OAD,60.51483,40.0
3087,2.8725127459350613e-175,-401.8972041059999,OAD,62.389412,43.0
3088,8.241094887355046e-177,-405.44842825017275,OAD,54.249928,0.0
3089,3.738703270982279e-169,-387.8181418836769,OAD,69.485374,88.0
3090,1.5908158374619136e-164,-377.1597082610629,OAD,71.69245,83.0
3091,5.610323462249733e-169,-387.41227233996625,OAD,68.24212,30.0
3092,4.7364997484031467e-169,-387.581582302779,OAD,59.977135,25.0
3093,2.5051820688575356e-169,-388.21851930191946,OAD,74.27885,65.0
3094,4.2439834603222204e-178,-408.4146442293868,OAD,49.662525,88.0
3095,4.458894409992272e-177,-406.0626606147802,OAD,52.495296,95.0
3096,4.3490824756639057e-175,-401.48242637623997,OAD,59.35313,92.0
3097,1.494674434485016e-172,-395.6427275814237,OAD,71.53866,78.0
3098,2.113212655705331e-171,-392.9938415268098,OAD,66.96634,88.0
3099,1.264461013892734e-169,-388.9022347605845,OAD,63.228878,79.0
3100,3.738703270982279e-169,-387.8181418836769,OAD,69.485374,88.0
3101,4.326041590624483e-177,-406.092908518355,OAD,52.82924,95.0
3102,3.040109988617853e-172,-394.9327422997458,OAD,60.862534,89.0
3103,1.4190638677708775e-171,-393.39205349581687,OAD,65.20617,91.0
3104,1.5371895308989693e-178,-409.43019078375505,OAD,50.441017,98.0
3105,1.7993416400165888e-172,-395.45721515252495,OAD,60.91003,94.0
3106,8.869188692592176e-172,-393.86205266928727,OAD,67.24582,78.0
3107,1.271505892612042e-178,-409.6199446126925,OAD,51.918507,88.0
3108,7.258563907514466e-173,-396.36503908758226,OAD,56.02596,83.0
3109,3.0473910881551095e-172,-394.9303501513363,OAD,62.89475,86.0
3110,3.545783977498831e-179,-410.89697236018895,OAD,49.0137,90.0
3111,1.4743134269540307e-205,-471.6417516556054,OAD,54.72662,44.0
3112,6.328911683869915e-205,-470.1848157722833,OAD,62.112865,38.0
3113,2.2756260926251926e-212,-487.32578449464734,OAD,49.60182,98.0
3114,2.2710061702807493e-198,-455.0916254327129,OAD,57.401596,74.0
3115,7.186098037366438e-198,-453.93970008139416,OAD,63.33671,73.0
3116,3.762507668773481e-205,-470.7048583954942,OAD,50.063335,95.0
3117,2.638016902612257e-182,-418.100459463283,OAD,59.834866,75.0
3118,3.277425811121433e-182,-417.88342862433024,OAD,66.84345,26.0
3119,1.6677031200930624e-191,-439.2823054593232,OAD,49.276577,0.0
3120,3.506996078082337e-174,-399.3950463281178,OAD,60.352856,88.0
3121,3.945623836624384e-174,-399.2771991056763,OAD,68.97373,57.0
3122,5.924584197492027e-182,-417.29137641799616,OAD,51.95024,91.0
3123,3.5385736652356056e-169,-387.87315698946685,OAD,62.42678,86.0
3124,2.2439476917517475e-168,-386.02605894588197,OAD,68.65767,97.0
3125,5.02313883659719e-179,-410.5486766413736,OAD,51.99259,92.0
3126,1.6727463792263368e-169,-388.6224139018788,OAD,61.098103,75.0
3127,6.574230943918524e-169,-387.25372311147544,OAD,66.83946,91.0
3128,2.293581312876607e-177,-406.72744697189984,OAD,52.96554,91.0
3129,1.8386466831954354e-182,-418.4614571221703,OAD,59.82236,81.0
3130,1.1481032970670305e-181,-416.6297905580493,OAD,65.851555,57.0
3131,1.9869565832181725e-189,-434.5019784629623,OAD,51.098656,91.0
3132,3.8162871840192138e-174,-399.31052817234297,OAD,59.67551,27.0
3133,3.234527673640047e-179,-410.98884873369826,OAD,51.140533,55.0
3134,5.918659983142509e-175,-401.17428120488296,OAD,56.345215,49.0
3845,6.354914402371464e-144,-329.7230249559276,IAD,53.293396,14.0
3846,2.809766085585879e-139,-319.0262266898554,IAD,52.818863,2.5
3847,1.7936683405637446e-144,-330.98799051607745,IAD,46.99775,0.0
3848,5.3690273834497655e-145,-332.19419171242055,IAD,38.30581,0.0
3849,6.354914402371464e-144,-329.7230249559276,IAD,53.293396,23.0
3850,4.005515473649261e-158,-362.4207724132931,OAD,45.25084,31.0
3851,1.3951467263351218e-146,-335.84442398721984,OAD,49.56309,39.0
3852,6.783823071892316e-143,-327.3551274802036,IAD,55.642212,49.0
3853,3.097413331319438e-141,-323.5339307582343,IAD,48.86633,53.0
3854,3.097413331319438e-141,-323.5339307582343,IAD,48.86633,63.0
3855,3.097413331319438e-141,-323.5339307582343,IAD,48.86633,72.0
3856,3.097413331319438e-141,-323.5339307582343,IAD,48.86633,81.0
3857,3.097413331319438e-141,-323.5339307582343,IAD,48.86633,20.0
3858,5.9315112401105355e-155,-355.1204103869737,OAD,56.961277,55.0
3859,1.6171530833010593e-148,-340.30192651582297,OAD,56.43103,54.0
3860,5.25574477837266e-147,-336.82068694826967,OAD,60.15645,42.0
3861,1.0851391852364133e-140,-322.28020475907744,IAD,54.111954,48.0
3862,6.54464597387387e-147,-336.601361363307,OAD,43.772552,47.0
3863,1.6131607282895678e-143,-328.79147285840895,IAD,44.496025,54.0
3864,4.538009978185093e-145,-332.3623498989746,IAD,47.527054,58.0
3865,2.7936707738203074e-141,-323.6371416915469,IAD,82.708694,45.0
3866,4.884535005822179e-143,-327.6835942053478,IAD,79.97845,31.0
3867,4.878221460242153e-138,-316.1719621346115,IAD,80.8906,77.0
3868,1.12886369693673e-140,-322.24070147030693,IAD,79.99779,53.0
3869,3.405586884566033e-141,-323.4390808277736,IAD,80.20144,46.0
3870,1.618770543350264e-188,-432.40433054562266,OAD,52.00111,51.0
3871,3.0112558948216356e-153,-351.1931619955444,OAD,68.70623,44.0
3872,2.7735121849992256e-145,-332.8547240302676,IAD,69.23616,67.0
3873,1.0818373339309072e-142,-326.88842237435847,IAD,54.591743,36.0
3874,2.7537954208447452e-148,-339.7696136499416,OAD,59.606716,76.0
3875,5.116961143057996e-151,-346.0577883060027,OAD,58.502243,58.0
3876,1.307916681826547e-143,-329.00123274605176,IAD,74.55543,31.0
3877,6.548292036217567e-150,-343.5085596912923,OAD,79.82291,56.0
3878,7.141641229537661e-136,-311.1856300331725,IAD,79.12999,65.0
3879,3.165080504318853e-140,-321.20973452809,IAD,78.968834,62.0
3880,2.58619576791078e-138,-316.8065548527122,IAD,50.493885,53.0
3881,7.321597541722744e-140,-320.37108447160006,IAD,61.18683,77.0
3882,1.4726270243267285e-129,-296.6464290990104,IAD,63.123985,48.0
3883,8.140270593608798e-148,-338.68577034119875,OAD,58.880856,60.0
3884,3.1499342918116836e-137,-314.3067761473066,IAD,58.403503,65.0
3885,5.731242873687057e-147,-336.73407625651623,OAD,57.061382,41.0
3886,5.258446220427727e-142,-325.3072476173986,IAD,51.219044,47.0
3887,3.097413331319438e-141,-323.5339307582343,IAD,48.86633,77.0
3888,8.219592604951619e-133,-304.1372967218096,IAD,44.063446,63.0
3889,1.0575137594986893e-140,-322.30599237596647,IAD,46.9121,49.0
3890,2.2266244739989943e-141,-323.8640113622624,IAD,56.431202,41.0
3891,1.527043837689393e-139,-319.63599419197243,IAD,79.29073,45.0
3892,3.5058356334022735e-144,-330.31782448725926,IAD,74.077614,36.0
3893,1.6771012251657153e-144,-331.05518654926107,IAD,69.47646,28.0
3894,1.5497195162353085e-139,-319.6212539688835,IAD,78.65965,51.0
3895,1.4689438553111289e-139,-319.67478424937667,IAD,78.82588,55.0
3896,1.5497195162353085e-139,-319.6212539688835,IAD,78.65965,59.0
3897,1.5497195162353085e-139,-319.6212539688835,IAD,78.65965,65.0
3898,1.5497195162353085e-139,-319.6212539688835,IAD,78.65965,69.0
3899,1.5497195162353085e-139,-319.6212539688835,IAD,78.65965,48.0
3900,1.5497195162353085e-139,-319.6212539688835,IAD,78.65965,64.0
3901,1.5497195162353085e-139,-319.6212539688835,IAD,78.65965,72.0
3902,1.5497195162353085e-139,-319.6212539688835,IAD,78.65965,73.0
3903,1.485640619058528e-140,-321.96606694662967,IAD,70.07941,65.0
3904,7.913792399628696e-140,-320.2933059085881,IAD,75.9657,52.0
3905,1.5497195162353085e-139,-319.6212539688835,IAD,78.65965,65.0
3906,1.4911032848852522e-139,-319.65981162056545,IAD,77.993385,72.0
3907,1.4264513060215668e-139,-319.7041381703646,IAD,77.27062,68.0
3908,1.958758754730072e-139,-319.38701694194475,IAD,79.418884,71.0
3909,1.5497195162353085e-139,-319.6212539688835,IAD,78.65965,61.0
3910,1.5497195162353085e-139,-319.6212539688835,IAD,78.65965,67.0
3911,1.5497195162353085e-139,-319.6212539688835,IAD,78.65965,72.0
3912,3.7098398690867323e-138,-316.4457541194617,IAD,78.666016,67.0
3913,7.283431827243906e-132,-301.9556301192406,IAD,76.58703,77.0
3914,1.4227595889558578e-139,-319.70672956796045,IAD,74.2534,71.0
3915,2.0945770495771434e-134,-307.80705081385304,IAD,77.66629,0.0
3916,4.1875739423614735e-143,-327.8375467432759,IAD,75.77574,84.0
3917,8.611833999520065e-142,-324.8139459013235,IAD,76.176575,78.0
3918,1.6915394465581647e-135,-310.3233485247694,IAD,74.43261,77.0
3919,4.329112103128222e-143,-327.80430583417547,IAD,72.48582,68.0
3920,5.496652282685764e-138,-316.05260360213356,IAD,76.46862,0.0
3921,8.404146136156777e-141,-322.53577294044777,IAD,77.597015,96.0
3922,6.581066980474119e-134,-306.66220557392336,IAD,74.98916,90.0
3923,5.7052560255311826e-148,-339.04120590341796,OAD,76.14912,78.0
3924,1.4079285050219722e-141,-324.3223786333971,IAD,75.42125,63.0
3925,9.32714678708942e-145,-331.6419093266483,IAD,73.315025,0.0
3926,1.1189918238855058e-148,-340.67016564044167,OAD,79.39243,69.0
3927,4.0285999471104055e-142,-325.57366429722083,IAD,76.10635,75.0
3928,6.943691680501547e-144,-329.6344198156197,IAD,76.92743,77.0
3929,1.2951731211946969e-142,-326.7084388346177,IAD,76.207085,82.0
3930,1.924885369588089e-136,-312.49670622948946,IAD,73.923706,60.0
3931,3.0558788125494207e-139,-318.94226071123376,IAD,76.57152,0.0
3932,1.1330445074595805e-143,-329.1447600340326,IAD,71.55044,76.0
3933,1.2666358243076916e-150,-345.15139952056984,OAD,73.01354,93.0
3934,5.007002970810769e-137,-313.84332021350514,IAD,78.63273,84.0
3935,7.592015123910273e-142,-324.9399861517637,IAD,79.086334,81.0
3936,0.0,-1547.5518578168883,OAD,34.551044,83.0
3937,0.0,-1550.4499419402214,OAD,34.923965,73.0
3938,0.0,-1525.2001947271356,OAD,39.734814,77.0
3939,0.0,-1639.201429121137,OAD,35.96593,80.0
3940,0.0,-1573.0365125959493,OAD,34.812855,81.0
3941,0.0,-1554.6295616118398,OAD,35.100323,54.0
3942,0.0,-1561.298493663581,OAD,35.09978,80.0
3943,0.0,-1534.2326933898596,OAD,29.417921,46.0
3944,0.0,-1536.7028528397416,OAD,30.29271,30.0
3945,0.0,-1520.2579759882453,OAD,43.05853,65.0
3946,2.268651619389458e-248,-570.221917407787,OAD,41.519447,81.0
3947,1.4601065800122812e-246,-566.057423443471,OAD,42.292908,83.0
3948,3.4376289974033513e-249,-572.1089061667114,OAD,39.160744,79.0
3949,5e-324,-744.8708484763171,OAD,35.83993,80.0
3950,1.3486349698524215e-247,-568.4394250220619,OAD,41.28554,84.0
3951,9.40930581264441e-251,-575.707159161868,OAD,45.29531,82.0
3952,1.1185876360333294e-251,-577.8367914912335,OAD,43.89302,86.0
3953,4.305579730733995e-255,-585.6992869201541,OAD,40.634342,85.0
3954,1.803028333356546e-251,-577.3593906828451,OAD,57.192997,67.0
3955,1.801659976761617e-252,-579.6627349852591,OAD,61.848183,76.0
3956,2.7189831942332424e-248,-570.0408450777552,OAD,65.325554,81.0
3957,5.771673989984638e-251,-576.1958961834806,OAD,42.713264,86.0
3958,1.3247020720861742e-250,-575.3650856656118,OAD,39.393135,84.0
3959,7.685400703292594e-253,-580.5147060109003,OAD,39.914314,83.0
3960,2.20520106209749e-309,-710.7079750457937,OAD,42.283943,85.0
3961,5.7121456313e-314,-721.269124479732,OAD,39.174137,87.0
3962,4.31814153277e-312,-716.9437239051958,OAD,39.28457,82.0
3963,4.3385796672066066e-253,-581.0864814985649,OAD,43.865063,87.0
3964,6.3470700379961436e-248,-569.1931097674409,OAD,41.7771,93.0
3965,5.748585336065159e-259,-594.620585289429,OAD,36.481224,83.0
3966,1.7722894630052788e-270,-621.1257029157098,OAD,26.669771,81.0
3967,3.601207998079723e-261,-599.6934399272477,OAD,36.4848,89.0
3968,2.9848550409598604e-263,-604.4863282742612,OAD,35.42852,87.0
3969,7.332797564533063e-248,-569.048745959884,OAD,51.87182,52.0
3970,7.573867785034143e-256,-587.4370799335738,OAD,43.313473,48.0
3971,1.803028333356546e-251,-577.3593906828451,OAD,57.192997,67.0
3972,8.586962566620085e-247,-566.5882728971567,OAD,47.78627,51.0
3973,4.0043534390952885e-252,-578.8640613054399,OAD,53.016655,62.0
3974,4.5725734819620215e-253,-581.0339523559271,OAD,51.57799,59.0
3975,4.9020463901536285e-261,-599.3850565228691,OAD,46.017452,64.0
3976,1.801659976761617e-252,-579.6627349852591,OAD,61.848183,76.0
3977,3.567535818735887e-253,-581.2821534168847,OAD,44.68653,58.0
3978,1.751006557688826e-255,-586.5990079150743,OAD,47.25764,52.0
3979,2.725030969568809e-247,-567.7360381764993,OAD,60.674633,63.0
3980,2.7189831942332424e-248,-570.0408450777552,OAD,65.325554,81.0
3981,3.5625575724598068e-248,-569.7706243563687,OAD,62.55371,80.0
3982,9.066518794875751e-247,-566.5339295944171,OAD,64.10823,78.0
3983,4.675077546075903e-162,-371.4765393150364,OAD,62.93336,0.0
3984,1.4378877632106509e-145,-333.51166327850234,IAD,42.89398,0.0
3985,2.9719424119526837e-147,-337.39079292032346,OAD,70.962715,0.0
3986,9.34398036048452e-164,-375.38922292677154,OAD,62.11175,0.0
3987,2.65937926789279e-150,-344.4096712114805,OAD,63.147903,0.0
3988,9.241267049618019e-187,-428.3597333870519,OAD,67.34702,10.0
3989,4.867823740182868e-187,-429.00076542326747,OAD,63.800144,0.0
3990,1.8587533877701087e-192,-441.47643181345956,OAD,59.409542,0.0
3991,3.1923427690565436e-189,-434.02782751826265,OAD,59.15002,0.0
3992,9.105884875258878e-192,-439.8874169607587,OAD,59.63588,57.0
3993,4.4759562236434097e-191,-438.2950327517014,OAD,60.068798,8.0
3994,9.105884875258878e-192,-439.8874169607587,OAD,59.63588,28.0
3995,9.105884875258878e-192,-439.8874169607587,OAD,59.63588,27.0
3996,8.9938574239004e-190,-435.2946258330029,OAD,54.170376,75.0
3997,1.1449459194131356e-193,-444.26356554391367,OAD,59.902832,70.0
3998,2.7882379567044863e-191,-438.76834292228216,OAD,46.301662,48.0
3999,0.0,-807.4457857905048,OAD,48.823788,0.0
4000,4.157048419754572e-187,-429.15860708191997,OAD,44.52317,78.0
4001,9.362238612859169e-194,-444.46482361091097,OAD,47.7959,90.0
4002,2.2888255090222797e-194,-445.8734692330019,OAD,43.27618,53.0
4003,8.575669829933198e-234,-536.6559826563275,OAD,44.364758,42.0
4004,1.0533789218193965e-193,-444.3469199296484,OAD,46.76257,0.0
4005,1.0043219439144222e-193,-444.3946103167128,OAD,47.820168,3.0
4006,9.362238612859169e-194,-444.46482361091097,OAD,47.7959,93.0
4007,9.362238612859169e-194,-444.46482361091097,OAD,47.7959,91.0
4008,9.362238612859169e-194,-444.46482361091097,OAD,47.7959,95.0
4009,6.60466648766969e-194,-444.8137315980637,OAD,47.387775,92.0
4010,6.60466648766969e-194,-444.8137315980637,OAD,47.387775,89.0
4011,2.8132796146145742e-188,-431.85164655745444,OAD,41.43047,88.0
4012,1.318015324159711e-194,-446.42538097800383,OAD,41.8603,85.0
4013,3.6335098814296424e-195,-447.71389404323327,OAD,42.641674,69.0
4014,9.857148440704288e-202,-462.8339918628072,OAD,59.330013,74.0
4015,3.647347589627693e-191,-438.4997525462071,OAD,41.420437,59.0
4016,2.0451446084936608e-200,-459.8015500986146,OAD,61.9664,43.0
4017,8.07656001456069e-190,-435.4022016277612,OAD,40.67892,94.0
4018,1.644103455224024e-195,-448.5068979102165,OAD,40.891792,93.0
4019,1.8934913200295586e-241,-554.2845850273037,OAD,50.651062,92.0
4020,1.2063089357270654e-195,-448.81652790272756,OAD,37.096245,87.0
4021,5.9412136015011335e-214,-490.97129647820265,OAD,36.087166,73.0
4022,2.3729667489577877e-207,-475.7709732846506,OAD,51.674698,86.0
4023,5.41713741680705e-202,-463.4326212607476,OAD,42.439713,93.0
4024,2.16654155345071e-212,-487.3749075727327,OAD,49.62871,77.0
4025,1.0526709672782398e-211,-485.79412390914183,OAD,47.599033,75.0
4026,3.831595355244518e-213,-489.10734354942934,OAD,62.339375,72.0
4027,3.1008315125981256e-208,-477.80602903736724,OAD,42.744663,42.0
4028,4.719589310243725e-211,-484.2937328364734,OAD,65.69327,51.0
4029,1.7454726323217015e-207,-476.07808888131814,OAD,49.63098,90.0
4030,6.02981208677869e-213,-488.65390896053316,OAD,47.1133,95.0
4031,4.943987406078963e-244,-560.2325905177091,OAD,53.48382,85.0
4032,8.961543873841961e-207,-474.4421717302754,OAD,42.610462,92.0
4033,8.281200707609101e-218,-499.8495623018219,OAD,37.185284,83.0
4034,1.3500420058397705e-192,-441.79620214745364,OAD,57.831142,79.0
4035,4.946815126934116e-192,-440.49759389405256,OAD,60.32077,62.0
4036,7.996440150681002e-193,-442.31992648636935,OAD,45.10127,83.0
4037,5.4866774412422094e-192,-440.3940149845035,OAD,29.871012,70.0
4038,6.65760770868499e-203,-465.52901366066794,OAD,44.859547,75.0
4039,0.0,-793.4288370792144,OAD,32.182297,84.0
4040,8.481247579991293e-210,-481.4050119694849,OAD,62.408516,73.0
4041,5.979009015339542e-208,-477.14944450502986,OAD,62.81093,57.0
4042,3.2943486472556737e-208,-477.74549087348146,OAD,51.61,93.0
4043,2.7477134989872142e-207,-475.6243451388531,OAD,36.885464,81.0
4044,1.8093775789789994e-210,-482.94988662162893,OAD,49.51995,63.0
4045,3.6920041245066697e-237,-544.4064976058019,OAD,40.15161,80.0
4046,1.2763446039266907e-129,-296.7894767819972,IAD,81.80552,18.0
4047,1.4812304451474716e-125,-287.43026350002975,IAD,63.581852,36.0
4048,2.022989449432257e-124,-284.8159751883975,IAD,58.37703,78.0
4049,2.625183757553878e-123,-282.25281554179645,IAD,63.966686,97.0
4050,5.052314545000533e-125,-286.2032901602249,IAD,58.936832,96.0
4051,3.672195171846295e-127,-291.1275171875238,IAD,44.97955,98.0
4052,1.810916506652103e-126,-289.53188864286125,IAD,62.401142,85.0
4053,3.2681623168552823e-134,-307.36217461687744,IAD,52.15961,82.0
4054,1.2596629163275155e-129,-296.80263283778436,IAD,80.123955,70.0
4055,1.3203360530645677e-124,-285.24266524140984,IAD,82.76124,71.0
4056,1.411827677231394e-124,-285.1756664412591,IAD,79.5211,73.0
4057,2.3619008400648366e-128,-293.8714251676882,IAD,80.67292,54.0
4058,6.197433313145984e-135,-309.02485232960987,IAD,65.62452,58.0
4059,9.006302276905114e-129,-294.83555241096894,IAD,73.67471,55.0
4060,1.2596629163275155e-129,-296.80263283778436,IAD,80.123955,10.0
4061,1.2596629163275155e-129,-296.80263283778436,IAD,80.123955,0.0
4062,1.2596629163275155e-129,-296.80263283778436,IAD,80.123955,6.0
4063,1.2596629163275155e-129,-296.80263283778436,IAD,80.123955,67.0
4064,1.2596629163275155e-129,-296.80263283778436,IAD,80.123955,4.0
4065,1.2763446039266907e-129,-296.7894767819972,IAD,81.80552,95.0
4066,1.213567337991898e-129,-296.8399127608643,IAD,78.086464,90.0
4067,1.2383739824723747e-117,-269.1886566656562,IAD,95.82898,26.0
4068,1.4042524153660014e-120,-275.9707060868167,IAD,74.7824,30.0
4069,8.312531308730054e-121,-276.4950320798409,IAD,76.41399,45.0
4070,8.429320142106746e-121,-276.48108013095487,IAD,75.65412,54.0
4071,8.395240857309713e-123,-281.0903014575827,IAD,60.343227,61.0
4072,6.31048749991261e-127,-290.5860938783687,IAD,58.573208,96.0
4073,1.5966818657060864e-125,-287.35520898231493,IAD,70.05513,41.0
4074,7.441225035365317e-134,-306.5393669706203,IAD,58.62932,20.0
4075,8.395240857309713e-123,-281.0903014575827,IAD,60.343227,99.0
4076,1.5891579984962563e-124,-285.0573472159905,IAD,60.458263,97.0
4077,1.0614223547418928e-124,-285.4609416785098,IAD,62.442932,94.0
4078,6.231057448196537e-125,-285.9935905709967,IAD,57.773743,89.0
4079,1.375662027607207e-130,-299.0171269993557,IAD,59.57128,86.0
4080,4.2885726873226574e-125,-286.3671826535928,IAD,56.1558,90.0
4081,1.9376538557818307e-124,-284.8590736427333,IAD,52.295948,99.0
4082,2.2705690022210105e-123,-282.39793597641335,IAD,59.5487,90.0
4083,6.019341056975984e-123,-281.42298864391205,IAD,53.435192,99.0
4084,9.518646771755138e-126,-287.8724690243742,IAD,45.50583,97.0
4085,5.342407403663585e-125,-286.1474602482184,IAD,58.92246,99.0
4086,3.937545944384255e-127,-291.0577491377451,IAD,67.652245,76.0
4087,6.844809800734599e-126,-288.2022310454937,IAD,42.875736,95.0
4088,2.4628172024399236e-124,-284.6192456323197,IAD,39.120644,99.0
4089,2.3667717185728e-126,-289.26419483472637,IAD,39.682144,99.0
4090,4.0690347005029326e-136,-311.7481668501896,IAD,42.41205,99.0
4091,3.971703602879531e-137,-314.0749626184172,IAD,45.050037,98.0
4092,1.4441175670177527e-136,-312.7840741924315,IAD,46.2216,92.0
4093,4.532458145053021e-134,-307.0351380320043,IAD,49.398163,97.0
4094,2.5963594295296563e-138,-316.8026325887858,IAD,50.01206,99.0
4095,4.4037327119717925e-131,-300.1561946573059,IAD,51.103317,85.0
4096,1.02568324766496e-125,-287.7977776506454,IAD,46.705276,92.0
4097,9.649726249179792e-127,-290.16137726325593,IAD,48.80875,99.0
4098,1.971861704508562e-132,-303.26225415105233,IAD,67.147675,99.0
4099,3.1007428842103767e-133,-305.1121756453582,IAD,68.529594,99.0
4100,2.44229406626695e-133,-305.35087957951276,IAD,35.264507,61.0
4101,2.5160854158703647e-133,-305.32111308087207,IAD,37.17163,82.0
4102,8.428839217333702e-132,-301.80957320932026,IAD,35.60448,67.0
4103,2.4330491137301613e-128,-293.8417466531502,IAD,57.199406,88.0
4104,1.8982394693443818e-126,-289.48479485571386,IAD,48.678177,82.0
4105,1.3575328258324096e-141,-324.35882915853483,IAD,58.101677,80.0
4106,8.23516219463975e-131,-299.5302341230175,IAD,53.82328,92.0
4107,4.1481051689528027e-123,-281.79531479408655,IAD,59.35164,87.0
4108,6.262901397083319e-126,-288.29107815755015,IAD,59.248924,83.0
4109,2.3933974271851924e-129,-296.1607631220375,IAD,54.146553,90.0
4110,2.9878365598077484e-130,-298.2415125223109,IAD,53.079914,94.0
4111,2.544658644894453e-131,-300.7046506689563,IAD,63.835167,74.0
4112,9.241773214983314e-132,-301.71749850158864,IAD,61.922928,86.0
4113,1.525432807365999e-129,-296.61119881832957,IAD,67.79069,80.0
4114,1.2994317828002793e-134,-308.28447538244,IAD,64.121124,99.0
4115,5.562017510747938e-129,-295.31751609214245,IAD,45.630684,89.0
4116,3.7388286027523257e-135,-309.5302151996498,IAD,60.853714,98.0
4117,4.958514963502571e-148,-339.18148746973145,OAD,52.25391,82.0
4118,5.569021584526021e-134,-306.82918308076694,IAD,43.63456,69.0
4119,6.316799759471169e-131,-299.79543446948065,IAD,42.594124,61.0
4120,1.765110643016117e-137,-314.8859443645025,IAD,63.441586,73.0
4121,1.0866170029181247e-131,-301.55557797938997,IAD,33.544518,69.0
4122,5.369028684976404e-140,-320.6812660050365,IAD,46.127728,70.0
4123,2.330262855069607e-134,-307.70042138665286,IAD,69.20573,89.0
4124,8.091401973464691e-135,-308.75818554104916,IAD,68.48347,99.0
