idx,leverage,AD_type,y_pred,y_true
27,255.8293398965152,OAD,70.02443,86.0
28,0.22810845961578963,IAD,41.505978,0.0
29,0.258571674552881,IAD,54.40138,37.0
30,0.14748908772771685,IAD,77.89848,49.0
31,256.1622229921768,OAD,48.301178,67.0
32,256.01989606302595,OAD,62.153595,0.0
33,256.2241277321791,OAD,75.62608,72.0
34,255.8293398965152,OAD,70.02443,23.0
35,255.8293398965152,OAD,70.02443,48.0
36,255.74932185690705,OAD,60.501667,68.0
37,0.32629816383175125,IAD,81.99407,0.0
38,0.16322140857308298,IAD,53.922962,0.0
39,255.8293398965152,OAD,70.02443,86.0
40,255.82206888732617,OAD,61.07066,58.0
41,255.83588408412834,OAD,28.821978,9.0
42,256.0104176160294,OAD,63.199318,82.0
43,256.0198936659863,OAD,63.667408,86.0
44,256.006816991292,OAD,59.19471,81.0
45,256.0204699481683,OAD,54.19578,54.0
46,255.98780946170518,OAD,61.420006,78.0
47,256.14727148650763,OAD,60.810635,53.0
48,256.0390848844836,OAD,59.9724,64.0
49,256.02960753449224,OAD,73.78078,92.0
50,256.01329218720275,OAD,77.07962,86.0
51,256.0302615209639,OAD,72.68032,75.0
52,256.1429384581934,OAD,68.05678,66.0
53,256.03824134450497,OAD,67.70972,80.0
54,256.93786078965604,OAD,65.9265,63.0
55,256.04601554146757,OAD,68.772285,76.0
56,255.9451267305335,OAD,60.333313,89.0
57,255.93266665509464,OAD,54.150593,66.0
58,255.93494076011712,OAD,24.856722,0.0
59,256.01636827947596,OAD,49.29956,87.0
60,255.96668499208408,OAD,56.098015,84.0
61,255.9197794556685,OAD,57.61497,82.0
62,255.96118798204634,OAD,59.886017,80.0
63,255.9921746730688,OAD,59.881985,89.0
64,255.76173973287814,OAD,55.86174,86.0
65,256.05297140226503,OAD,56.791794,62.0
66,255.99417544531434,OAD,67.20671,73.0
67,823996.4475726277,OAD,14.119232,89.0
68,811483.4485283404,OAD,18.862839,87.0
69,807353.9492200433,OAD,14.835124,81.0
70,807392.7187457315,OAD,15.8788805,88.0
71,808721.5004060067,OAD,19.15034,90.0
72,811508.7494615632,OAD,7.3120537,83.0
73,807408.1950177728,OAD,19.510553,88.0
74,807392.4239397746,OAD,21.066137,92.0
75,823987.9224615879,OAD,19.671738,89.0
76,807392.9683440002,OAD,20.219696,93.0
77,811504.409436344,OAD,17.504938,86.0
78,811447.6361769214,OAD,7.219782,71.0
79,811514.713383717,OAD,9.564825,78.0
80,808769.9124616883,OAD,14.766066,83.0
81,811488.9264690777,OAD,18.870766,80.0
82,811438.6816801354,OAD,15.365982,76.0
83,1286600.1519351308,OAD,9.545474,75.0
84,1286585.7692168625,OAD,10.240932,71.0
85,1286600.1519351308,OAD,9.545474,72.0
86,256.56006266108034,OAD,53.03972,95.0
87,256.6521840059236,OAD,50.326385,93.0
88,256.38201076526457,OAD,53.410797,92.0
89,256.62864483369685,OAD,50.312637,90.0
90,256.61626062857704,OAD,63.691833,93.0
91,256.1770648915149,OAD,53.829426,91.0
92,256.50920373654617,OAD,61.836555,94.0
93,256.49470799115034,OAD,62.613472,91.0
230,3.7239041219510653,OAD,67.62193,30.0
231,5.450022112581195,OAD,62.601734,27.0
232,6.70143212349231,OAD,68.59236,55.0
233,9.200673981533868,OAD,71.26641,93.0
234,0.08824468785278228,IAD,60.751507,18.0
235,0.09917875349018823,IAD,79.32686,24.0
236,0.10921275908518702,IAD,74.41233,26.0
237,0.1397349192187347,IAD,79.43294,85.0
238,9.20019860133823,OAD,70.90155,49.0
239,9.899818194591802,OAD,68.532196,80.0
240,9.228621733165056,OAD,66.85519,40.0
241,0.1510343644385408,IAD,78.300606,90.0
242,0.12332920470614628,IAD,75.982285,20.0
243,0.10712901224814564,IAD,76.86531,27.0
244,9.200673981533868,OAD,71.26641,93.0
245,9.229277720737542,OAD,12.515687,0.0
246,9.22309222786373,OAD,85.07693,99.0
247,9.423911810411937,OAD,66.41166,82.0
248,9.4473842809507,OAD,77.94941,84.0
249,9.435557635547525,OAD,62.270058,87.0
250,9.744439964933463,OAD,68.52129,96.0
251,9.18397594843745,OAD,61.61814,85.0
252,10.281305107560343,OAD,38.44848,96.0
253,9.51057743706167,OAD,81.41301,98.0
254,9.265167873846451,OAD,62.77802,94.0
255,9.317485734529498,OAD,58.821968,72.0
256,9.370656812505445,OAD,66.89679,99.0
257,9.705915726449803,OAD,77.56766,98.0
258,9.232906914722406,OAD,82.16289,98.0
259,9.196281128496565,OAD,69.113914,92.0
260,9.249552340223119,OAD,65.352104,97.0
261,9.267904540818506,OAD,64.29736,86.0
262,9.338739631664964,OAD,63.582462,84.0
263,9.89088545042793,OAD,40.50409,98.0
264,9.181088773107177,OAD,71.96135,88.0
265,11.964656341116779,OAD,70.71069,98.0
266,9.258430008248553,OAD,82.283875,94.0
267,11.859023559384468,OAD,75.43646,98.0
268,9.294638775544826,OAD,72.42442,90.0
269,9.27792025338465,OAD,66.34155,93.0
270,10.77273184579613,OAD,67.72618,94.0
271,9.509448548048084,OAD,68.4266,71.2
272,9.200562580688313,OAD,74.29936,64.0
273,9.199790776539515,OAD,71.13011,52.0
274,9.898664550546101,OAD,68.81109,18.0
275,9.238743483789932,OAD,70.679016,0.0
276,9.228575613740304,OAD,65.61303,0.0
277,9.264250102008702,OAD,77.30939,85.0
278,0.0953924914574209,IAD,61.611004,0.0
279,0.7939766983445344,IAD,84.000206,42.0
280,0.7939766983445344,IAD,84.000206,24.0
281,0.12732748346650125,IAD,78.50505,0.0
282,9.264250102008702,OAD,77.30939,85.0
283,9.317356453404784,OAD,79.18405,87.0
284,9.728143887691658,OAD,78.85803,99.0
285,10.2926530628107,OAD,82.2384,98.0
286,9.63376676720219,OAD,73.33942,94.0
287,9.317949327177843,OAD,64.61308,92.0
288,9.487855064257957,OAD,69.13879,88.0
289,9.310072933442797,OAD,70.80312,92.0
290,9.568235316617859,OAD,79.25654,94.0
291,9.793282913624012,OAD,82.33782,99.0
292,9.375837517288915,OAD,66.33335,80.0
293,9.26505158974848,OAD,69.52153,98.0
294,9.306243648480262,OAD,76.19001,82.0
295,9.550384353161832,OAD,72.12306,97.0
296,9.247641228389824,OAD,74.70068,97.0
297,9.28655117358636,OAD,76.520386,99.0
298,9.253791013236196,OAD,65.288734,87.0
299,9.672647116222095,OAD,71.749054,99.0
300,9.351590860471333,OAD,69.04911,85.0
301,9.580552555741235,OAD,76.82071,91.0
302,9.272702452059832,OAD,65.3702,85.0
303,9.344775737045438,OAD,67.74887,97.0
304,10.136508599912588,OAD,66.98364,82.0
305,10.111190144732433,OAD,71.173195,49.24
664,22.592713626628893,OAD,40.862545,44.0
665,60.61030223302021,OAD,27.452822,84.0
666,5.009827636212435,OAD,29.660437,87.0
667,5.496174697875233,OAD,28.42646,88.0
668,3.281329989694612,OAD,43.14547,93.0
669,21.425610961929323,OAD,21.86848,82.0
670,3.970429035676432,OAD,31.382511,89.0
671,5.524243240793027,OAD,27.618387,95.0
672,3.792645998623712,OAD,30.240107,96.0
673,3.788964652978052,OAD,27.287209,90.0
674,4.05580447378161,OAD,32.660908,93.0
675,14.699466875323566,OAD,32.00434,75.0
676,3.8761221221076525,OAD,24.967081,53.0
677,4.5163291850527685,OAD,40.760937,70.0
678,4.146825452235447,OAD,30.22201,89.0
679,0.09723641966427721,IAD,36.279713,0.0
680,0.26103847670221825,IAD,32.69929,0.0
681,0.12154572669037833,IAD,49.780933,0.0
682,2.208711311055339,IAD,30.813845,0.0
683,0.13371328731452792,IAD,30.688505,0.0
684,3.7882742675774566,OAD,35.48961,87.0
685,4.510587239677406,OAD,31.128304,80.0
686,3.816033177471539,OAD,40.431976,70.0
687,3.8294951882277957,OAD,29.46186,30.0
688,4.300255270521163,OAD,37.23063,84.0
689,18617655.12981229,OAD,44.004723,91.0
690,4.090395424680166,OAD,21.762629,94.0
691,3.9365340278062746,OAD,55.558525,96.0
692,22.36334047830701,OAD,34.64386,87.0
693,6.815995981940532,OAD,43.242226,95.0
694,6.8187237365119415,OAD,44.546234,93.0
695,3.814956274478149,OAD,53.92009,97.0
696,45820.61526986188,OAD,43.09976,95.0
697,45821.246438542934,OAD,36.73703,96.0
698,3.956241082291882,OAD,57.523308,96.0
699,3.97983694885621,OAD,40.216167,89.0
700,14.179646937999678,OAD,60.723965,96.0
701,4.250594452600559,OAD,32.626377,70.0
702,3.8646456163254186,OAD,25.206223,94.0
703,5.298660359746776,OAD,32.36675,95.0
704,5.298660359746776,OAD,32.36675,91.0
705,4.664899200220873,OAD,34.629456,85.0
706,10.294129114399766,OAD,41.59615,85.0
707,4.040557901930423,OAD,57.089443,94.0
708,4.188766289318032,OAD,21.679743,78.0
709,4.485533368724376,OAD,32.5728,80.0
710,4087479.1806215006,OAD,59.431755,90.0
711,3.988463087567709,OAD,21.691856,61.0
712,4.446236991605701,OAD,56.74994,82.0
713,4.058866772765327,OAD,17.666008,46.0
714,4.885384701201364,OAD,21.059984,92.0
715,4.620517025888304,OAD,22.513456,75.0
716,7.7706449684371535,OAD,45.811028,94.0
717,7.805952394169935,OAD,43.04417,86.0
718,9.132386817173256,OAD,45.92045,61.0
719,8.669397270579339,OAD,35.552315,40.0
720,8.020162002685936,OAD,46.53996,5.0
721,7.673257971238172,OAD,47.598907,94.0
722,7.019759110715469,OAD,43.441944,51.0
723,12037.125811923586,OAD,33.782417,84.0
724,4.275193868480244,OAD,67.2624,72.0
725,167.02761167228846,OAD,30.1541,95.0
726,6.786747228307178,OAD,28.27338,81.0
727,5.803690467448121,OAD,57.655006,95.0
728,4.220170964634029,OAD,54.602486,87.0
729,4.150060024481817,OAD,57.213806,93.0
730,5.812870639746109,OAD,59.52904,98.0
731,768.9356981870187,OAD,47.019566,84.0
732,4.55059984343967,OAD,59.586044,79.0
733,6.757120292994827,OAD,65.38502,98.0
734,14.963597204041776,OAD,53.5029,61.0
735,3.9750275866861386,OAD,39.825733,88.0
736,4.8843077599249085,OAD,21.137556,91.0
737,10.294129114399766,OAD,41.59615,77.0
738,13.81538876765444,OAD,33.718216,80.0
739,13.81538876765444,OAD,33.718216,72.0
740,4.065707284422288,OAD,30.14305,0.0
741,86.96673355376788,OAD,40.575485,53.0
1447,22.50921681978747,OAD,58.18548,1.0
1448,5.5274201982451245,OAD,44.268883,5.0
1449,3.339425214590321,OAD,48.570827,42.0
1450,3.0636246440565174,OAD,52.135685,60.0
1451,3.0622916544215286,OAD,53.06076,98.0
1452,3.941768136773902,OAD,55.436646,98.0
1453,4.219442248059636,OAD,49.439686,60.0
1454,3.334728923826418,OAD,49.17087,52.0
1455,3.941768136773902,OAD,55.436646,59.0
1456,3.060749063940989,OAD,59.384773,95.0
1457,3.4709535019001123,OAD,59.58416,96.0
1458,3.2800507460286212,OAD,55.6228,92.0
1459,3.6468881616374347,OAD,56.60053,98.0
1460,3.727148911700624,OAD,55.077984,90.0
1461,3.7238564934020815,OAD,56.054996,96.0
1462,501.4101584638047,OAD,48.72346,84.0
1463,3.13372172001948,OAD,62.5161,98.0
1464,3.494198292022247,OAD,57.16394,75.0
1465,3.094473867248098,OAD,50.283104,89.0
1466,3.98703679559344,OAD,50.849052,84.0
1467,3.6877449156452258,OAD,53.072186,93.0
1468,3.795594991305677,OAD,63.740482,94.0
1469,12054.730938401073,OAD,53.750393,94.0
1470,3.5516488683633725,OAD,47.61648,82.0
1471,5.641158368992933,OAD,51.797432,58.0
1472,6.699439559752818,OAD,54.827534,59.0
1473,4.2166035905497665,OAD,52.822598,88.0
1474,3.046343566616258,OAD,66.471054,95.0
1475,3.160089112610933,OAD,67.19346,92.0
1476,3.735770498705051,OAD,61.24155,94.0
1477,3.1961907332137116,OAD,62.89092,94.0
1478,3.354826533128062,OAD,55.32298,88.0
1479,3.4566658253536957,OAD,58.491405,92.0
1480,5.956414333923249,OAD,40.166134,81.0
1481,3.2941403863424057,OAD,54.342865,92.0
1482,4.1975490089491245,OAD,65.50952,95.0
1483,4.185372388852784,OAD,59.320732,96.0
1484,4.350445434673446,OAD,58.993427,91.0
1485,4.535990437737553,OAD,58.20832,94.0
1486,3.288082260612555,OAD,47.033222,85.0
1487,4.187284274890686,OAD,54.440243,81.0
1488,4.307226505177027,OAD,65.361946,90.0
1489,883.0840031345143,OAD,45.478592,91.0
1490,4.489921065104454,OAD,58.136753,93.0
1491,4.295038080818017,OAD,58.1529,96.0
1492,4.472997018817722,OAD,70.56264,96.0
1493,3.3851106043630352,OAD,51.00625,64.0
1494,3.819263939289044,OAD,55.683517,95.0
1495,4.899348497350786,OAD,65.32391,95.0
1496,5.997131204125708,OAD,53.295376,63.0
1497,3.433701671980316,OAD,49.11826,76.0
1498,5.924155950390357,OAD,54.539753,91.0
1499,3.406479351835628,OAD,67.784195,88.0
1500,4.3846509174543655,OAD,69.46649,93.0
1501,5.374197426982278,OAD,52.233475,98.0
1502,3.650558994971334,OAD,53.389584,98.0
1503,3.621809084364088,OAD,53.304295,98.0
1504,4.530937258608645,OAD,59.409393,95.0
1505,5.258309979921364,OAD,54.60456,64.0
1506,6.449068506517278,OAD,48.97469,95.0
1507,7.429353894172209,OAD,61.789448,95.0
1508,15.732370367880549,OAD,53.82977,64.0
1509,3.137512961994844,OAD,44.26446,75.0
1510,3.145433561129039,OAD,46.533855,70.0
1511,3.116854289324465,OAD,53.11785,82.0
1512,3.2063306344033435,OAD,49.810234,80.0
1513,3.554368274507169,OAD,47.419987,79.0
1514,3.3147225018655035,OAD,46.436577,74.0
1515,9.216405854527466,OAD,45.054226,78.0
1516,10.117117975238443,OAD,41.002663,76.0
1517,6.045547619680292,OAD,46.217003,77.0
1518,4.608734131262736,OAD,23.812784,80.0
1519,5.0685120812468085,OAD,51.619225,77.0
1520,9.627423535461048,OAD,41.08102,83.0
1521,5.926464064900642,OAD,42.448853,74.0
1522,3.156924110562045,OAD,41.501667,65.0
1523,3.155263459300727,OAD,55.642273,35.0
1524,3.2558219698711923,OAD,47.32894,56.0
1525,3.261907924471984,OAD,53.388634,80.0
1526,3.300702635155403,OAD,53.564915,63.0
1527,3.308958387345797,OAD,44.902508,1.0
1528,3.2626955711135395,OAD,62.151627,80.0
1529,3.2842504848730982,OAD,49.694347,82.0
1530,3.307222700756256,OAD,50.70963,82.0
1531,3.27484174760869,OAD,52.111275,53.0
1532,3.263002628643278,OAD,65.13761,67.0
1533,3.2626955711135395,OAD,62.151627,90.0
1534,3.261907924471984,OAD,53.388634,82.0
1535,3.2842504848730982,OAD,49.694347,35.0
1536,3.307222700756256,OAD,50.70963,41.0
1537,3.76933850611627,OAD,56.740242,70.0
1538,3.8474268058375003,OAD,38.134712,96.0
1539,3.8474268058375003,OAD,38.134712,98.0
1540,3.8474268058375003,OAD,38.134712,36.0
1541,3.8476852327489723,OAD,37.953262,86.0
1542,3.8474268058375003,OAD,38.134712,0.0
1543,3.852788798463507,OAD,38.07084,94.0
1544,3.8865711679227957,OAD,43.54008,99.0
1545,3.906130773019001,OAD,44.049927,95.0
1546,3.8874788435425955,OAD,55.67704,94.0
1547,3.9271336143715985,OAD,36.904114,86.0
1548,3.9315078574394704,OAD,61.20309,86.0
1549,3.9639881056025814,OAD,50.745335,92.0
1550,3.938086790682064,OAD,41.509,87.0
1551,3.910643921650774,OAD,44.447567,96.0
1552,3.942913842367318,OAD,42.783165,85.0
1553,3.989279921179147,OAD,40.75991,48.0
1554,3.9561770450733746,OAD,50.532364,94.0
1555,3.944279805877443,OAD,48.434753,99.0
1556,3.955034650247285,OAD,52.849686,99.0
1557,4.169785269972806,OAD,36.708443,75.0
1558,4.251414919680229,OAD,38.514557,86.0
1559,3.8563248551925824,OAD,24.092485,88.0
1560,3.975883029617016,OAD,44.616497,88.0
1561,4.008029813253302,OAD,42.7492,99.0
1562,-1877090.1269177916,IAD,28.980066,2.0
1563,-1876201.7212966955,IAD,27.660652,0.0
1564,-1876350.2556691447,IAD,19.105707,0.0
1565,-1877176.373427114,IAD,29.057878,14.0
1566,-1877532.4089151085,IAD,31.555588,75.0
1567,-1877649.0161567428,IAD,23.744781,20.0
1568,-1877533.8385346583,IAD,28.41198,71.0
1569,-1877537.0301044546,IAD,26.28355,79.0
1570,-1877525.926580113,IAD,22.964205,87.0
1571,-1877533.5276921527,IAD,23.260206,82.0
1572,10.038525612598846,OAD,24.857582,44.0
1573,9.963962241430636,OAD,25.095387,26.0
1574,-1876967.9238512143,IAD,43.768757,0.0
1575,-1876972.0845691026,IAD,33.274323,0.0
1576,-19579.5814542633,IAD,25.434563,14.0
1577,-1876979.4968084747,IAD,37.48832,0.0
1578,-1877526.0424194408,IAD,23.23737,81.0
1579,-1877473.724202675,IAD,25.26745,80.0
1580,-1877520.4042356948,IAD,28.268147,77.0
1581,-1877547.0747391614,IAD,27.070902,90.0
1582,-1877525.8711368875,IAD,46.759235,82.0
1583,-1877525.303678795,IAD,45.28634,90.0
1584,-1867243.8083210413,IAD,27.7353,87.0
1585,-1876479.5784631255,IAD,16.286488,96.0
1586,-1877538.5635484373,IAD,43.922604,93.0
1587,-1877523.3787516989,IAD,49.880642,82.0
1588,-1877506.250611618,IAD,23.101273,82.0
1589,-1877505.5643695528,IAD,21.333763,88.0
1590,-1877530.7948242733,IAD,31.015953,82.0
1591,-1877537.9764215194,IAD,17.89386,88.0
1592,-1877528.7662165344,IAD,46.47666,77.0
1593,-1877523.2633380066,IAD,25.56756,66.0
1594,-1877518.6361666117,IAD,24.978722,91.0
1595,-1877519.7726882477,IAD,49.829338,80.0
1596,-1877504.7388877582,IAD,47.315712,79.0
1597,-1877498.4189449986,IAD,42.587135,80.0
1598,-1877498.7670566614,IAD,49.465027,86.0
1599,4114453.780600037,OAD,46.89441,52.0
1600,-1877532.9019420724,IAD,48.107388,88.0
1601,-1877527.5536028305,IAD,52.864147,78.0
1602,-1877524.127547098,IAD,53.42509,89.0
1603,-1877090.2976501079,IAD,38.926407,75.0
1604,-1877525.2974433643,IAD,26.010077,89.0
1605,-1867172.826628549,IAD,18.148664,65.0
1606,3660780.7191983033,OAD,49.326935,75.0
1607,27314552.776641227,OAD,57.500122,76.0
1608,-1877531.3405468736,IAD,43.063297,94.0
1609,-1877531.7184609566,IAD,41.648937,81.0
1610,-1877537.6114717955,IAD,45.119244,91.0
1611,-1877530.677467938,IAD,53.983677,89.0
1612,-1877529.1151479725,IAD,46.99702,84.0
1613,-1877527.5941480563,IAD,55.398865,99.0
1614,-1877515.721923578,IAD,40.465954,82.0
1615,-1877532.628913321,IAD,43.931835,98.0
1616,-1877129.211170828,IAD,30.98079,92.0
1617,-1877536.69043216,IAD,42.554066,99.0
1618,-1877531.183847903,IAD,47.626286,98.0
1619,-1877532.1162974916,IAD,43.555405,67.0
1620,-1877510.0480529706,IAD,48.612255,95.0
1621,-1877502.4848971749,IAD,44.57723,95.0
1622,-1877501.276764892,IAD,51.414505,90.0
1623,-1877534.4016486725,IAD,49.009117,99.0
1624,-1877524.0612260096,IAD,47.70665,96.0
1625,-1877529.3676528865,IAD,49.534756,68.0
1626,-1877527.0168377059,IAD,53.81659,86.0
1627,-1877089.978728289,IAD,43.29512,80.0
1628,-1877544.5089935665,IAD,46.413883,93.0
1629,-1807267.9210446775,IAD,45.002396,46.0
1630,-1807265.9107068554,IAD,54.415718,91.0
1631,-1867146.8777822694,IAD,48.476772,90.0
1632,9.84996645651654,OAD,55.53435,95.0
1633,9.852699086168968,OAD,55.096485,86.0
1634,9.840026985165082,OAD,51.70487,82.0
1635,9.85430464605679,OAD,47.645065,83.0
1636,10.578729506139666,OAD,49.598503,99.0
1637,9.957024180376038,OAD,51.30425,89.0
1638,9.897511077103218,OAD,67.20042,81.0
1639,10.11948339106118,OAD,61.06161,90.0
1640,10.067445471080077,OAD,70.07165,74.0
1641,-1877528.0900881945,IAD,65.02566,98.0
1642,10.16551722622387,OAD,58.46116,97.0
1643,9.96635597904583,OAD,59.757423,95.0
1644,11.007178591604088,OAD,50.63026,99.0
1645,10.73603256837987,OAD,54.27219,99.0
1646,12.870669020115656,OAD,56.63035,82.0
1647,9.948070082501317,OAD,60.691788,88.0
1648,10.327509569087624,OAD,61.624313,82.0
1649,10.263358538658622,OAD,63.131912,93.0
1650,10.869747499812092,OAD,63.78636,62.0
1651,-1877530.0176880797,IAD,60.69256,72.0
1652,13.158826322592859,OAD,64.965614,60.0
1653,-1877526.172006391,IAD,62.00918,92.0
1654,12047.089210049984,OAD,49.890606,47.0
1655,12047.031092680896,OAD,50.692135,91.0
1656,-1877522.089484755,IAD,72.07836,78.0
1657,10.15738834644742,OAD,56.406193,91.0
1827,5.4308410425818465,OAD,60.55059,17.0
1828,3.7315018401234568,OAD,57.945377,94.0
1829,4.9157159634251,OAD,60.68055,99.0
1830,7.375128894862314,OAD,54.05625,49.0
1831,10.909991008397355,OAD,64.30776,98.0
1832,4.9046345083316965,OAD,61.370495,96.0
1833,4.94345040376561,OAD,44.66285,95.0
1834,4.902754540665683,OAD,58.012108,95.0
1835,4.923533302119949,OAD,53.176624,93.0
1836,4.894873506991075,OAD,63.006157,49.5
1837,4.894781897855523,OAD,67.56334,76.0
1838,4.961002973288942,OAD,67.31924,32.8
1839,-174612.78254041338,IAD,72.70866,45.0
1840,4.8505435346069135,OAD,74.410774,0.0
1841,4.867941892522367,OAD,78.248856,12.0
1842,5.2342953060286845,OAD,51.01951,20.0
1843,4.9157159634251,OAD,60.68055,72.0
1844,4.9137931478530845,OAD,58.87768,78.0
1845,4.923961823798209,OAD,58.512882,92.0
1846,5.0106919946846915,OAD,57.69176,55.0
1847,11.013634971607104,OAD,62.204502,88.0
1848,5.006581371756965,OAD,66.27824,60.0
1849,11.014242893379617,OAD,67.96192,82.0
1850,5.137330773713529,OAD,56.692863,74.0
1851,11.127895498778173,OAD,61.284855,92.0
1852,5.981678327461111,OAD,59.911644,72.0
1853,12.057897590405844,OAD,58.02191,91.0
1854,5.0810961525363325,OAD,61.365036,53.0
1855,11.105261370335967,OAD,60.459114,85.0
1856,11.123823166450364,OAD,55.019833,95.0
1857,5.135239398240856,OAD,57.706863,55.0
1858,11.125961326000038,OAD,58.184372,88.0
1859,5.073119915300822,OAD,58.33955,92.0
1860,5.073173436568794,OAD,48.721252,74.0
1861,17.994681918184597,OAD,38.636333,99.0
1862,5.053347245104419,OAD,67.91117,92.0
1863,5.943865422463659,OAD,57.021893,92.0
1864,10.95285583177241,OAD,59.73956,95.0
1865,12.015252427185516,OAD,56.348312,84.0
1866,26.187609817784278,OAD,44.351173,56.0
1867,12.107193008335628,OAD,50.38762,84.0
1868,11.774695903055317,OAD,59.895493,95.0
1869,14.841154839293068,OAD,55.217857,82.0
1870,12.50878092764566,OAD,50.070213,91.0
1871,12.611693913798149,OAD,45.10234,92.0
1872,11.603548039196767,OAD,51.236935,97.0
1873,11.040360107791699,OAD,60.13676,81.0
1874,11.094543372179004,OAD,60.508953,90.0
1875,11.076922484179022,OAD,69.496635,78.0
1876,19.46707119290386,OAD,49.408146,75.0
1877,18.67017678905495,OAD,42.72375,95.0
1878,49.247226001040076,OAD,45.492672,66.0
1879,46.65970265009901,OAD,52.21549,66.0
1880,18.986683050501142,OAD,50.8373,88.0
1881,18.954399896976156,OAD,62.877563,77.4
1882,10.976456636414156,OAD,27.735271,77.0
1883,10.984473796873118,OAD,31.152044,74.0
1884,12.013902430889146,OAD,24.845755,47.0
1885,26.164051202680866,OAD,23.58721,33.0
1886,10.95011791964879,OAD,33.86198,84.0
1887,11.05736856584258,OAD,29.640804,50.0
1888,11.056351590831639,OAD,36.53235,60.0
1889,11.795618723378311,OAD,26.484432,66.0
1890,13.356887218793986,OAD,40.740974,56.0
1891,11.054852868839305,OAD,23.363832,75.0
1892,11.616744868840414,OAD,21.00984,95.0
1893,11.410877799026082,OAD,38.719772,86.0
1894,11.57843376839827,OAD,43.67505,45.0
1895,19.492167910906346,OAD,27.947826,53.0
1896,18.716279327196844,OAD,29.139925,78.0
1897,49.229055807161785,OAD,23.043938,50.0
1898,46.6410630244136,OAD,32.53565,65.0
1899,10.934886135176185,OAD,39.074356,15.0
1900,10.936700344753177,OAD,38.855103,48.0
1901,10.940106186160165,OAD,37.40314,67.0
1902,5.468542437892893,OAD,27.570412,0.0
1903,3.7660007290029753,OAD,37.0425,0.0
1904,4.950017147485937,OAD,35.018093,15.0
1905,7.407379610203776,OAD,19.489151,0.0
1906,10.940106186160165,OAD,37.40314,0.0
1907,11.268952012233967,OAD,31.15387,0.0
1908,10.88853782622482,OAD,43.214775,0.0
1909,10.940106186160165,OAD,37.40314,59.15
1910,10.95011791964879,OAD,33.86198,84.0
1994,0.21225149119732656,IAD,74.61322,18.0
1995,3.6714424122582727,OAD,55.038948,36.0
1996,1.8409456006273786,IAD,55.756622,78.0
1997,1.9759998458090848,IAD,54.362186,97.0
1998,2.565856999181335,IAD,47.947723,96.0
1999,39413.221806064415,OAD,40.085747,98.0
2000,3.4896201533595104,OAD,53.911983,85.0
2001,6.616437485966429,OAD,50.447014,82.0
2002,39413.26167716308,OAD,37.14156,70.0
2003,39410.97214987992,OAD,35.774345,71.0
2004,39412.07317702612,OAD,35.91462,73.0
2005,39413.37319913221,OAD,37.5507,54.0
2006,39411.39463683973,OAD,28.436424,58.0
2007,39416.99494684342,OAD,36.285774,55.0
2008,-755007507.8394196,IAD,37.156006,10.0
2009,-505887199.97332907,IAD,35.26929,0.0
2010,39413.79411382844,OAD,30.804264,6.0
2011,39413.26167716308,OAD,37.14156,67.0
2012,39414.50681018792,OAD,30.377947,4.0
2013,39413.221806064415,OAD,40.085747,95.0
2014,39414.02458516535,OAD,44.83176,90.0
2015,0.11703375663051929,IAD,99.968506,26.0
2016,3.7558731507330663,OAD,77.75168,30.0
2017,1.7995516348731542,IAD,81.92059,45.0
2018,1.993767624586681,IAD,80.304085,54.0
2019,2.59361781241617,IAD,67.34677,61.0
2020,39410.63614882809,OAD,66.096275,96.0
2021,3.5858716615571424,OAD,76.99903,41.0
2022,6.735577777480117,OAD,64.7861,20.0
2023,39411.68613718208,OAD,58.573208,99.0
2024,39411.268804937055,OAD,58.370434,97.0
2025,39412.736611268454,OAD,61.30146,94.0
2026,39410.49412218641,OAD,61.160297,89.0
2027,39418.43489227092,OAD,61.62567,86.0
2028,39414.02458516535,OAD,44.83176,90.0
2029,1.9844225775810571,IAD,62.46343,99.0
2030,2.5694023250094915,IAD,58.76058,90.0
2031,39413.528852737836,OAD,44.43889,99.0
2032,39413.29534673969,OAD,38.122738,97.0
2033,39415.19333957587,OAD,46.55999,99.0
2034,39414.73375953571,OAD,56.877808,76.0
2035,39413.221806064415,OAD,40.085747,95.0
2036,39413.813036825726,OAD,41.502655,99.0
2037,39413.16570396149,OAD,40.009785,99.0
2038,39412.82736218153,OAD,40.34382,99.0
2039,39412.370199544566,OAD,43.193928,98.0
2040,39412.370199544566,OAD,43.193928,92.0
2041,39412.370199544566,OAD,43.193928,97.0
2042,39413.791805432185,OAD,43.3533,99.0
2043,39413.82368290886,OAD,51.324272,85.0
2044,39414.166389353224,OAD,42.202187,92.0
2045,39413.07676740778,OAD,48.356316,99.0
2046,39413.805711698056,OAD,58.88064,99.0
2047,39413.2683260317,OAD,59.798523,99.0
2048,39413.58031852342,OAD,32.07094,61.0
2049,39413.54075474164,OAD,32.48017,82.0
2050,39412.308263748346,OAD,38.45493,67.0
2051,39413.35773758923,OAD,49.613083,70.4
2052,39412.235248642595,OAD,37.708908,82.0
2053,39414.9981931548,OAD,54.68877,80.0
2054,39413.214326032496,OAD,52.18033,92.0
2055,39414.10904069635,OAD,48.775654,87.0
2056,39414.983894352474,OAD,55.550205,83.0
2057,39415.09146035514,OAD,52.014133,90.0
2058,39412.854655898474,OAD,44.631187,94.0
2059,39412.810347055885,OAD,55.61606,74.0
2060,2.0010406046252314,IAD,71.34304,86.0
2061,2.5898061292858756,IAD,67.37684,80.0
2062,39412.60131957798,OAD,61.389595,99.0
2063,39412.55479880815,OAD,45.923256,66.75
2064,39412.00267558188,OAD,52.241573,98.0
2065,39412.55768206391,OAD,40.98798,82.0
2066,39413.73399386724,OAD,49.831707,69.0
2067,39415.38260871345,OAD,42.978,61.0
2068,39414.14626831647,OAD,61.08472,73.0
2069,39413.21767130128,OAD,29.622799,69.0
2070,39412.11131433401,OAD,44.68357,70.0
2071,39413.69168701304,OAD,60.425846,89.0
2072,39414.53620281516,OAD,58.69019,99.0
2073,1444954.53872119,OAD,73.68071,80.0
2074,1444948.8022853748,OAD,63.75732,55.0
2075,4667134.230160151,OAD,70.856895,64.0
2076,1444963.6279726394,OAD,61.73199,54.0
2077,1444954.53872119,OAD,73.68071,0.0
2078,1444953.456252337,OAD,72.49532,13.0
2079,1444956.3392518773,OAD,58.94747,14.0
2080,1444963.2650125986,OAD,63.98384,0.0
2081,1444954.53872119,OAD,73.68071,90.0
2082,1444954.53872119,OAD,73.68071,71.0
2083,1444959.608065419,OAD,76.26545,67.0
2084,1444931.83551891,OAD,80.18836,84.0
2085,1444950.1918180678,OAD,55.692497,39.0
2086,9066494.520913176,OAD,67.79376,55.0
2087,1444942.3913163617,OAD,60.91806,67.0
2088,1444942.2299705003,OAD,63.327377,72.0
2089,1444941.9116597534,OAD,71.7172,88.0
2090,1444942.070084963,OAD,70.88862,84.0
2091,1444938.5435792506,OAD,65.65652,81.0
2092,1444932.2878638697,OAD,61.582447,70.0
2093,1444940.4715392478,OAD,83.98404,71.0
2094,1444935.601057366,OAD,75.92253,86.0
2095,1444934.7728155812,OAD,83.83806,87.0
2096,1444941.916853914,OAD,65.288185,82.0
2097,5905056.421701235,OAD,49.17839,70.0
2098,1444942.2849081745,OAD,60.2164,82.0
2099,1444939.437405996,OAD,25.555958,0.0
2100,1444937.1489160098,OAD,69.46173,70.0
2101,1444932.1384088804,OAD,68.657,72.0
2102,1444946.0562532572,OAD,64.27586,55.0
2103,1444943.4256339143,OAD,66.89502,72.0
2229,3.750514313941327,OAD,68.26342,88.0
2230,3.2451548003199093,OAD,68.71482,88.0
2231,14.660057616859824,OAD,71.80847,87.0
2232,60.544729348361244,OAD,64.63937,86.0
2233,5.461123315888358,OAD,66.321655,89.0
2234,4.968707054796823,OAD,65.96903,89.0
2235,6.663889756699632,OAD,69.39924,85.0
2236,0.10084500597206336,IAD,53.397995,46.0
2237,13.753482294134528,OAD,48.309193,50.0
2238,0.07253810101627645,IAD,73.41663,48.0
2239,0.23652649325771513,IAD,53.160763,45.0
2240,0.10467778912167347,IAD,50.893063,38.0
2241,5.688755822333064,OAD,61.965363,71.0
2242,4.998524166995253,OAD,39.862297,72.0
2243,4.9948859502657115,OAD,66.68995,36.0
2244,4.988293590370205,OAD,53.55482,14.0
2245,4.968978908065537,OAD,72.691734,92.0
2246,5.104578173780169,OAD,75.96959,88.0
2247,18618917.390627027,OAD,68.63912,90.0
2248,5.053060603150811,OAD,83.39309,95.0
2249,5.0810550545659225,OAD,57.948128,96.0
2250,23.92423580012337,OAD,71.06445,93.0
2251,5.517443657938912,OAD,75.700035,90.0
2252,5.546284360877621,OAD,51.73927,92.0
2253,4.981852993995744,OAD,75.49992,96.0
2254,5.012159289254612,OAD,60.759552,92.0
2255,5.114551201816255,OAD,72.06026,94.0
2256,5.11997331400346,OAD,69.47144,92.0
2257,5.029618841766961,OAD,72.146965,96.0
2258,5.2190300549870585,OAD,67.33456,84.0
2259,6.0481492478809,OAD,64.67128,82.0
2260,5.020458369482981,OAD,65.20204,93.0
2261,5.721222107874141,OAD,80.59104,92.0
2262,5.176751710253512,OAD,74.867676,92.0
2263,6.104627975085549,OAD,63.804504,92.0
2264,5.82115596690528,OAD,66.42587,84.0
2265,5.092681619798441,OAD,71.94702,72.0
2266,5.489352299571692,OAD,64.82499,52.0
2267,6.264960931892915,OAD,69.20577,68.0
2268,168.4652485108959,OAD,58.08612,95.0
2269,7.93412123223834,OAD,46.08458,96.0
2270,7.954254814648721,OAD,32.635857,93.0
2271,5.151123850801071,OAD,79.03671,92.0
2272,5.174670588142249,OAD,61.64919,94.0
2273,5.266077846912026,OAD,68.50417,95.0
2274,6.8702896489285195,OAD,73.718765,94.0
2275,5.61185234032439,OAD,73.83199,96.0
2276,8.038541462646833,OAD,73.097084,94.0
2277,12039.90120626238,OAD,71.45677,95.0
2278,7.634874210747171,OAD,73.85114,90.0
2279,3.7881619121238295,OAD,62.700188,93.0
2280,3.286879085523964,OAD,63.377148,92.0
2281,60.55964300408681,OAD,48.50008,80.0
2282,5.483597342896104,OAD,48.583397,84.0
2283,4.9947336474116355,OAD,48.774254,82.0
2284,3.240501959975745,OAD,73.37312,91.0
2285,3.9573224767522817,OAD,73.449066,88.0
2286,3.2981656045568286,OAD,76.01385,76.0
2287,3.2654563275713073,OAD,78.960884,34.0
2288,3.2866353520076714,OAD,57.421535,90.0
2289,3.27132813127686,OAD,59.3621,76.0
2290,3.3954309452464173,OAD,67.16832,96.0
2291,4.010914570502294,OAD,60.40019,90.0
2292,3.3134008995406283,OAD,66.76728,96.0
2293,3.419156135647846,OAD,66.83494,90.0
2294,3.516830681506189,OAD,55.83352,90.0
2295,3.539549164607614,OAD,63.966206,86.0
2296,3.3256227079571445,OAD,64.44136,92.0
2297,4.026654348304703,OAD,69.37618,92.0
2298,3.365632802098844,OAD,59.222454,72.0
2299,3.427840996648122,OAD,78.848976,94.0
2300,166.2208457205379,OAD,66.48562,92.0
2301,222.35155528780524,OAD,61.700287,94.0
2302,6.468550132027161,OAD,70.56006,96.0
2303,3.9522457626910352,OAD,70.77499,96.0
2304,19.24231461735053,OAD,55.308365,96.0
2305,15.40576871783719,OAD,58.68329,95.0
2306,6.109974121204544,OAD,63.183582,94.0
2307,12042.077382532501,OAD,59.433098,96.0
2308,4.184723017772896,OAD,58.909843,88.0
2309,0.124404531913477,IAD,38.91557,15.0
2310,4.722176101486355,OAD,28.13138,16.0
2311,4.985290321586888,OAD,31.106447,74.0
2312,129.5236381625087,OAD,10.235027,10.0
2313,7.031578278603092,OAD,29.32017,75.0
2314,3.8636703375373997,OAD,32.283337,62.0
2315,5.564403212860185,OAD,34.099648,74.0
2316,14.693337588694106,OAD,30.127716,73.0
2317,12.829373574288383,OAD,31.457895,56.0
2318,60.61595671323144,OAD,25.125319,86.0
2319,5.626852141663861,OAD,36.04325,45.0
2320,9.82036509464281,OAD,39.880444,17.0
2321,6.12336087753954,OAD,31.346914,66.0
2322,9.625197733083382,OAD,31.15309,73.0
2323,12.435278392279884,OAD,32.731358,82.0
2324,22.52341989462053,OAD,29.806501,92.0
2325,4.936383845027422,OAD,32.255505,76.0
2326,99.46267945132541,OAD,16.214813,23.0
2327,9.089222438226415,OAD,32.790333,61.0
2328,10.903577193174627,OAD,29.894651,48.0
2329,11.204231290115047,OAD,26.354794,77.0
2330,5.436713333051088,OAD,34.98891,87.0
2331,6.762958037890627,OAD,27.722116,88.0
2332,11.941160510302865,OAD,29.15293,92.0
2333,10.316907031920834,OAD,34.11835,21.0
2334,7.03432132292906,OAD,38.029736,49.0
2335,3.7401037516283466,OAD,36.938297,65.0
2336,6.672743753402742,OAD,36.893963,69.0
2337,6.007941863076155,OAD,30.439447,92.0
2338,8.46655440523051,OAD,33.0517,94.0
2339,4.381707907937226,OAD,35.999664,61.0
2340,4.799019175057566,OAD,34.57049,11.0
2341,22.507571648780868,OAD,37.592068,84.0
2342,23.188342382704377,OAD,32.744865,78.0
2343,22.57981882464378,OAD,32.30598,49.0
2344,22.660653427178886,OAD,29.059935,29.0
2345,22.554930063059032,OAD,29.797894,65.0
2346,22.557982317133906,OAD,18.88886,48.0
2347,22.667999908324134,OAD,12.367952,38.0
2348,22.511976649205735,OAD,28.875504,91.0
2349,22.509184267559704,OAD,15.27315,87.0
2350,23.00948283417347,OAD,30.965704,92.0
2351,22.799230623211002,OAD,21.341902,85.0
2352,25.049840433201496,OAD,44.443474,95.0
2353,22.646542085164583,OAD,56.307,95.0
2354,22.704158856086337,OAD,26.525341,92.0
2355,22.58454932688653,OAD,66.073364,91.0
2356,22.55748503214309,OAD,51.565548,82.0
2357,22.575296465885287,OAD,31.70265,73.0
2358,22.726634077039307,OAD,54.570286,60.0
2359,22.555541495315055,OAD,24.189445,97.0
2360,22.809500093175757,OAD,18.976261,81.0
2361,22.779361827016714,OAD,57.609436,70.0
2362,22.642185095767275,OAD,16.866375,50.0
2363,22.670207270573997,OAD,13.859065,67.0
2364,22.83392087336256,OAD,12.0078535,82.0
2365,23.227030858917715,OAD,58.96928,64.0
2366,24.012267157843496,OAD,30.27214,97.0
2367,22.963438103567057,OAD,54.829514,79.0
2368,22.597695031208332,OAD,57.28266,97.0
2369,22.629617231323095,OAD,65.26654,97.0
2370,23.210738391223003,OAD,35.467827,66.0
2371,24.263943438656952,OAD,30.258772,49.0
2372,12048.696197322803,OAD,32.826614,72.0
2373,25.999991441457496,OAD,57.09255,93.0
2374,24.41955013767563,OAD,57.428272,77.0
2375,22.848290584621736,OAD,50.688885,91.0
2376,25.322024241206464,OAD,56.97528,95.0
2377,30032063.86061749,OAD,64.71368,78.0
2378,33.08014098575336,OAD,50.46505,81.0
2379,22.560928216798118,OAD,34.587246,90.0
2380,22.70508688076916,OAD,37.30092,82.0
2381,23.234300551121123,OAD,30.04246,86.0
2382,22.560928216798118,OAD,34.587246,72.0
2383,22.589405905698698,OAD,34.267998,83.0
2384,22.678335883910563,OAD,26.090803,85.0
2385,56.24315163160054,OAD,25.650724,68.0
2386,2831.8430133754227,OAD,25.530546,91.0
2387,23.899521056529807,OAD,20.637266,79.0
2388,24.736582056670613,OAD,33.620724,92.0
2389,24.731202083325115,OAD,33.58578,90.0
2390,24.759154880002143,OAD,23.395315,85.0
2391,23.62494190319694,OAD,28.775408,70.0
2392,31.46655382460517,OAD,36.014465,76.0
2393,24.467100212995945,OAD,24.146723,74.0
2394,25.407192177218235,OAD,20.087063,65.0
2395,23.005107011099653,OAD,49.63325,85.0
2396,22.61922348425378,OAD,62.781223,81.0
2397,22.565857517134646,OAD,28.885292,50.0
2481,22.643381805061153,OAD,17.67985,14.0
2482,6.7952486784244,OAD,21.775948,23.0
2483,6.154771114703465,OAD,21.84251,36.0
2484,8.938947399133099,OAD,26.090515,20.0
2485,4.127848467262083,OAD,23.209572,5.0
2486,3.861314438727362,OAD,19.670605,8.0
2487,9.277954875097294,OAD,23.123545,72.0
2488,6.550264690980725,OAD,24.373798,75.0
2489,9.326264864100608,OAD,22.473988,70.0
2490,6.606399732797911,OAD,23.275948,78.0
2491,9.326264864100608,OAD,22.473988,47.0
2492,6.606399732797911,OAD,23.275948,87.0
2493,22.6290065485382,OAD,16.164288,11.0
2494,6.830313993003699,OAD,21.971483,25.0
2495,6.184836020968646,OAD,20.555092,15.0
2496,9.017413415941974,OAD,24.95897,21.0
2497,4.128499844196682,OAD,19.55747,0.0
2498,3.870678683774912,OAD,19.1139,9.0
2499,6.819552810235905,OAD,24.133827,79.0
2500,4.028978564473334,OAD,17.787952,82.0
2501,3.5433323582032585,OAD,19.11428,23.0
2502,4.587136845221266,OAD,24.539042,35.0
2503,6.550264690980725,OAD,24.373798,38.0
2504,6.554785255462775,OAD,22.305208,35.0
2505,6.595367809943184,OAD,19.94264,33.0
2506,6.604853931574382,OAD,24.645842,44.0
2507,7.31933492622062,OAD,20.733973,45.0
2508,6.640949894699304,OAD,25.534702,50.0
2509,6.606399732797911,OAD,23.275948,15.0
2510,6.620892299624188,OAD,14.047439,21.0
2511,6.6054588824476355,OAD,20.763302,39.0
2512,6.669004192050011,OAD,17.557138,52.0
2513,6.602614476235885,OAD,22.826843,53.0
2514,6.605874702211679,OAD,23.684437,67.0
2515,0.44705355819769466,IAD,14.435494,5.0
2516,0.2167512260795661,IAD,13.879495,13.0
2517,6.655177694303006,OAD,21.897081,92.0
2518,7.321568630201,OAD,33.210197,85.0
2519,7.031241499427324,OAD,17.654331,75.0
2520,6.817336434366041,OAD,15.842525,79.0
2521,9.18635647815529,OAD,23.144594,74.0
2522,8.62934901404168,OAD,16.56617,80.0
2523,6.92469998044578,OAD,32.174915,81.0
2524,7.37513769542079,OAD,21.652971,73.0
2525,7.060145145520323,OAD,17.208315,81.0
2526,6.729851465078923,OAD,23.147894,78.0
2527,7.006319202402892,OAD,25.433554,72.0
2528,7.203422801149372,OAD,22.974585,76.0
2529,7.272138028296752,OAD,22.554682,73.0
2530,6.972151985010896,OAD,55.64628,73.0
2531,7.082253445509423,OAD,15.79004,83.0
2532,11.812653874923058,OAD,33.47759,79.0
2533,9.069413584159463,OAD,17.467197,86.0
2534,8.295313347953993,OAD,25.235775,68.0
2535,9.607566984699076,OAD,23.393572,74.0
2536,7.828453950259188,OAD,28.692347,78.0
2537,6.682265277178999,OAD,29.524244,81.0
2538,23.459983664932793,OAD,15.930759,77.0
2539,8.586777353531915,OAD,23.498108,73.0
2540,8.116860928734923,OAD,31.370743,78.0
2541,6.608343088464466,OAD,20.837471,92.0
2542,6.629604388255359,OAD,14.785889,90.0
2543,6.807297883455703,OAD,18.126389,74.0
2544,7.340415965472829,OAD,31.813759,81.0
2545,6.69593646566517,OAD,49.276703,78.0
2546,10.59333934046981,OAD,15.599121,82.0
2547,6.569929999151384,OAD,23.792316,81.0
2548,6.819735324637577,OAD,44.98298,57.0
2549,6.789755119194524,OAD,5.376633,54.0
2550,9.443504077987427,OAD,18.623068,66.0
2551,10.503657668634787,OAD,47.950665,77.0
2552,6.776306156257405,OAD,20.708084,72.0
2553,7.8245010814677585,OAD,42.9689,73.0
2554,7.974176406215065,OAD,15.539757,58.0
2555,9.841216745566271,OAD,30.86413,61.0
2556,6.971114960988984,OAD,25.360365,62.0
3035,1498.7516740402707,OAD,68.62917,0.0
3036,1499.2607587058942,OAD,59.588303,0.0
3037,1499.2429836633464,OAD,64.30574,0.0
3038,1499.7282318663442,OAD,75.74317,24.0
3039,1499.128699666459,OAD,81.02123,15.0
3040,1498.7199892494327,OAD,76.852005,15.0
3041,26204902.304560527,OAD,80.80208,96.0
3069,-1797444.127873032,IAD,53.817204,0.0
3070,-1797226.0061183423,IAD,53.070538,0.0
3071,-1797217.866244452,IAD,55.24287,0.0
3072,-1797236.9911132436,IAD,66.85165,0.0
3073,-1797212.7136033312,IAD,65.94109,0.0
3074,-1797235.118885292,IAD,50.681747,0.0
3075,-1797206.605094212,IAD,69.06765,0.0
3076,-1797237.9486797214,IAD,71.53781,0.0
3077,-1791283.2100043846,IAD,65.29079,0.0
3078,-1791283.2100043846,IAD,65.29079,0.0
3079,-1797231.4796638947,IAD,64.90948,0.0
3080,-1797232.1119632958,IAD,68.67112,0.0
3081,-1797319.1648099553,IAD,63.876102,0.0
3082,-1797767.2360489564,IAD,63.228878,79.0
3083,-1797762.5889010627,IAD,67.637665,80.0
3084,-1797759.0942769337,IAD,69.18712,80.0
3085,-1797748.7239270704,IAD,51.80391,66.0
3086,-1797740.9936527146,IAD,60.51483,40.0
3087,-1797769.6053423937,IAD,62.389412,43.0
3088,-1797764.944067785,IAD,54.249928,0.0
3089,78927.72914736473,OAD,69.485374,88.0
3090,78925.84182376093,OAD,71.69245,83.0
3091,78926.30621951481,OAD,68.24212,30.0
3092,78926.1693438868,OAD,59.977135,25.0
3093,78926.66271126625,OAD,74.27885,65.0
3094,78928.36598878645,OAD,49.662525,88.0
3095,78926.20148398087,OAD,52.495296,95.0
3096,78929.6360780939,OAD,59.35313,92.0
3097,78926.88670893479,OAD,71.53866,78.0
3098,-7358734.438902965,IAD,66.96634,88.0
3099,-1797767.2360489564,IAD,63.228878,79.0
3100,78927.72914736473,OAD,69.485374,88.0
3101,78926.24886420745,OAD,52.82924,95.0
3102,-1797632.4641140532,IAD,60.862534,89.0
3103,79037.22528826896,OAD,65.20617,91.0
3104,79035.75073515934,OAD,50.441017,98.0
3105,-1797540.0661256723,IAD,60.91003,94.0
3106,79140.1565836256,OAD,67.24582,78.0
3107,79138.68449044744,OAD,51.918507,88.0
3108,-1797620.5267174284,IAD,56.02596,83.0
3109,79054.65635939897,OAD,62.89475,86.0
3110,79053.18839678867,OAD,49.0137,90.0
3111,-1798501.0296966503,IAD,54.72662,44.0
3112,78231.87872641848,OAD,62.112865,38.0
3113,78230.43539401906,OAD,49.60182,98.0
3114,-1798560.2801490952,IAD,57.401596,74.0
3115,78174.62842504552,OAD,63.33671,73.0
3116,78173.18144008447,OAD,50.063335,95.0
3117,-1798082.3011851243,IAD,59.834866,75.0
3118,78628.09886427513,OAD,66.84345,26.0
3119,78626.63394468755,OAD,49.276577,0.0
3120,-1797852.1190126636,IAD,60.352856,88.0
3121,78847.75985343447,OAD,68.97373,57.0
3122,78846.28365764394,OAD,51.95024,91.0
3123,-1797618.1410440789,IAD,62.42678,86.0
3124,79054.37873239713,OAD,68.65767,97.0
3125,79052.89228767899,OAD,51.99259,92.0
3126,-1797761.6172937825,IAD,61.098103,75.0
3127,78937.4585089422,OAD,66.83946,91.0
3128,78935.97513377987,OAD,52.96554,91.0
3129,-1797013.543452568,IAD,59.82236,81.0
3130,79575.26338543108,OAD,65.851555,57.0
3131,79573.8137281902,OAD,51.098656,91.0
3132,-263804.8819074859,IAD,59.67551,27.0
3133,1753755.6556200767,OAD,51.140533,55.0
3134,-1797605.435744251,IAD,56.345215,49.0
3845,49233956.390683785,OAD,53.293396,14.0
3846,49234018.731249824,OAD,52.818863,2.5
3847,49233937.209152356,OAD,46.99775,0.0
3848,49233966.40466579,OAD,38.30581,0.0
3849,49233956.390683785,OAD,53.293396,23.0
3850,49234026.90339562,OAD,45.25084,31.0
3851,49233967.63260923,OAD,49.56309,39.0
3852,49233947.53823624,OAD,55.642212,49.0
3853,49233956.889608815,OAD,48.86633,53.0
3854,49233956.889608815,OAD,48.86633,63.0
3855,49233956.889608815,OAD,48.86633,72.0
3856,49233956.889608815,OAD,48.86633,81.0
3857,49233956.889608815,OAD,48.86633,20.0
3858,49233769.64567758,OAD,56.961277,55.0
3859,49232655.53894491,OAD,56.43103,54.0
3860,49233110.93122734,OAD,60.15645,42.0
3861,49233258.72027117,OAD,54.111954,48.0
3862,49233344.593029246,OAD,43.772552,47.0
3863,49233896.837817155,OAD,44.496025,54.0
3864,49234045.576003924,OAD,47.527054,58.0
3865,49233681.90023969,OAD,82.708694,45.0
3866,49233250.74147065,OAD,79.97845,31.0
3867,49233301.96439445,OAD,80.8906,77.0
3868,49233510.13730642,OAD,79.99779,53.0
3869,49232732.85185741,OAD,80.20144,46.0
3870,49227426.610982776,OAD,52.00111,51.0
3871,49228071.84060928,OAD,68.70623,44.0
3872,44686201.00534901,OAD,69.23616,67.0
3873,44697992.00816557,OAD,54.591743,36.0
3874,49235450.177718505,OAD,59.606716,76.0
3875,49232892.4856842,OAD,58.502243,58.0
3876,49233676.15113975,OAD,74.55543,31.0
3877,49234123.355948985,OAD,79.82291,56.0
3878,49233491.93697409,OAD,79.12999,65.0
3879,49233604.94722952,OAD,78.968834,62.0
3880,49260635.74804133,OAD,50.493885,53.0
3881,4.661047605847642,OAD,61.18683,77.0
3882,4.754911337573617,OAD,63.123985,48.0
3883,24129238.827051032,OAD,58.880856,60.0
3884,4087159.5190068306,OAD,58.403503,65.0
3885,17.064087948163888,OAD,57.061382,41.0
3886,16.022623233816205,OAD,51.219044,47.0
3887,49233956.889608815,OAD,48.86633,77.0
3888,49261761.20305818,OAD,44.063446,63.0
3889,49237228.59299602,OAD,46.9121,49.0
3890,49233861.581294656,OAD,56.431202,41.0
3891,37.82047947359865,OAD,79.29073,45.0
3892,37.81308011952319,OAD,74.077614,36.0
3893,37.90043788454727,OAD,69.47646,28.0
3894,37.81976205320484,OAD,78.65965,51.0
3895,37.82281670695602,OAD,78.82588,55.0
3896,37.81976205320484,OAD,78.65965,59.0
3897,37.81976205320484,OAD,78.65965,65.0
3898,37.81976205320484,OAD,78.65965,69.0
3899,37.81976205320484,OAD,78.65965,48.0
3900,37.81976205320484,OAD,78.65965,64.0
3901,37.81976205320484,OAD,78.65965,72.0
3902,37.81976205320484,OAD,78.65965,73.0
3903,37.844756111324614,OAD,70.07941,65.0
3904,37.860863821272915,OAD,75.9657,52.0
3905,37.81976205320484,OAD,78.65965,65.0
3906,37.818574048273604,OAD,77.993385,72.0
3907,37.81775113181675,OAD,77.27062,68.0
3908,37.82123105123355,OAD,79.418884,71.0
3909,37.81976205320484,OAD,78.65965,61.0
3910,37.81976205320484,OAD,78.65965,67.0
3911,37.81976205320484,OAD,78.65965,72.0
3912,36.32121804177996,OAD,78.666016,67.0
3913,36.26703101759631,OAD,76.58703,77.0
3914,35.737610228258745,OAD,74.2534,71.0
3915,38.11707321395306,OAD,77.66629,0.0
3916,35.275856861983584,OAD,75.77574,84.0
3917,33.9070235069878,OAD,76.176575,78.0
3918,34.26738350046344,OAD,74.43261,77.0
3919,33.578432628291466,OAD,72.48582,68.0
3920,35.86138641447906,OAD,76.46862,0.0
3921,36.36728535298403,OAD,77.597015,96.0
3922,36.60859826796241,OAD,74.98916,90.0
3923,38.8821467278276,OAD,76.14912,78.0
3924,38.31621136469312,OAD,75.42125,63.0
3925,40.27429259798373,OAD,73.315025,0.0
3926,46.99375768193022,OAD,79.39243,69.0
3927,46.53278974922068,OAD,76.10635,75.0
3928,36.438305814958085,OAD,76.92743,77.0
3929,35.15484024670809,OAD,76.207085,82.0
3930,35.558749159502895,OAD,73.923706,60.0
3931,37.20166048376677,OAD,76.57152,0.0
3932,34.78521800214003,OAD,71.55044,76.0
3933,37.52805550034191,OAD,73.01354,93.0
3934,20.63735249508204,OAD,78.63273,84.0
3935,10.877338053031167,OAD,79.086334,81.0
3936,70500718.27876654,OAD,34.551044,83.0
3937,70500838.7748173,OAD,34.923965,73.0
3938,70500429.40932421,OAD,39.734814,77.0
3939,70501350.17450854,OAD,35.96593,80.0
3940,70498650.69173564,OAD,34.812855,81.0
3941,70500226.03897117,OAD,35.100323,54.0
3942,70500545.93732467,OAD,35.09978,80.0
3943,70500292.72798792,OAD,29.417921,46.0
3944,70500344.765993,OAD,30.29271,30.0
3945,70500240.21916395,OAD,43.05853,65.0
3946,20895951.679140437,OAD,41.519447,81.0
3947,20894425.926595204,OAD,42.292908,83.0
3948,20896870.277775757,OAD,39.160744,79.0
3949,20890465.565229546,OAD,35.83993,80.0
3950,20894630.735313777,OAD,41.28554,84.0
3951,20893994.534853563,OAD,45.29531,82.0
3952,20894915.777151592,OAD,43.89302,86.0
3953,21212636.72014822,OAD,40.634342,85.0
3954,20895942.053444035,OAD,57.192997,67.0
3955,20895932.160023406,OAD,61.848183,76.0
3956,20895949.85834682,OAD,65.325554,81.0
3957,20894241.74728606,OAD,42.713264,86.0
3958,20892913.251084432,OAD,39.393135,84.0
3959,20895182.667389147,OAD,39.914314,83.0
3960,20893705.228799768,OAD,42.283943,85.0
3961,20892480.353684768,OAD,39.174137,87.0
3962,20894568.95621097,OAD,39.28457,82.0
3963,20894297.30225756,OAD,43.865063,87.0
3964,20895443.72325293,OAD,41.7771,93.0
3965,20896149.754389487,OAD,36.481224,83.0
3966,20897935.468797445,OAD,26.669771,81.0
3967,20896447.950126417,OAD,36.4848,89.0
3968,20894364.63193603,OAD,35.42852,87.0
3969,20895521.691490725,OAD,51.87182,52.0
3970,20895544.189865425,OAD,43.313473,48.0
3971,20895942.053444035,OAD,57.192997,67.0
3972,20895560.25875064,OAD,47.78627,51.0
3973,20895951.964015555,OAD,53.016655,62.0
3974,20895960.147625566,OAD,51.57799,59.0
3975,20895911.8017033,OAD,46.017452,64.0
3976,20895932.160023406,OAD,61.848183,76.0
3977,20895920.16833323,OAD,44.68653,58.0
3978,14766668.121799719,OAD,47.25764,52.0
3979,20895975.082026508,OAD,60.674633,63.0
3980,20895949.85834682,OAD,65.325554,81.0
3981,20895967.46712821,OAD,62.55371,80.0
3982,20895939.568120904,OAD,64.10823,78.0
3983,13.697436446849451,OAD,62.93336,0.0
3984,13.631512654289963,OAD,42.89398,0.0
3985,14.436531278661278,OAD,70.962715,0.0
3986,13.718207467852267,OAD,62.11175,0.0
3987,13.699238699083025,OAD,63.147903,0.0
3988,36.39319898211511,OAD,67.34702,10.0
3989,36.364698891587295,OAD,63.800144,0.0
3990,36.51688193133373,OAD,59.409542,0.0
3991,36.39367009191005,OAD,59.15002,0.0
3992,36.624344518679436,OAD,59.63588,57.0
3993,36.46062537456464,OAD,60.068798,8.0
3994,36.624344518679436,OAD,59.63588,28.0
3995,36.624344518679436,OAD,59.63588,27.0
3996,36.655054993919975,OAD,54.170376,75.0
3997,36.63316094511015,OAD,59.902832,70.0
3998,36.74045416275703,OAD,46.301662,48.0
3999,-1070153.9795462382,IAD,48.823788,0.0
4000,36.657692998468974,OAD,44.52317,78.0
4001,36.641401123735704,OAD,47.7959,90.0
4002,36.683373710781325,OAD,43.27618,53.0
4003,36.7089317504458,OAD,44.364758,42.0
4004,36.61443821160242,OAD,46.76257,0.0
4005,36.62718950117278,OAD,47.820168,3.0
4006,36.641401123735704,OAD,47.7959,93.0
4007,36.641401123735704,OAD,47.7959,91.0
4008,36.641401123735704,OAD,47.7959,95.0
4009,36.628577839317586,OAD,47.387775,92.0
4010,36.628577839317586,OAD,47.387775,89.0
4011,35.99921501185861,OAD,41.43047,88.0
4012,36.0694393017385,OAD,41.8603,85.0
4013,39.85764547845292,OAD,42.641674,69.0
4014,36.21871819945261,OAD,59.330013,74.0
4015,36.563103676043966,OAD,41.420437,59.0
4016,37.45603419380723,OAD,61.9664,43.0
4017,36.42362061891947,OAD,40.67892,94.0
4018,36.52456851378861,OAD,40.891792,93.0
4019,913708.2685971486,OAD,50.651062,92.0
4020,36.58422919549707,OAD,37.096245,87.0
4021,38.98929127046722,OAD,36.087166,73.0
4022,72.29543622999427,OAD,51.674698,86.0
4023,71.92461284418334,OAD,42.439713,93.0
4024,71.93978015171558,OAD,49.62871,77.0
4025,75.03230301714734,OAD,47.599033,75.0
4026,71.62224055854927,OAD,62.339375,72.0
4027,71.96039383545428,OAD,42.744663,42.0
4028,71.5716576981381,OAD,65.69327,51.0
4029,71.52288098953977,OAD,49.63098,90.0
4030,71.97724403630855,OAD,47.1133,95.0
4031,912659.6688557497,OAD,53.48382,85.0
4032,72.56027544188078,OAD,42.610462,92.0
4033,73.91226966736122,OAD,37.185284,83.0
4034,35.901263806925385,OAD,57.831142,79.0
4035,36.438536219914226,OAD,60.32077,62.0
4036,36.54169807439905,OAD,45.10127,83.0
4037,36.93077690417567,OAD,29.871012,70.0
4038,36.69270903394545,OAD,44.859547,75.0
4039,37.03013097661665,OAD,32.182297,84.0
4040,72.12893946507666,OAD,62.408516,73.0
4041,72.5491301859281,OAD,62.81093,57.0
4042,72.53985032662251,OAD,51.61,93.0
4043,72.87337400465469,OAD,36.885464,81.0
4044,72.39437274508464,OAD,49.51995,63.0
4045,72.3985761281566,OAD,40.15161,80.0
4046,0.1738282180317441,IAD,81.80552,18.0
4047,3.625591404796097,OAD,63.581852,36.0
4048,1.84254670952852,IAD,58.37703,78.0
4049,2.000288680641347,IAD,63.966686,97.0
4050,2.589432928965323,IAD,58.936832,96.0
4051,39415.15346773146,OAD,44.97955,98.0
4052,3.5236173986607895,OAD,62.401142,85.0
4053,6.668344102971872,OAD,52.15961,82.0
4054,0.17314373818718565,IAD,80.123955,70.0
4055,0.14932043013481255,IAD,82.76124,71.0
4056,0.15442602303421005,IAD,79.5211,73.0
4057,0.1856581290807089,IAD,80.67292,54.0
4058,0.24839802965156377,IAD,65.62452,58.0
4059,0.1989668676296077,IAD,73.67471,55.0
4060,0.17314373818718565,IAD,80.123955,10.0
4061,0.17314373818718565,IAD,80.123955,0.0
4062,0.17314373818718565,IAD,80.123955,6.0
4063,0.17314373818718565,IAD,80.123955,67.0
4064,0.17314373818718565,IAD,80.123955,4.0
4065,0.1738282180317441,IAD,81.80552,95.0
4066,0.1728700263841212,IAD,78.086464,90.0
4067,0.09428098863757395,IAD,95.82898,26.0
4068,3.721172064548824,OAD,74.7824,30.0
4069,1.8846790666662798,IAD,76.41399,45.0
4070,2.0046020461583396,IAD,75.65412,54.0
4071,2.5698379707727668,IAD,60.343227,61.0
4072,39411.68613718208,OAD,58.573208,96.0
4073,3.5500757465766597,OAD,70.05513,41.0
4074,6.703068766091334,OAD,58.62932,20.0
4075,2.5698379707727668,IAD,60.343227,99.0
4076,2.61946660393221,OAD,60.458263,97.0
4077,2.5984522136960777,IAD,62.442932,94.0
4078,2.5732967010524135,IAD,57.773743,89.0
4079,5.891732154188674,OAD,59.57128,86.0
4080,2.5864075946392973,IAD,56.1558,90.0
4081,1.8380434991972692,IAD,52.295948,99.0
4082,1.9991872911224107,IAD,59.5487,90.0
4083,2.571560255533541,IAD,53.435192,99.0
4084,2.584041843046805,IAD,45.50583,97.0
4085,2.717447027608557,OAD,58.92246,99.0
4086,2.695591642710383,OAD,67.652245,76.0
4087,2.5819373242804318,IAD,42.875736,95.0
4088,2.571059583284125,IAD,39.120644,99.0
4089,2.5823859889998175,IAD,39.682144,99.0
4090,2.644518966444707,OAD,42.41205,99.0
4091,3.0651734332560636,OAD,45.050037,98.0
4092,2.313469321864801,IAD,46.2216,92.0
4093,2.48675764298531,IAD,49.398163,97.0
4094,3.094957487277725,OAD,50.01206,99.0
4095,2.603528715430514,IAD,51.103317,85.0
4096,2.7124325648073864,OAD,46.705276,92.0
4097,2.6162898127874428,OAD,48.80875,99.0
4098,2.607240509844189,IAD,67.147675,99.0
4099,2.628020410024021,OAD,68.529594,99.0
4100,2.6374507433022814,OAD,35.264507,61.0
4101,2.638559799001598,OAD,37.17163,82.0
4102,2.624891884434305,OAD,35.60448,67.0
4103,2.7760069836991192,OAD,57.199406,88.0
4104,2.625129542277648,OAD,48.678177,82.0
4105,2.9169345005060165,OAD,58.101677,80.0
4106,2.707518687356412,OAD,53.82328,92.0
4107,2.580259443791647,IAD,59.35164,87.0
4108,2.604866311008834,IAD,59.248924,83.0
4109,3.257148141780931,OAD,54.146553,90.0
4110,2.5975785891749297,IAD,53.079914,94.0
4111,2.612316930741173,OAD,63.835167,74.0
4112,1.8655346038436278,IAD,61.922928,86.0
4113,2.021310870406836,IAD,67.79069,80.0
4114,2.610651531731662,IAD,64.121124,99.0
4115,2.7713769176201595,OAD,45.630684,89.0
4116,2.6779652843760005,OAD,60.853714,98.0
4117,3.082763552418953,OAD,52.25391,82.0
4118,2.7108128560924456,OAD,43.63456,69.0
4119,3.2636114465215087,OAD,42.594124,61.0
4120,3.3010475973035227,OAD,63.441586,73.0
4121,2.5945633269987525,IAD,33.544518,69.0
4122,3.133001423695646,OAD,46.127728,70.0
4123,2.6711103331757045,OAD,69.20573,89.0
4124,2.663061308915644,OAD,68.48347,99.0
