fold_id,idx,predict,real
0,0,10.97028,0.0
0,1,10.97028,15.0
0,2,10.97028,19.0
0,3,83.00919,80.0
0,4,83.00919,87.0
0,5,83.00919,83.0
0,6,50.974552,58.0
0,7,50.974552,41.0
0,8,87.05404,80.0
0,9,87.05404,93.0
0,10,87.05404,88.0
0,11,88.05004,92.0
0,12,88.05004,87.0
0,13,83.57938,82.0
0,14,83.96311,84.0
0,15,80.03315,80.0
0,16,85.72219,87.0
0,17,85.21196,85.0
0,18,79.41425,80.0
0,19,85.734604,86.0
0,20,82.6522,82.0
0,21,85.00649,85.0
0,22,87.29372,87.0
0,23,36.469112,35.0
0,24,29.077679,31.0
0,25,41.284958,41.0
0,26,28.690542,29.0
0,94,64.01842,5.0
0,95,64.01842,50.0
0,96,64.01842,95.0
0,97,79.76153,85.0
0,98,82.780334,95.0
0,99,60.032475,66.0
0,100,20.159811,17.0
0,101,11.125704,11.0
0,102,5.7315946,0.0
0,103,75.76337,93.0
0,104,49.52636,65.0
0,105,41.42816,38.0
0,106,81.12596,85.0
0,107,10.99803,8.0
0,108,82.93738,83.0
0,109,77.70754,78.0
0,110,89.6921,91.0
0,111,90.06618,89.0
0,112,77.32909,86.0
0,113,81.25842,82.0
0,114,80.20081,80.0
0,115,83.54836,82.0
0,116,85.06678,86.0
0,117,93.25551,95.0
0,118,84.709984,86.0
0,119,93.22016,92.0
0,120,88.66443,88.0
0,121,73.69871,72.0
0,122,80.13317,81.0
0,123,80.86417,80.0
0,124,87.92114,92.0
0,125,3.0875916,0.0
0,126,78.16949,78.0
0,127,75.32661,76.0
0,128,77.47484,77.0
0,129,79.772896,80.0
0,130,71.284355,73.0
0,131,76.02135,75.0
0,132,79.88307,83.0
0,133,84.50835,83.0
0,134,86.15405,86.0
0,135,74.97437,78.0
0,136,65.59437,65.0
0,137,82.49553,81.0
0,138,86.85889,88.0
0,139,77.55046,78.0
0,140,61.223564,63.0
0,141,21.849287,7.0
0,142,72.198135,75.0
0,143,82.33005,90.0
0,144,65.94864,65.0
0,145,59.516544,58.0
0,146,40.590565,45.0
0,147,8.705299,0.0
0,148,66.83265,70.0
0,149,5.8556614,0.0
0,150,31.365244,25.0
0,151,77.74757,80.0
0,152,75.62529,76.0
0,153,67.75226,67.0
0,154,54.411808,53.0
0,155,75.82938,78.0
0,156,60.29801,60.0
0,157,89.53181,100.0
0,158,85.60475,84.0
0,159,87.70206,90.0
0,160,90.894196,92.0
0,161,97.93685,99.0
0,162,92.04278,92.0
0,163,90.93677,91.0
0,164,75.86016,73.0
0,165,92.7693,95.0
0,166,85.24354,85.0
0,167,94.59977,98.0
0,168,92.99062,95.0
0,169,56.549866,53.0
0,170,68.27251,70.0
0,171,61.532444,57.0
0,172,69.392334,73.0
0,173,89.830185,92.0
0,174,93.798645,96.0
0,175,81.70637,82.0
0,176,89.44606,95.0
0,177,53.97898,45.0
0,178,77.08317,94.0
0,179,71.502106,64.0
0,180,65.67536,61.0
0,181,69.58444,67.0
0,182,70.23019,65.0
0,183,70.15469,75.0
0,184,71.52818,75.0
0,185,61.58728,64.0
0,186,64.43068,80.0
0,187,44.05907,46.0
0,188,33.602547,19.0
0,189,10.191051,8.0
0,190,46.206715,52.0
0,191,42.981705,41.0
0,192,34.756905,28.0
0,193,40.80142,40.0
0,194,10.429549,11.0
0,195,12.682301,10.0
0,196,77.08317,68.0
0,197,83.76953,95.0
0,198,10.7907505,0.0
0,199,83.76953,91.0
0,200,90.09819,91.0
0,201,90.6604,87.0
0,202,81.21933,78.0
0,203,85.7723,89.0
0,204,69.08059,68.0
0,205,63.443523,60.0
0,206,67.34839,67.0
0,207,93.10751,91.0
0,208,88.966545,90.0
0,209,77.02247,75.0
0,210,85.82528,87.0
0,211,75.017395,72.0
0,212,77.28358,75.0
0,213,94.90462,95.0
0,214,91.737724,92.0
0,215,92.8902,94.0
0,216,86.32945,86.0
0,217,87.65889,88.0
0,218,64.0681,63.0
0,219,64.437515,65.0
0,220,78.1553,79.0
0,221,80.343956,81.0
0,222,58.806618,58.0
0,223,59.194725,61.0
0,224,78.04959,78.0
0,225,77.61907,79.0
0,226,80.74684,80.0
0,227,81.57679,82.0
0,228,86.60293,86.0
0,229,87.79319,90.0
0,306,81.58848,82.0
0,307,89.352745,91.0
0,308,80.766556,80.0
0,309,65.23636,64.0
0,310,66.952995,66.0
0,311,81.762566,85.0
0,312,65.03334,64.0
0,313,82.77149,84.0
0,314,81.78292,81.0
0,315,74.31985,75.0
0,316,55.204475,53.0
0,317,73.458176,68.0
0,318,74.090004,81.0
0,319,88.302055,90.0
0,320,95.299995,96.0
0,321,88.023254,88.0
0,322,89.91214,91.0
0,323,94.64359,96.0
0,324,83.905975,84.0
0,325,88.82474,89.0
0,326,93.25556,93.0
0,327,94.70622,98.0
0,328,75.819115,77.0
0,329,75.90015,83.0
0,330,94.114426,100.0
0,331,85.04713,84.0
0,332,96.56673,99.0
0,333,93.79953,94.0
0,334,86.389305,89.0
0,335,88.98642,89.0
0,336,87.44278,86.0
0,337,81.50761,81.0
0,338,23.623138,21.0
0,339,1.74083,0.0
0,340,5.438722,5.0
0,341,95.810936,97.0
0,342,97.09409,97.0
0,343,95.21084,94.0
0,344,80.361465,81.0
0,345,59.6146,59.0
0,346,76.621605,77.0
0,347,64.48958,66.0
0,348,83.88824,82.0
0,349,82.18544,81.0
0,350,85.24746,90.0
0,351,85.75719,90.0
0,352,94.05384,97.0
0,353,82.88434,82.0
0,354,53.03557,51.0
0,355,8.742869,2.5
0,356,81.72871,91.0
0,357,89.93413,91.0
0,358,94.40506,93.0
0,359,93.89669,97.0
0,360,87.46535,93.0
0,361,72.46212,72.0
0,362,90.99576,93.0
0,363,44.994106,22.0
0,364,82.450134,95.0
0,365,80.11084,81.0
0,366,64.639435,62.0
0,367,97.16314,96.0
0,368,94.39034,94.0
0,369,75.49376,71.0
0,370,96.8843,99.0
0,371,74.70169,75.0
0,372,79.83979,85.0
0,373,88.412285,88.0
0,374,93.394424,93.0
0,375,86.90626,90.0
0,376,78.06134,79.0
0,377,79.27931,75.0
0,378,91.068665,93.0
0,379,35.90191,33.0
0,380,77.61185,84.0
0,381,24.008947,2.5
0,382,30.570913,46.0
0,383,80.71809,80.0
0,384,39.85672,39.0
0,385,46.429256,46.0
0,386,35.810944,35.0
0,387,52.48717,57.0
0,388,28.074104,30.0
0,389,54.842026,51.0
0,390,62.27458,65.0
0,391,57.869656,53.0
0,392,71.66056,70.0
0,393,58.608143,57.0
0,394,56.81305,59.0
0,395,92.94056,95.0
0,396,86.982834,87.0
0,397,89.11614,91.0
0,398,86.02139,87.0
0,399,72.42709,77.0
0,400,88.553764,90.0
0,401,84.86144,83.0
0,402,85.30672,86.0
0,403,84.526,84.0
0,404,84.37876,85.0
0,405,83.20017,82.0
0,406,80.55158,80.0
0,407,87.91227,89.0
0,408,76.74267,75.0
0,409,82.68305,82.0
0,410,91.17694,91.0
0,411,95.97168,98.0
0,412,74.78112,71.0
0,413,89.58097,89.0
0,414,94.071815,94.0
0,415,82.80124,84.0
0,416,96.388985,96.0
0,417,95.59976,95.0
0,418,86.05864,87.0
0,419,86.104576,86.0
0,420,85.58842,85.0
0,421,89.92153,89.0
0,422,74.23387,74.0
0,423,75.075485,77.0
0,424,82.5823,82.0
0,425,64.29329,84.0
0,426,64.29329,56.0
0,427,64.29329,51.0
0,428,37.35722,39.0
0,429,33.520023,33.0
0,430,32.8287,32.0
0,431,95.3895,98.0
0,432,93.77105,96.0
0,433,90.93125,93.0
0,434,95.14411,96.0
0,435,91.48935,94.0
0,436,94.623535,96.0
0,437,69.82266,71.0
0,438,94.75447,93.0
0,439,82.609474,83.0
0,440,96.62352,97.0
0,441,95.68714,95.0
0,442,81.9836,83.0
0,443,97.696205,95.0
0,444,93.63654,93.0
0,445,92.683525,92.0
0,446,95.851555,96.0
0,447,91.109535,91.0
0,448,87.331375,89.0
0,449,60.546448,60.0
0,450,25.104525,20.0
0,451,64.93386,69.0
0,452,76.48808,73.0
0,453,72.53186,77.0
0,454,74.91118,81.0
0,455,75.06257,75.0
0,456,71.35063,73.0
0,457,79.40092,78.0
0,458,80.32104,85.0
0,459,81.48845,79.0
0,460,82.332115,82.0
0,461,72.941826,71.0
0,462,74.26707,74.0
0,463,41.496197,41.0
0,464,35.142002,25.0
0,465,57.28131,70.0
0,466,34.808075,20.0
0,467,57.33478,70.0
0,468,38.632904,24.0
0,469,60.77428,70.0
0,470,50.760834,50.0
0,471,82.02889,98.0
0,472,24.724182,11.0
0,473,11.901383,10.0
0,474,81.83219,90.0
0,475,14.154002,11.0
0,476,33.213432,26.0
0,477,29.215263,18.0
0,478,25.819244,15.0
0,479,23.369099,10.0
0,480,76.170685,85.0
0,481,70.63728,90.0
0,482,77.03396,79.0
0,483,61.084095,50.0
0,484,67.24126,65.0
0,485,82.02889,98.0
0,486,90.765656,92.0
0,487,89.072235,92.0
0,488,80.01366,78.0
0,489,90.164665,89.0
0,490,90.212456,90.0
0,491,89.190704,89.0
0,492,90.4026,90.0
0,493,90.29416,91.0
0,494,88.32914,91.0
0,495,87.04532,85.0
0,496,83.29276,84.0
0,497,89.20038,89.0
0,498,85.716606,87.0
0,499,85.018715,85.0
0,500,84.48164,86.0
0,501,70.05674,68.0
0,502,60.315952,60.0
0,503,69.036415,70.0
0,504,65.394066,65.0
0,505,63.073704,65.0
0,506,54.530506,50.0
0,507,64.294235,67.0
0,508,62.146255,60.0
0,509,80.07086,82.0
0,510,80.68662,81.0
0,511,81.10563,81.0
0,512,67.52152,65.0
0,513,68.982155,68.0
0,514,56.84183,51.0
0,515,54.14053,52.0
0,516,70.44443,70.0
0,517,58.592716,58.0
0,518,77.97396,80.0
0,519,78.13521,80.0
0,520,59.624104,60.0
0,521,60.476727,60.0
0,522,60.946728,60.0
0,523,21.162264,28.0
0,524,33.95948,30.0
0,525,37.967155,33.0
0,526,16.805237,17.0
0,527,12.983164,7.0
0,528,44.945732,48.0
0,529,37.052525,35.0
0,530,33.71297,40.0
0,531,67.5225,53.0
0,532,44.570644,41.0
0,533,67.5225,67.0
0,534,67.5225,82.0
0,535,75.720535,82.0
0,536,88.782524,92.0
0,537,83.24066,82.0
0,538,75.18201,75.0
0,539,92.2141,92.0
0,540,83.22796,87.0
0,541,78.759514,77.0
0,542,82.021576,84.0
0,543,76.61134,73.0
0,544,93.57719,94.0
0,545,94.212906,95.0
0,546,82.45073,82.0
0,547,83.667274,84.0
0,548,80.31336,85.0
0,549,80.41645,80.0
0,550,77.51246,78.0
0,551,79.21526,77.0
0,552,72.439255,68.0
0,553,96.99924,96.0
0,554,96.87431,96.0
0,555,95.77284,96.0
0,556,95.49567,98.0
0,557,97.882545,97.0
0,558,98.1091,98.0
0,559,98.540565,98.0
0,560,98.667885,99.0
0,561,97.804344,98.0
0,562,89.7697,90.0
0,563,87.6528,87.0
0,564,86.76417,86.0
0,565,91.180435,92.0
0,566,82.786896,83.0
0,567,89.37768,90.0
0,568,87.27422,87.0
0,569,97.648476,99.0
0,570,78.12854,78.0
0,571,80.010605,80.0
0,572,77.212425,78.0
0,573,68.75595,69.0
0,574,66.55979,65.0
0,575,74.2772,75.0
0,576,87.61045,87.0
0,577,85.76411,85.0
0,578,79.12371,82.0
0,579,78.86162,80.0
0,580,69.22634,67.0
0,581,75.65798,76.0
0,582,89.587204,90.0
0,583,84.44871,86.0
0,584,79.493805,76.0
0,585,94.02789,95.0
0,586,97.38748,97.0
0,587,92.17057,92.0
0,588,94.463104,94.0
0,589,96.06137,96.0
0,590,91.01022,90.0
0,591,84.86877,85.0
0,592,84.35189,82.0
0,593,76.03244,76.0
0,594,79.4223,78.0
0,595,73.67949,74.0
0,596,77.27167,77.0
0,597,83.8777,90.0
0,598,96.911606,97.0
0,599,93.69646,94.0
0,600,91.97593,89.0
0,601,95.598335,96.0
0,602,92.771545,92.0
0,603,94.642685,94.0
0,604,92.74035,95.0
0,605,84.56636,83.0
0,606,84.736115,85.0
0,607,80.16085,80.0
0,608,84.352455,86.0
0,609,79.35974,78.0
0,610,74.606125,73.0
0,611,72.33871,76.0
0,612,88.87264,91.0
0,613,85.69371,89.0
0,614,2.7063823,0.0
0,615,80.932274,80.0
0,616,80.05279,82.0
0,617,92.123535,94.0
0,618,9.514696,0.0
0,619,65.51748,72.0
0,620,95.014046,95.0
0,621,90.03438,94.0
0,622,29.98431,26.0
0,623,94.23052,91.0
0,624,86.9067,78.0
0,625,95.20415,100.0
0,626,98.16558,100.0
0,627,98.43094,97.0
0,628,84.15553,86.0
0,629,62.095116,62.0
0,630,65.34421,64.0
0,631,80.942314,81.0
0,632,72.6744,70.0
0,633,89.30091,91.0
0,634,96.545204,97.0
0,635,85.308914,83.0
0,636,88.34005,91.0
0,637,88.34005,85.0
0,638,86.69337,90.0
0,639,72.05907,73.0
0,640,69.64044,71.0
0,641,14.490657,0.0
0,642,53.065422,64.0
0,643,87.5588,87.0
0,644,86.32848,85.0
0,645,77.56169,75.0
0,646,93.88965,95.0
0,647,92.43109,95.0
0,648,97.2372,100.0
0,649,79.001724,80.0
0,650,89.71029,87.0
0,651,97.75292,97.0
0,652,97.22414,99.0
0,653,93.86508,95.0
0,654,74.2122,74.0
0,655,69.867035,71.0
0,656,97.45197,100.0
0,657,97.443726,99.0
0,658,85.598236,83.0
0,659,90.64912,90.0
0,660,98.64828,100.0
0,661,96.759865,97.0
0,662,94.51919,95.0
0,663,100.140205,100.0
0,742,25.787712,26.0
0,743,76.1516,78.0
0,744,54.41931,91.0
0,745,62.279167,69.0
0,746,7.2387724,8.0
0,747,3.8656428,5.0
0,748,6.4166455,6.0
0,749,54.41931,12.0
0,750,54.41931,34.0
0,751,54.41931,66.0
0,752,70.16117,73.0
0,753,73.085785,77.0
0,754,16.590977,16.0
0,755,17.502901,12.0
0,756,35.432247,36.0
0,757,78.319214,87.0
0,758,54.73626,50.0
0,759,89.55175,90.0
0,760,76.672066,78.0
0,761,94.55387,95.0
0,762,80.84003,85.0
0,763,81.823425,82.0
0,764,89.16695,89.0
0,765,68.9636,69.0
0,766,73.75544,74.0
0,767,88.00103,88.0
0,768,31.997175,32.0
0,769,48.67141,47.0
0,770,38.39373,38.0
0,771,45.808064,46.0
0,772,70.49342,71.0
0,773,87.236824,87.0
0,774,81.8951,82.0
0,775,78.14738,78.0
0,776,88.8634,90.0
0,777,85.15609,85.0
0,778,71.962204,72.0
0,779,63.922283,64.0
0,780,83.553764,83.0
0,781,87.437126,91.0
0,782,81.36589,74.0
0,783,94.66234,95.0
0,784,91.52821,90.0
0,785,97.02519,99.0
0,786,92.501114,99.0
0,787,88.84956,98.0
0,788,93.02049,92.0
0,789,99.27594,99.0
0,790,96.98169,96.0
0,791,97.641205,99.0
0,792,94.40258,97.0
0,793,92.260765,99.0
0,794,92.260765,99.0
0,795,92.260765,98.0
0,796,90.3992,69.0
0,797,86.86435,77.0
0,798,21.790293,24.0
0,799,21.790293,12.0
0,800,33.655083,40.0
0,801,37.271805,35.0
0,802,36.254044,37.0
0,803,32.57378,30.0
0,804,39.8615,45.0
0,805,48.8156,54.0
0,806,7.564459,7.0
0,807,19.641087,8.0
0,808,92.260765,99.0
0,809,92.260765,97.0
0,810,96.94226,97.0
0,811,95.440056,96.0
0,812,87.85035,87.0
0,813,91.81254,92.0
0,814,89.66478,90.0
0,815,94.19238,94.0
0,816,92.97979,95.0
0,817,94.30502,94.0
0,818,91.99398,92.0
0,819,93.052956,93.0
0,820,92.260765,85.0
0,821,76.94637,77.0
0,822,89.44421,88.0
0,823,94.44187,95.0
0,824,96.29636,97.0
0,825,98.750465,98.0
0,826,96.82711,99.0
0,827,92.79135,92.0
0,828,73.084305,73.0
0,829,84.27457,85.0
0,830,94.29544,95.0
0,831,85.33019,88.0
0,832,80.315605,82.0
0,833,76.74901,76.0
0,834,73.51931,73.0
0,835,70.845055,70.0
0,836,70.64424,70.0
0,837,74.546974,76.0
0,838,80.83652,82.0
0,839,82.73436,84.0
0,840,71.432434,71.0
0,841,80.79728,79.0
0,842,53.906876,5.0
0,843,53.906876,10.0
0,844,53.906876,42.0
0,845,53.906876,77.0
0,846,53.906876,93.0
0,847,53.906876,87.0
0,848,0.5345547,0.0
0,849,1.6984298,0.0
0,850,32.57194,34.0
0,851,21.385187,0.0
0,852,21.385187,42.0
0,853,30.585308,31.0
0,854,33.17898,33.0
0,855,28.466106,27.0
0,856,22.366339,7.0
0,857,22.366339,38.0
0,858,23.223623,17.0
0,859,23.223623,31.0
0,860,15.991634,18.0
0,861,15.991634,14.0
0,862,-0.57188004,0.0
0,863,86.7367,91.0
0,864,85.92304,89.0
0,865,88.095245,90.0
0,866,88.255775,87.0
0,867,79.22636,79.0
0,868,83.33217,84.0
0,869,88.32719,89.0
0,870,83.0128,82.0
0,871,83.43523,85.0
0,872,85.26627,83.0
0,873,85.99719,87.0
0,874,85.56696,86.0
0,875,80.506165,80.0
0,876,87.63732,91.0
0,877,87.668205,85.0
0,878,73.121956,72.0
0,879,73.14764,73.0
0,880,72.698814,71.0
0,881,52.292885,53.0
0,882,47.85842,48.0
0,883,93.69782,95.0
0,884,63.109837,62.0
0,885,59.618973,58.0
0,886,70.17396,70.0
0,887,82.4501,84.0
0,888,82.42957,80.0
0,889,82.0243,82.0
0,890,87.53462,91.0
0,891,87.62814,87.0
0,892,87.53462,85.0
0,893,76.5502,76.0
0,894,73.062485,70.0
0,895,71.01765,74.0
0,896,72.49263,72.0
0,897,87.55682,90.0
0,898,89.38818,89.0
0,899,87.55682,84.0
0,900,79.03452,80.0
0,901,75.25738,76.0
0,902,71.865005,71.0
0,903,87.13275,88.0
0,904,85.11187,85.0
0,905,64.94147,65.0
0,906,72.40774,72.0
0,907,5.8254046,0.0
0,908,4.2543507,0.0
0,909,74.69206,74.0
0,910,84.82204,87.0
0,911,37.235847,41.0
0,912,47.66431,48.0
0,913,58.537006,60.0
0,914,84.82204,90.0
0,915,83.97471,87.0
0,916,87.37995,88.0
0,917,83.44111,87.0
0,918,45.172348,32.0
0,919,82.01461,83.0
0,920,0.24636284,0.0
0,921,31.026072,19.0
0,922,76.32056,85.0
0,923,6.2414875,4.0
0,924,-1.4815696,0.0
0,925,18.032537,19.0
0,926,-1.2330384,0.0
0,927,24.149385,21.0
0,928,5.262852,5.0
0,929,-1.4911621,0.0
0,930,84.82204,90.0
0,931,84.82204,81.0
0,932,84.82204,88.0
0,933,84.82204,90.0
0,934,86.12216,88.0
0,935,64.788765,63.0
0,936,85.30917,85.0
0,937,90.50206,90.0
0,938,85.43794,86.0
0,939,85.41994,84.0
0,940,88.9702,90.0
0,941,74.87039,75.0
0,942,80.45661,80.0
0,943,76.80603,76.0
0,944,77.317505,77.0
0,945,80.1014,80.0
0,946,86.28742,86.0
0,947,55.87629,56.0
0,948,68.16859,69.0
0,949,72.18022,74.0
0,950,62.305557,62.0
0,951,59.53827,60.0
0,952,86.258575,85.0
0,953,77.84591,76.0
0,954,48.001854,45.0
0,955,50.546757,52.0
0,956,58.83907,60.0
0,957,61.56951,62.0
0,958,86.9286,88.0
0,959,65.95974,65.0
0,960,83.26917,84.0
0,961,91.23394,92.0
0,962,79.59266,80.0
0,963,27.286774,28.0
0,964,31.474775,32.0
0,965,29.458069,26.0
0,966,44.12233,46.0
0,967,85.00017,93.0
0,968,65.309875,54.0
0,969,86.28733,86.0
0,970,73.59749,75.0
0,971,84.81093,85.0
0,972,66.66541,64.0
0,973,25.325907,14.0
0,974,15.014264,15.0
0,975,19.246586,20.0
0,976,56.404205,57.0
0,977,44.978462,47.0
0,978,85.00017,82.0
0,979,85.00017,93.0
0,980,92.97345,95.0
0,981,91.303535,92.0
0,982,85.64808,85.0
0,983,81.07067,79.0
0,984,84.153786,84.0
0,985,93.51486,95.0
0,986,88.87018,88.0
0,987,86.62775,84.0
0,988,93.23813,93.0
0,989,87.318634,87.0
0,990,93.2393,93.0
0,991,80.235,78.0
0,992,89.04076,90.0
0,993,87.232506,87.0
0,994,88.43263,89.0
0,995,87.31283,91.0
0,996,88.22025,90.0
0,997,87.13748,87.0
0,998,81.56929,82.0
0,999,78.16754,78.0
0,1000,78.614784,79.0
0,1001,90.76312,92.0
0,1002,90.77062,91.0
0,1003,86.20192,85.0
0,1004,81.88583,82.0
0,1005,91.284454,91.0
0,1006,89.22034,90.0
0,1007,75.44161,76.0
0,1008,85.93757,87.0
0,1009,85.347084,85.0
0,1010,86.51038,87.0
0,1011,87.591446,90.0
0,1012,84.05184,83.0
0,1013,86.86387,86.0
0,1014,74.86541,75.0
0,1015,67.792046,69.0
0,1016,52.673702,51.0
0,1017,73.27239,73.0
0,1018,83.30546,85.0
0,1019,56.485123,57.0
0,1020,20.206415,20.0
0,1021,9.103606,7.0
0,1022,8.388286,8.0
0,1023,-0.9481749,2.0
0,1024,14.74089,8.0
0,1025,12.271335,10.0
0,1026,66.49813,72.0
0,1027,69.513596,60.0
0,1028,64.80133,77.0
0,1029,64.39814,54.0
0,1030,90.23171,93.0
0,1031,82.58854,88.0
0,1032,77.314125,78.0
0,1033,92.61686,93.0
0,1034,52.559025,53.0
0,1035,20.891647,17.0
0,1036,92.56178,92.0
0,1037,89.8701,90.0
0,1038,57.470116,58.0
0,1039,78.00547,79.0
0,1040,6.8771796,0.0
0,1041,72.3914,71.0
0,1042,68.51155,82.0
0,1043,70.2268,72.0
0,1044,70.54337,71.0
0,1045,69.13155,69.0
0,1046,71.87302,73.0
0,1047,70.99253,71.0
0,1048,71.26069,72.0
0,1049,42.88791,40.0
0,1050,60.87913,45.0
0,1051,69.42762,72.0
0,1052,68.51155,82.0
0,1053,71.37492,78.0
0,1054,68.51155,72.0
0,1055,68.51155,78.0
0,1056,68.51155,71.0
0,1057,70.215614,77.0
0,1058,51.772278,59.0
0,1059,37.833385,26.0
0,1060,57.616203,62.0
0,1061,35.614132,35.0
0,1062,1.0676562,0.0
0,1063,55.228863,35.0
0,1064,56.45609,37.0
0,1065,55.228863,72.0
0,1066,56.45609,74.0
0,1067,68.51155,66.0
0,1068,68.51155,82.0
0,1069,68.51155,69.0
0,1070,68.51155,80.0
0,1071,68.51155,82.0
0,1072,55.445942,55.0
0,1073,51.990757,52.0
0,1074,71.88471,73.0
0,1075,54.564045,55.0
0,1076,51.31874,50.0
0,1077,46.97624,47.0
0,1078,43.468052,44.0
0,1079,73.17877,74.0
0,1080,47.857502,48.0
0,1081,70.225105,70.0
0,1082,48.958424,49.0
0,1083,76.14009,78.0
0,1084,49.691395,49.0
0,1085,56.530663,56.0
0,1086,56.936245,57.0
0,1087,79.690544,81.0
0,1088,44.074093,43.0
0,1089,77.50443,78.0
0,1090,50.756027,50.0
0,1091,80.93769,82.0
0,1092,77.4425,78.0
0,1093,56.076553,57.0
0,1094,3.6833274,2.5
0,1095,54.9705,55.0
0,1096,73.70184,82.0
0,1097,52.635204,52.0
0,1098,74.424934,74.0
0,1099,47.69218,48.0
0,1100,78.55654,78.0
0,1101,48.793133,49.0
0,1102,56.226727,56.0
0,1103,58.03865,57.0
0,1104,48.99513,50.0
0,1105,55.69874,76.0
0,1106,55.69874,35.0
0,1107,54.541122,53.0
0,1108,59.86466,57.0
0,1109,42.85713,42.0
0,1110,82.80374,88.0
0,1111,66.969925,63.0
0,1112,84.705505,84.0
0,1113,54.680595,55.0
0,1114,82.80374,88.0
0,1115,47.064915,43.0
0,1116,85.83228,92.0
0,1117,46.25164,45.0
0,1118,78.39485,78.0
0,1119,41.828983,42.0
0,1120,70.05296,73.0
0,1121,30.419653,29.0
0,1122,82.20739,84.0
0,1123,43.208553,38.0
0,1124,79.67047,79.0
0,1125,42.05365,40.0
0,1126,88.053055,89.0
0,1127,51.738907,52.0
0,1128,65.76524,63.0
0,1129,32.2388,33.0
0,1130,81.672165,83.0
0,1131,80.33149,81.0
0,1132,89.38175,91.0
0,1133,63.77184,61.0
0,1134,41.695305,43.0
0,1135,39.934093,39.0
0,1136,49.85805,51.0
0,1137,35.375393,34.0
0,1138,80.9914,79.0
0,1139,86.36227,87.0
0,1140,88.92601,88.0
0,1141,89.90635,90.0
0,1142,88.961,89.0
0,1143,80.56828,79.0
0,1144,88.15018,92.0
0,1145,40.1442,39.0
0,1146,57.02068,63.3
0,1147,15.9195595,9.73
0,1148,79.0192,86.0
0,1149,67.51884,72.0
0,1150,81.90155,83.0
0,1151,52.096684,34.0
0,1152,39.657944,36.0
0,1153,34.509865,29.0
0,1154,29.48831,27.0
0,1155,79.0192,86.0
0,1156,48.308342,50.0
0,1157,77.15153,79.0
0,1158,35.346283,32.0
0,1159,81.334366,81.0
0,1160,42.724407,46.0
0,1161,72.78182,71.0
0,1162,34.849483,36.0
0,1163,76.54387,78.0
0,1164,43.004723,42.0
0,1165,90.50351,92.0
0,1166,61.100025,61.0
0,1167,79.06811,81.0
0,1168,41.242844,39.0
0,1169,79.78909,83.0
0,1170,38.761925,37.0
0,1171,73.81648,73.0
0,1172,71.417694,71.0
0,1173,69.52775,67.0
0,1174,56.920654,58.0
0,1175,39.936413,41.0
0,1176,40.41125,40.0
0,1177,36.04254,36.0
0,1178,43.382027,45.0
0,1179,81.45832,82.0
0,1180,40.917217,42.0
0,1181,91.86766,94.0
0,1182,90.37845,91.0
0,1183,91.983086,92.0
0,1184,92.7536,94.0
0,1185,48.928673,49.0
0,1186,5.815811,4.0
0,1187,74.60025,83.0
0,1188,78.08756,74.0
0,1189,72.41235,70.0
0,1190,25.048893,24.0
0,1191,84.05197,87.0
0,1192,73.14141,70.0
0,1193,51.81028,54.0
0,1194,48.13119,44.0
0,1195,79.128746,82.0
0,1196,90.18037,91.0
0,1197,89.90316,90.0
0,1198,89.4267,89.0
0,1199,89.021965,90.0
0,1200,89.84226,89.0
0,1201,92.3388,92.0
0,1202,90.56996,90.0
0,1203,92.019135,91.0
0,1204,93.44524,92.0
0,1205,81.429596,80.0
0,1206,88.358864,91.0
0,1207,77.53508,76.0
0,1208,85.81595,87.0
0,1209,78.030945,78.0
0,1210,89.41288,90.0
0,1211,88.231125,90.0
0,1212,90.108185,91.0
0,1213,48.30282,49.0
0,1214,45.878365,46.0
0,1215,87.70684,88.0
0,1216,90.0743,90.0
0,1217,91.08323,92.0
0,1218,91.28643,91.0
0,1219,82.33154,88.0
0,1220,42.34537,86.0
0,1221,42.34537,0.0
0,1222,17.02701,8.0
0,1223,17.02701,25.0
0,1224,6.7771344,0.0
0,1225,6.7771344,11.0
0,1226,44.009792,33.0
0,1227,44.009792,56.0
0,1228,18.556759,0.0
0,1229,18.556759,38.0
0,1230,70.30213,51.0
0,1231,70.30213,89.0
0,1232,43.463707,87.0
0,1233,43.463707,0.0
0,1234,50.518364,24.0
0,1235,50.518364,76.0
0,1236,85.71306,90.0
0,1237,49.846706,50.0
0,1238,80.82864,81.0
0,1239,94.60941,98.0
0,1240,87.1539,86.0
0,1241,63.30518,45.0
0,1242,63.30518,82.0
0,1243,34.661663,30.0
0,1244,79.56636,80.0
0,1245,81.30745,83.0
0,1246,96.35225,99.0
0,1247,53.107353,50.0
0,1248,96.99602,96.0
0,1249,95.003075,98.0
0,1250,22.954693,20.0
0,1251,64.681564,65.0
0,1252,83.332596,85.0
0,1253,10.987604,10.0
0,1254,17.270355,13.0
0,1255,59.767166,60.0
0,1256,57.432903,61.0
0,1257,61.09528,63.0
0,1258,65.90648,66.0
0,1259,73.28333,76.0
0,1260,75.33211,76.0
0,1261,74.10122,75.0
0,1262,68.90643,62.0
0,1263,86.10088,90.0
0,1264,87.35281,90.0
0,1265,19.239447,11.0
0,1266,-1.5029372,3.0
0,1267,90.362236,90.0
0,1268,89.02983,89.0
0,1269,91.33768,93.0
0,1270,88.29548,88.0
0,1271,89.140785,89.0
0,1272,85.24611,85.0
0,1273,86.03045,86.0
0,1274,92.905365,93.0
0,1275,81.311104,81.0
0,1276,78.97846,79.0
0,1277,75.48577,75.0
0,1278,77.54257,76.0
0,1279,80.430916,80.0
0,1280,95.8211,95.0
0,1281,90.70921,90.0
0,1282,93.18246,93.0
0,1283,91.07233,94.0
0,1284,94.374954,95.0
0,1285,92.99807,93.0
0,1286,89.16856,91.0
0,1287,88.4925,90.0
0,1288,86.882355,87.0
0,1289,82.52407,83.0
0,1290,87.963776,90.0
0,1291,62.971317,61.0
0,1292,78.62555,78.0
0,1293,80.94407,82.0
0,1294,80.918045,79.0
0,1295,80.61203,80.0
0,1296,90.60205,92.0
0,1297,66.99798,69.0
0,1298,42.231922,40.0
0,1299,34.646862,33.0
0,1300,1.8581252,0.0
0,1301,93.0868,94.0
0,1302,89.66852,90.0
0,1303,73.95244,72.0
0,1304,89.10954,90.0
0,1305,76.10742,77.0
0,1306,67.932,68.0
0,1307,31.786991,33.0
0,1308,86.153046,86.0
0,1309,82.40243,83.0
0,1310,74.9663,75.0
0,1311,86.51891,91.0
0,1312,85.042145,91.0
0,1313,89.18067,91.0
0,1314,84.96914,82.0
0,1315,63.60761,57.0
0,1316,85.563995,95.0
0,1317,85.64339,91.0
0,1318,85.563995,78.0
0,1319,85.563995,83.0
0,1320,76.435135,75.0
0,1321,71.75482,79.0
0,1322,74.84359,74.0
0,1323,78.625755,80.0
0,1324,67.3908,66.0
0,1325,75.36541,75.0
0,1326,49.92303,47.0
0,1327,55.158764,53.0
0,1328,81.8115,81.0
0,1329,2.3273125,0.0
0,1330,79.947334,81.0
0,1331,79.947334,77.0
0,1332,74.25562,76.0
0,1333,79.31353,78.0
0,1334,67.192276,67.0
0,1335,79.672554,80.0
0,1336,84.60318,85.0
0,1337,80.652145,82.0
0,1338,69.68762,72.0
0,1339,58.57947,61.0
0,1340,85.435715,82.0
0,1341,-2.2036421,0.0
0,1342,76.612274,73.0
0,1343,76.612274,80.0
0,1344,70.03734,63.0
0,1345,70.03734,76.0
0,1346,55.599026,54.0
0,1347,58.295746,62.0
0,1348,14.737493,0.0
0,1349,55.224804,63.0
0,1350,76.83867,78.0
0,1351,53.39048,54.0
0,1352,8.464233,0.0
0,1353,31.04753,42.0
0,1354,2.4691722,0.0
0,1355,89.09459,92.0
0,1356,83.85218,88.0
0,1357,9.337527,0.0
0,1358,89.09459,92.0
0,1359,90.515114,92.0
0,1360,87.87542,91.0
0,1361,82.21268,90.0
0,1362,85.15476,89.0
0,1363,77.87089,77.0
0,1364,82.01772,70.0
0,1365,74.58314,74.0
0,1366,36.831356,18.0
0,1367,76.859985,83.0
0,1368,83.26569,83.0
0,1369,72.784744,81.0
0,1370,67.42556,70.0
0,1371,90.382286,88.0
0,1372,89.09459,85.0
0,1373,69.27346,65.0
0,1374,78.92564,80.0
0,1375,87.03917,88.0
0,1376,90.70219,95.0
0,1377,88.39873,85.0
0,1378,77.49205,78.0
0,1379,89.433266,90.0
0,1380,76.81007,76.0
0,1381,90.22278,91.0
0,1382,86.35462,85.0
0,1383,86.126465,87.0
0,1384,88.83084,91.0
0,1385,80.62783,85.0
0,1386,69.49138,70.0
0,1387,69.65013,70.0
0,1388,67.90627,68.0
0,1389,66.56883,65.0
0,1390,71.55473,72.0
0,1391,73.54707,73.0
0,1392,72.1634,72.0
0,1393,59.850952,60.0
0,1394,80.921234,94.0
0,1395,80.921234,65.0
0,1396,91.788994,95.0
0,1397,82.250145,81.0
0,1398,86.3187,92.0
0,1399,64.75244,60.0
0,1400,65.53978,64.0
0,1401,89.57971,92.0
0,1402,93.48253,95.0
0,1403,87.47249,87.0
0,1404,95.887665,93.0
0,1405,84.211914,86.0
0,1406,45.648357,44.0
0,1407,85.27284,85.0
0,1408,96.75236,97.0
0,1409,80.45802,80.18
0,1410,75.778595,76.0
0,1411,77.55355,76.0
0,1412,59.33966,60.0
0,1413,84.0452,85.0
0,1414,70.700645,70.0
0,1415,79.045265,79.0
0,1416,79.76833,83.0
0,1417,80.908,82.0
0,1418,81.08843,81.0
0,1419,81.4152,82.0
0,1420,96.035995,98.0
0,1421,70.982544,71.0
0,1422,77.34197,78.0
0,1423,95.65337,96.0
0,1424,84.19764,88.0
0,1425,4.188092,3.0
0,1426,6.751742,15.0
0,1427,27.503721,14.0
0,1428,66.62702,69.0
0,1429,80.3266,78.87
0,1430,63.176304,60.12
0,1431,11.633286,12.0
0,1432,14.519268,8.0
0,1433,50.511616,59.4
0,1434,75.27993,79.75
0,1435,95.41138,95.0
0,1436,78.9217,82.0
0,1437,8.338093,9.0
0,1438,5.870473,2.0
0,1439,35.0484,38.0
0,1440,53.086983,49.0
0,1441,85.18529,83.0
0,1442,66.50808,66.0
0,1443,12.996851,14.0
0,1444,9.013203,6.0
0,1445,39.54091,42.0
0,1446,59.915745,61.0
0,1658,49.474968,51.0
0,1659,10.825563,11.0
0,1660,1.7778282,1.0
0,1661,15.141396,14.0
0,1662,34.58524,35.0
0,1663,58.553364,64.0
0,1664,96.29004,99.0
0,1665,78.06741,77.0
0,1666,82.260254,82.0
0,1667,83.11793,84.0
0,1668,83.11793,79.0
0,1669,84.14372,86.0
0,1670,82.38609,84.0
0,1671,88.18427,88.0
0,1672,75.061035,75.0
0,1673,94.74212,96.0
0,1674,93.62138,95.0
0,1675,70.88164,69.0
0,1676,68.59199,67.0
0,1677,79.44407,82.0
0,1678,92.49555,92.0
0,1679,87.92925,88.0
0,1680,69.10836,68.0
0,1681,91.60928,93.0
0,1682,92.62658,93.0
0,1683,88.58769,89.0
0,1684,63.803955,62.0
0,1685,75.54834,75.0
0,1686,96.16768,96.0
0,1687,88.639465,89.0
0,1688,87.39398,88.0
0,1689,85.64338,85.0
0,1690,81.75642,82.0
0,1691,96.49777,98.0
0,1692,73.93674,75.0
0,1693,70.144196,76.0
0,1694,69.53329,70.0
0,1695,70.144196,61.0
0,1696,67.84455,75.0
0,1697,69.18485,75.0
0,1698,60.928288,59.0
0,1699,39.806297,35.0
0,1700,48.42248,46.0
0,1701,62.569763,64.0
0,1702,54.04612,59.0
0,1703,71.31265,71.0
0,1704,68.41818,71.0
0,1705,68.91179,66.0
0,1706,76.01324,85.0
0,1707,74.12199,84.0
0,1708,51.563366,40.0
0,1709,76.01324,78.0
0,1710,78.08176,75.0
0,1711,70.118164,70.0
0,1712,71.792816,75.0
0,1713,45.173008,45.0
0,1714,59.947327,58.0
0,1715,65.9733,66.0
0,1716,56.558643,56.0
0,1717,71.510796,63.0
0,1718,80.24677,82.0
0,1719,86.86722,91.0
0,1720,84.923485,85.0
0,1721,78.254814,80.0
0,1722,62.447414,65.0
0,1723,72.001335,79.0
0,1724,80.55835,86.0
0,1725,84.27716,84.0
0,1726,61.90706,63.0
0,1727,86.59608,86.0
0,1728,87.92068,86.0
0,1729,0.021198072,0.0
0,1730,0.21184424,0.0
0,1731,6.0889874,0.0
0,1732,75.75908,76.0
0,1733,76.02607,74.0
0,1734,58.658432,60.0
0,1735,50.821777,50.0
0,1736,73.94631,70.0
0,1737,76.38062,82.0
0,1738,76.14033,74.0
0,1739,77.635635,78.0
0,1740,77.732025,78.0
0,1741,84.20757,89.0
0,1742,84.20757,80.0
0,1743,81.77231,77.0
0,1744,84.20757,89.0
0,1745,71.6236,70.0
0,1746,55.491505,52.0
0,1747,76.60968,76.0
0,1748,81.19771,83.0
0,1749,66.527336,67.0
0,1750,76.0382,77.0
0,1751,82.11492,77.0
0,1752,87.02305,88.0
0,1753,83.6464,84.0
0,1754,84.774376,88.0
0,1755,73.63283,69.0
0,1756,76.07061,75.0
0,1757,83.88945,85.0
0,1758,70.00418,70.0
0,1759,78.174866,75.0
0,1760,69.41493,70.0
0,1761,75.2173,69.0
0,1762,58.079098,59.0
0,1763,87.008934,90.0
0,1764,78.59692,87.0
0,1765,71.56961,86.0
0,1766,65.789246,74.0
0,1767,51.572487,33.0
0,1768,77.82376,83.0
0,1769,43.34277,81.0
0,1770,43.34277,0.0
0,1771,39.679474,42.0
0,1772,77.12213,77.0
0,1773,79.46083,76.0
0,1774,68.304794,66.0
0,1775,61.47711,64.0
0,1776,86.51363,92.0
0,1777,10.194512,0.0
0,1778,24.560207,16.0
0,1779,70.22904,68.0
0,1780,72.7779,78.0
0,1781,21.692883,19.0
0,1782,31.973965,51.0
0,1783,31.973965,11.0
0,1784,72.15483,75.0
0,1785,11.117087,13.0
0,1786,-1.8458111,0.0
0,1787,17.876589,18.0
0,1788,7.3499575,11.0
0,1789,9.70531,11.0
0,1790,3.2523694,0.0
0,1791,1.8145627,0.0
0,1792,1.8794531,0.0
0,1793,73.93674,80.0
0,1794,8.381478,9.0
0,1795,4.279427,1.0
0,1796,73.93674,80.0
0,1797,73.93674,75.0
0,1798,70.144196,76.0
0,1799,69.53329,70.0
0,1800,70.144196,72.0
0,1801,70.144196,61.0
0,1802,70.144196,50.0
0,1803,70.144196,81.0
0,1804,67.84455,75.0
0,1805,67.84455,60.0
0,1806,69.18485,75.0
0,1807,60.928288,59.0
0,1808,39.806297,35.0
0,1809,48.42248,46.0
0,1810,62.569763,64.0
0,1811,54.04612,59.0
0,1812,71.31265,71.0
0,1813,68.41818,71.0
0,1814,68.91179,66.0
0,1815,67.84455,54.0
0,1816,76.01324,85.0
0,1817,74.08059,74.0
0,1818,76.01324,78.0
0,1819,74.12199,84.0
0,1820,51.563366,40.0
0,1821,94.6254,92.0
0,1822,96.31593,95.0
0,1823,86.5034,87.0
0,1824,97.99109,97.0
0,1825,94.91592,97.0
0,1826,93.75189,97.0
0,1911,46.979053,45.0
0,1912,42.79683,43.0
0,1913,-0.2753583,0.0
0,1914,61.495995,60.0
0,1915,21.86292,21.0
0,1916,4.66158,5.0
0,1917,94.15434,97.0
0,1918,86.60346,88.0
0,1919,84.170715,85.0
0,1920,97.76054,97.0
0,1921,96.20673,97.0
0,1922,94.791885,95.0
0,1923,91.93098,91.0
0,1924,92.00863,92.0
0,1925,90.80532,91.0
0,1926,84.81077,85.0
0,1927,97.1402,98.0
0,1928,92.97986,93.0
0,1929,80.33787,80.0
0,1930,86.02037,86.0
0,1931,95.4072,95.0
0,1932,90.283966,90.0
0,1933,83.139725,83.0
0,1934,89.00598,89.0
0,1935,85.095215,85.0
0,1936,91.79787,92.0
0,1937,8.201551,7.0
0,1938,96.03569,96.0
0,1939,88.49936,88.0
0,1940,86.72516,87.0
0,1941,95.54387,95.0
0,1942,97.083786,97.0
0,1943,86.93781,87.0
0,1944,82.64705,83.0
0,1945,89.36211,90.0
0,1946,85.78848,85.0
0,1947,94.67821,95.0
0,1948,82.9245,83.0
0,1949,80.021286,80.0
0,1950,90.381645,93.0
0,1951,87.71982,87.0
0,1952,91.04439,92.0
0,1953,89.74315,90.0
0,1954,-1.8033708,0.0
0,1955,1.4428315,0.0
0,1956,82.60195,96.0
0,1957,81.56391,78.0
0,1958,81.92662,69.0
0,1959,82.60195,94.0
0,1960,74.93792,71.0
0,1961,3.8311024,0.0
0,1962,2.1880975,0.0
0,1963,31.29349,19.0
0,1964,68.39883,77.0
0,1965,82.60195,91.0
0,1966,92.62109,96.0
0,1967,50.171318,42.0
0,1968,54.36031,51.0
0,1969,87.8369,88.0
0,1970,84.04596,86.0
0,1971,34.82443,33.0
0,1972,98.71367,98.0
0,1973,77.25695,80.0
0,1974,39.071842,38.0
0,1975,77.54368,79.0
0,1976,3.8976278,0.0
0,1977,89.08213,88.0
0,1978,96.75675,96.0
0,1979,79.449265,81.0
0,1980,44.130512,42.0
0,1981,77.21067,82.0
0,1982,59.312824,59.0
0,1983,36.25297,37.0
0,1984,92.41445,94.0
0,1985,62.901936,64.0
0,1986,90.10576,90.0
0,1987,34.33717,36.0
0,1988,33.33967,31.0
0,1989,36.233112,37.0
0,1990,26.11625,22.0
0,1991,51.759037,50.0
0,1992,58.466114,61.0
0,1993,1.554478,0.0
0,2104,18.649673,11.0
0,2105,62.118446,71.0
0,2106,22.454582,0.0
0,2107,58.97513,45.0
0,2108,70.101265,90.0
0,2109,85.45578,91.0
0,2110,32.112434,32.0
0,2111,18.185165,0.0
0,2112,4.6493897,9.0
0,2113,2.5704567,0.0
0,2114,39.938572,14.0
0,2115,39.938572,32.0
0,2116,70.101265,92.0
0,2117,96.883934,98.0
0,2118,94.26681,94.0
0,2119,87.496086,87.0
0,2120,70.101265,90.0
0,2121,83.977844,84.0
0,2122,79.29838,81.0
0,2123,85.95542,85.0
0,2124,78.08921,77.0
0,2125,82.57336,82.0
0,2126,83.54487,83.0
0,2127,96.066444,97.0
0,2128,95.583046,99.0
0,2129,93.432884,92.0
0,2130,86.66459,87.0
0,2131,74.08111,76.0
0,2132,70.00272,68.0
0,2133,87.97029,88.0
0,2134,66.85954,67.0
0,2135,67.77435,65.0
0,2136,95.43928,96.0
0,2137,74.263824,73.0
0,2138,66.35964,63.0
0,2139,83.35727,85.0
0,2140,72.32266,71.0
0,2141,86.64285,92.0
0,2142,54.357716,53.0
0,2143,75.60305,76.0
0,2144,61.794346,62.0
0,2145,72.07093,71.0
0,2146,92.24716,92.0
0,2147,25.5177,18.0
0,2148,56.909748,64.0
0,2149,58.164074,57.0
0,2150,50.947994,57.0
0,2151,56.909748,43.0
0,2152,81.772385,91.0
0,2153,79.9474,81.0
0,2154,77.66289,80.0
0,2155,91.726685,91.0
0,2156,88.11858,87.0
0,2157,42.763393,40.0
0,2158,81.772385,82.0
0,2159,92.46827,91.0
0,2160,96.22553,99.0
0,2161,56.082607,53.0
0,2162,79.3426,81.0
0,2163,94.07813,95.0
0,2164,89.65612,88.0
0,2165,90.316284,90.0
0,2166,32.85956,33.0
0,2167,30.338516,31.0
0,2168,35.832207,38.0
0,2169,30.62956,26.0
0,2170,53.865246,67.0
0,2171,29.110739,26.0
0,2172,27.677025,22.0
0,2173,50.01883,57.0
0,2174,19.168142,20.0
0,2175,17.450418,13.0
0,2176,22.61934,20.0
0,2177,25.49804,24.0
0,2178,28.596273,20.0
0,2179,76.35477,88.0
0,2180,34.36991,36.0
0,2181,23.044521,9.0
0,2182,86.37911,91.0
0,2183,80.819824,92.0
0,2184,59.304676,46.0
0,2185,72.99626,86.0
0,2186,92.46713,86.0
0,2187,81.02094,81.0
0,2188,82.07514,82.0
0,2189,81.23823,82.0
0,2190,75.4254,75.0
0,2191,80.01175,79.0
0,2192,76.08653,76.0
0,2193,80.316246,82.0
0,2194,77.29622,76.0
0,2195,85.38764,87.0
0,2196,71.63253,70.0
0,2197,79.72153,80.0
0,2198,83.20411,84.0
0,2199,83.8884,85.0
0,2200,70.55887,68.0
0,2201,72.5429,71.0
0,2202,76.44859,72.0
0,2203,57.51265,55.0
0,2204,77.061295,82.0
0,2205,40.10549,38.0
0,2206,81.90952,83.0
0,2207,79.07418,78.0
0,2208,83.73531,86.0
0,2209,89.86896,89.0
0,2210,93.84211,99.0
0,2211,91.23526,90.0
0,2212,85.35131,84.0
0,2213,88.23674,88.0
0,2214,59.878338,60.0
0,2215,66.450714,68.0
0,2216,79.38488,81.0
0,2217,83.1473,85.0
0,2218,86.478935,88.0
0,2219,76.378525,76.0
0,2220,79.219536,80.0
0,2221,88.06032,89.0
0,2222,88.135666,90.0
0,2223,81.055504,78.0
0,2224,53.57108,52.0
0,2225,85.840805,88.0
0,2226,81.76371,82.0
0,2227,84.86987,85.0
0,2228,69.34418,67.0
0,2398,43.54018,44.0
0,2399,53.308052,54.0
0,2400,50.281425,51.0
0,2401,56.270508,57.0
0,2402,55.169807,54.0
0,2403,83.895935,79.0
0,2404,58.71225,64.0
0,2405,14.098625,0.0
0,2406,63.063416,66.0
0,2407,19.126894,19.0
0,2408,33.250526,33.0
0,2409,84.62469,87.0
0,2410,94.38173,99.0
0,2411,93.22982,95.0
0,2412,83.41715,83.0
0,2413,91.94275,94.0
0,2414,81.44479,80.0
0,2415,83.05287,82.0
0,2416,72.0353,72.0
0,2417,74.193115,75.0
0,2418,74.69401,74.0
0,2419,80.64083,81.0
0,2420,90.23621,92.0
0,2421,59.325512,59.0
0,2422,92.01389,92.0
0,2423,85.08685,86.0
0,2424,93.392044,95.0
0,2425,80.11651,78.0
0,2426,84.55378,85.0
0,2427,88.85959,88.0
0,2428,76.45922,75.0
0,2429,74.58365,73.0
0,2430,90.65996,94.0
0,2431,78.45614,77.0
0,2432,93.8386,94.0
0,2433,91.37536,92.0
0,2434,82.47226,83.0
0,2435,86.709496,87.0
0,2436,95.34313,96.0
0,2437,86.68548,84.0
0,2438,90.96273,88.0
0,2439,84.85588,85.0
0,2440,92.01475,92.0
0,2441,94.73221,96.0
0,2442,74.80201,74.0
0,2443,96.23015,98.0
0,2444,83.64771,84.0
0,2445,89.3302,91.0
0,2446,77.61593,78.0
0,2447,92.97013,93.0
0,2448,88.87255,89.0
0,2449,78.67607,79.0
0,2450,77.37504,77.0
0,2451,87.24072,88.0
0,2452,78.063034,80.28
0,2453,60.054256,54.64
0,2454,83.00812,86.89
0,2455,58.19746,49.33
0,2456,72.887665,76.19
0,2457,44.996456,40.83
0,2458,86.77773,90.0
0,2459,90.014786,91.0
0,2460,88.96939,91.0
0,2461,75.657776,74.0
0,2462,86.10407,87.0
0,2463,67.72937,66.0
0,2464,88.910645,89.0
0,2465,81.63008,82.0
0,2466,81.4659,83.0
0,2467,79.24054,79.0
0,2468,91.065506,93.0
0,2469,68.853836,67.0
0,2470,86.0763,88.24
0,2471,74.9155,74.0
0,2472,84.2057,84.0
0,2473,81.78123,78.0
0,2474,84.458534,86.0
0,2475,92.73857,93.0
0,2476,83.88824,82.0
0,2477,80.37826,80.0
0,2478,94.40506,93.0
0,2479,88.54155,90.0
0,2480,68.508705,70.0
0,2557,31.117153,33.0
0,2558,41.15926,36.0
0,2559,35.073265,38.0
0,2560,37.841496,33.0
0,2561,17.324379,13.0
0,2562,37.841496,45.0
0,2563,54.244926,55.0
0,2564,69.000084,71.0
0,2565,43.537342,43.0
0,2566,88.10859,90.0
0,2567,59.779686,61.0
0,2568,7.8680696,6.0
0,2569,59.132584,58.0
0,2570,76.76219,77.0
0,2571,90.40327,92.0
0,2572,72.33023,72.0
0,2573,70.32859,70.0
0,2574,71.67821,72.0
0,2575,26.46854,25.0
0,2576,18.266432,18.0
0,2577,63.885952,82.0
0,2578,51.971493,44.0
0,2579,63.352276,73.0
0,2580,35.94423,30.0
0,2581,31.352978,22.0
0,2582,65.38656,76.0
0,2583,18.490082,17.0
0,2584,15.910014,13.0
0,2585,63.885952,73.0
0,2586,63.885952,70.0
0,2587,45.70312,24.0
0,2588,66.94801,77.0
0,2589,70.547295,79.0
0,2590,28.604082,10.0
0,2591,54.780605,56.0
0,2592,63.885952,70.0
0,2593,63.885952,74.0
0,2594,63.885952,40.0
0,2595,63.885952,66.0
0,2596,63.885952,69.0
0,2597,63.885952,73.0
0,2598,3.4991639,0.0
0,2599,63.885952,24.0
0,2600,63.885952,79.0
0,2601,63.885952,73.0
0,2602,61.9574,61.0
0,2603,65.46823,65.0
0,2604,38.577126,37.0
0,2605,46.497902,49.0
0,2606,57.1603,58.0
0,2607,68.33855,66.0
0,2608,74.95179,76.0
0,2609,73.03998,72.0
0,2610,71.55121,73.0
0,2611,40.103302,38.0
0,2612,90.3197,91.0
0,2613,79.86825,80.0
0,2614,77.609566,78.0
0,2615,71.78614,72.0
0,2616,45.18169,46.0
0,2617,61.156864,62.0
0,2618,52.505447,53.0
0,2619,52.066124,50.0
0,2620,25.483696,23.0
0,2621,46.65094,46.0
0,2622,74.84934,76.0
0,2623,89.342064,91.0
0,2624,77.76121,78.0
0,2625,78.52438,80.0
0,2626,30.525007,30.0
0,2627,33.93293,33.0
0,2628,35.21234,35.0
0,2629,29.085155,29.0
0,2630,42.43966,44.0
0,2631,73.12688,74.0
0,2632,3.4991639,0.1
0,2633,63.885952,82.2
0,2634,63.885952,24.2
0,2635,63.885952,79.1
0,2636,-1.9840574,0.1
0,2637,-1.1141493,0.0
0,2638,2.2963154,0.0
0,2639,1.0614595,0.0
0,2640,1.9801582,0.0
0,2641,7.906866,15.5
0,2642,1.7948931,0.1
0,2643,3.171401,0.0
0,2644,1.4688026,0.1
0,2645,-0.627622,0.0
0,2646,57.40415,65.0
0,2647,25.410133,21.0
0,2648,38.658188,42.0
0,2649,44.90619,45.0
0,2650,3.5533745,0.0
0,2651,45.484295,47.0
0,2652,8.4077215,0.0
0,2653,66.63009,67.0
0,2654,55.864025,60.0
0,2655,62.340218,65.0
0,2656,53.91578,56.0
0,2657,20.175493,12.0
0,2658,58.565605,56.0
0,2659,75.01456,77.0
0,2660,79.13315,78.0
0,2661,81.50796,85.0
0,2662,85.72174,82.0
0,2663,87.91599,91.0
0,2664,66.28284,56.0
0,2665,84.525795,94.0
0,2666,66.586,65.0
0,2667,79.40823,80.0
0,2668,81.50796,85.0
0,2669,75.16914,77.0
0,2670,81.38651,83.0
0,2671,73.19151,72.0
0,2672,82.0491,83.0
0,2673,71.96796,72.0
0,2674,66.65129,67.0
0,2675,70.37247,71.0
0,2676,52.289265,52.0
0,2677,52.202835,51.0
0,2678,67.20093,67.0
0,2679,63.90906,54.0
0,2680,80.20601,91.0
0,2681,67.12039,73.0
0,2682,73.37115,75.0
0,2683,65.720146,66.0
0,2684,68.94803,71.0
0,2685,72.711716,72.0
0,2686,62.711864,62.0
0,2687,72.23887,72.0
0,2688,48.110172,48.0
0,2689,60.86648,61.0
0,2690,45.611984,42.0
0,2691,67.89769,72.0
0,2692,45.38181,38.0
0,2693,74.17133,81.0
0,2694,61.780846,55.0
0,2695,59.810093,60.0
0,2696,62.208607,63.0
0,2697,53.239586,50.0
0,2698,55.443085,66.0
0,2699,44.85314,40.0
0,2700,60.624237,60.0
0,2701,45.85383,39.0
0,2702,48.242012,43.0
0,2703,58.118706,56.0
0,2704,69.61979,76.0
0,2705,62.53924,62.0
0,2706,73.75787,76.0
0,2707,62.921066,45.0
0,2708,80.00963,92.0
0,2709,80.00963,85.0
0,2710,72.81547,72.0
0,2711,89.2277,91.0
0,2712,82.25523,81.0
0,2713,77.59681,79.0
0,2714,69.92376,69.0
0,2715,73.8914,72.0
0,2716,67.32785,67.0
0,2717,79.07486,80.0
0,2718,84.91049,85.0
0,2719,76.625374,76.0
0,2720,74.15267,72.0
0,2721,72.73528,70.0
0,2722,74.46864,74.0
0,2723,60.877197,60.0
0,2724,46.17205,45.0
0,2725,59.601215,62.0
0,2726,59.87065,60.0
0,2727,51.697823,50.0
0,2728,64.20252,65.0
0,2729,61.277008,62.0
0,2730,80.62148,80.0
0,2731,72.77503,75.0
0,2732,75.61108,75.0
0,2733,75.503914,74.0
0,2734,69.98567,70.0
0,2735,6.1317153,0.0
0,2736,30.663391,36.0
0,2737,32.615845,30.0
0,2738,64.14948,78.0
0,2739,0.65801656,0.0
0,2740,30.36833,34.0
0,2741,30.105196,16.0
0,2742,52.418617,55.0
0,2743,70.81993,83.0
0,2744,69.711395,70.0
0,2745,31.081324,22.0
0,2746,60.352005,93.0
0,2747,60.352005,96.0
0,2748,60.352005,11.0
0,2749,60.352005,7.0
0,2750,60.352005,96.0
0,2751,88.34133,90.0
0,2752,84.46097,85.0
0,2753,86.71243,86.0
0,2754,86.18332,85.0
0,2755,95.33102,95.0
0,2756,83.95225,84.0
0,2757,82.113594,83.0
0,2758,84.868484,84.0
0,2759,80.73348,81.0
0,2760,76.05725,76.0
0,2761,95.54854,95.0
0,2762,89.838196,96.0
0,2763,91.28659,91.0
0,2764,80.46203,85.0
0,2765,58.520977,55.0
0,2766,90.34076,90.0
0,2767,91.81717,87.0
0,2768,92.9554,93.0
0,2769,61.35491,72.0
0,2770,32.67914,23.0
0,2771,88.90564,91.0
0,2772,97.20538,97.0
0,2773,87.70748,85.0
0,2774,81.15689,82.0
0,2775,90.0624,95.0
0,2776,82.9102,81.0
0,2777,82.23596,84.0
0,2778,73.96107,72.0
0,2779,92.229385,93.0
0,2780,96.59441,97.0
0,2781,93.43745,94.0
0,2782,86.19127,85.0
0,2783,92.21692,93.0
0,2784,81.24543,81.0
0,2785,92.5147,92.0
0,2786,89.884796,90.0
0,2787,94.928604,96.0
0,2788,88.120026,97.0
0,2789,87.05546,75.0
0,2790,94.55572,95.0
0,2791,93.05461,92.0
0,2792,92.73633,93.0
0,2793,96.56727,98.0
0,2794,96.864174,98.0
0,2795,94.429146,96.0
0,2796,90.50522,90.0
0,2797,47.25517,45.0
0,2798,43.719982,45.0
0,2799,80.59907,82.0
0,2800,97.774315,98.0
0,2801,85.2948,88.0
0,2802,73.01501,73.0
0,2803,96.44647,98.0
0,2804,95.59737,96.0
0,2805,91.93564,94.0
0,2806,52.6599,52.0
0,2807,64.73745,62.0
0,2808,48.659985,48.0
0,2809,91.59337,97.0
0,2810,94.277016,94.0
0,2811,52.30621,48.0
0,2812,97.69379,99.0
0,2813,86.087975,86.0
0,2814,91.202614,92.0
0,2815,73.26314,68.0
0,2816,5.75653,0.0
0,2817,10.988813,5.0
0,2818,51.738678,61.0
0,2819,60.971474,61.0
0,2820,72.71139,75.0
0,2821,78.072105,85.0
0,2822,78.072105,73.0
0,2823,85.289314,85.0
0,2824,84.55929,83.0
0,2825,86.89182,89.0
0,2826,93.97427,96.0
0,2827,84.52875,85.0
0,2828,85.674255,86.0
0,2829,92.04166,91.0
0,2830,93.97427,96.0
0,2831,91.54454,92.0
0,2832,93.30518,95.0
0,2833,86.859726,89.0
0,2834,89.83403,92.0
0,2835,90.396706,90.0
0,2836,93.523865,96.0
0,2837,98.268715,98.0
0,2838,96.37594,96.0
0,2839,65.97641,63.0
0,2840,90.36083,97.0
0,2841,94.05483,98.0
0,2842,73.0066,70.0
0,2843,88.42917,88.0
0,2844,85.162384,93.0
0,2845,88.58404,88.0
0,2846,93.21348,94.0
0,2847,25.97556,12.0
0,2848,40.11954,33.0
0,2849,34.10298,29.0
0,2850,26.252775,23.0
0,2851,70.92349,74.0
0,2852,22.91248,20.0
0,2853,18.599293,20.0
0,2854,50.43817,50.0
0,2855,50.43817,19.0
0,2856,39.465355,15.0
0,2857,50.43817,60.0
0,2858,39.465355,70.0
0,2859,60.799004,80.0
0,2860,29.259733,30.0
0,2861,31.28543,30.0
0,2862,60.799004,45.0
0,2863,60.799004,65.0
0,2864,52.67926,40.0
0,2865,60.799004,95.0
0,2866,60.799004,75.0
0,2867,60.799004,60.0
0,2868,47.58155,80.0
0,2869,60.799004,0.0
0,2870,47.58155,0.0
0,2871,50.43817,75.0
0,2872,60.799004,95.0
0,2873,35.052525,30.0
0,2874,94.982445,97.0
0,2875,65.01653,65.0
0,2876,71.49348,70.0
0,2877,83.493744,85.0
0,2878,82.1363,84.0
0,2879,80.337166,75.0
0,2880,94.982445,97.0
0,2881,88.427124,90.0
0,2882,89.88752,90.0
0,2883,90.37998,91.0
0,2884,95.75769,95.0
0,2885,72.99461,70.0
0,2886,84.937645,75.0
0,2887,84.06058,95.0
0,2888,85.46467,84.0
0,2889,89.10415,90.0
0,2890,83.611435,82.0
0,2891,85.17521,84.0
0,2892,87.23474,96.0
0,2893,84.57132,71.0
0,2894,85.00142,90.0
0,2895,83.64966,84.0
0,2896,80.46115,78.0
0,2897,82.56527,83.0
0,2898,83.02769,82.0
0,2899,82.907616,84.0
0,2900,91.75049,94.0
0,2901,82.34362,85.0
0,2902,76.60443,75.0
0,2903,69.53994,70.0
0,2904,91.70444,90.0
0,2905,87.09337,88.0
0,2906,84.83384,87.0
0,2907,82.831795,80.0
0,2908,80.15564,83.0
0,2909,85.37006,85.0
0,2910,31.543211,35.0
0,2911,27.807638,65.0
0,2912,27.807638,2.5
0,2913,20.736767,11.0
0,2914,5.2728376,0.0
0,2915,8.781494,0.0
0,2916,71.07314,70.0
0,2917,74.6006,75.0
0,2918,60.67479,63.0
0,2919,74.6006,85.0
0,2920,60.67479,35.0
0,2921,74.93174,80.0
0,2922,76.97356,82.0
0,2923,74.6006,85.0
0,2924,69.02576,69.0
0,2925,55.605347,52.0
0,2926,65.331535,65.0
0,2927,52.919334,48.0
0,2928,87.171974,87.0
0,2929,81.66277,83.0
0,2930,73.818146,76.0
0,2931,69.24111,68.0
0,2932,45.15158,43.0
0,2933,40.00092,40.0
0,2934,48.07796,48.0
0,2935,89.983055,91.0
0,2936,76.93795,76.0
0,2937,89.96758,93.0
0,2938,79.219406,85.0
0,2939,52.305923,50.0
0,2940,60.1919,57.0
0,2941,68.05423,65.0
0,2942,88.8228,90.0
0,2943,85.41112,86.0
0,2944,69.99917,67.0
0,2945,92.959145,95.0
0,2946,49.725418,50.0
0,2947,92.37477,92.0
0,2948,82.44982,82.0
0,2949,86.34363,90.0
0,2950,85.016594,88.0
0,2951,87.22344,86.0
0,2952,83.81807,85.0
0,2953,69.4309,66.0
0,2954,65.690506,66.0
0,2955,69.64137,70.0
0,2956,90.901184,94.0
0,2957,88.52744,88.0
0,2958,87.30152,89.0
0,2959,82.05018,86.0
0,2960,76.63818,78.0
0,2961,58.738216,54.0
0,2962,58.787865,56.0
0,2963,70.79651,71.0
0,2964,86.79264,89.0
0,2965,91.14602,95.0
0,2966,91.14602,90.0
0,2967,89.88596,89.0
0,2968,96.233246,96.0
0,2969,82.13597,83.0
0,2970,89.808174,90.0
0,2971,95.60253,95.0
0,2972,95.58574,96.0
0,2973,99.13821,99.0
0,2974,91.979935,94.0
0,2975,93.503265,91.0
0,2976,44.548958,45.0
0,2977,61.585854,61.0
0,2978,66.03157,66.0
0,2979,70.80111,75.0
0,2980,61.013115,60.0
0,2981,67.93774,82.0
0,2982,67.93774,32.0
0,2983,-0.6262113,0.0
0,2984,35.508366,35.0
0,2985,12.292163,12.0
0,2986,17.281675,17.0
0,2987,4.297014,5.0
0,2988,22.191723,22.0
0,2989,94.500565,95.0
0,2990,78.538536,78.0
0,2991,60.61563,61.0
0,2992,86.53114,87.0
0,2993,67.93774,82.0
0,2994,70.25909,71.0
0,2995,89.2057,91.0
0,2996,86.60515,86.0
0,2997,90.975655,92.0
0,2998,45.939533,45.0
0,2999,72.75365,73.0
0,3000,94.688034,95.0
0,3001,92.80334,92.0
0,3002,93.53915,96.0
0,3003,80.5501,81.0
0,3004,84.12782,84.0
0,3005,66.73981,66.0
0,3006,62.383858,63.0
0,3007,96.83269,98.0
0,3008,87.296234,87.0
0,3009,62.27723,62.0
0,3010,59.600437,60.0
0,3011,52.32686,52.0
0,3012,71.47161,76.0
0,3013,67.789764,66.0
0,3014,83.274704,86.0
0,3015,88.15532,89.0
0,3016,93.71655,96.0
0,3017,93.40916,94.0
0,3018,84.58631,85.0
0,3019,87.83022,92.0
0,3020,91.34687,89.0
0,3021,93.70014,97.0
0,3022,93.488785,94.0
0,3023,90.082664,93.0
0,3024,92.76393,95.0
0,3025,88.66373,86.0
0,3026,82.81057,84.0
0,3027,87.869125,87.0
0,3028,80.11322,75.0
0,3029,82.99882,82.0
0,3030,93.101746,95.0
0,3031,87.28727,86.0
0,3032,90.203964,92.0
0,3033,76.49962,76.0
0,3034,70.2248,70.0
0,3042,30.467606,0.0
0,3043,30.467606,15.0
0,3044,59.685154,59.0
0,3045,62.064034,62.0
0,3046,44.45117,38.0
0,3047,95.16953,95.0
0,3048,90.8731,90.0
0,3049,70.83172,73.0
0,3050,35.1876,30.0
0,3051,58.71834,63.0
0,3052,72.88084,80.0
0,3053,35.31161,36.0
0,3054,13.368246,10.0
0,3055,70.065994,74.0
0,3056,70.573296,72.0
0,3057,60.441124,58.0
0,3058,85.93422,91.0
0,3059,87.226494,90.0
0,3060,92.30309,90.0
0,3061,77.55171,77.0
0,3062,81.633644,83.0
0,3063,30.467606,44.0
0,3064,59.815357,90.0
0,3065,94.39362,95.0
0,3066,94.14984,95.0
0,3067,94.00994,94.0
0,3068,95.78067,95.0
0,3135,74.98088,76.0
0,3136,79.247536,87.0
0,3137,77.96709,70.0
0,3138,31.089748,32.0
0,3139,24.43111,20.0
0,3140,82.28934,85.0
0,3141,88.59964,90.0
0,3142,62.540127,62.0
0,3143,66.0609,67.0
0,3144,86.79611,87.0
0,3145,64.62616,64.0
0,3146,86.45708,88.0
0,3147,86.45054,87.0
0,3148,84.18173,83.0
0,3149,79.347565,80.0
0,3150,64.4784,64.0
0,3151,48.272987,47.0
0,3152,46.927437,45.0
0,3153,38.871235,40.0
0,3154,2.5553327,0.0
0,3155,49.965492,50.0
0,3156,39.213314,40.0
0,3157,57.343697,66.0
0,3158,16.780685,10.0
0,3159,23.860544,16.0
0,3160,13.476532,11.0
0,3161,6.5782895,6.0
0,3162,6.911485,9.0
0,3163,63.56994,75.0
0,3164,2.5393023,2.0
0,3165,77.479095,90.0
0,3166,31.725302,23.0
0,3167,62.58012,63.0
0,3168,32.250977,23.0
0,3169,23.758152,23.0
0,3170,71.57096,76.0
0,3171,69.75934,76.0
0,3172,35.64194,25.0
0,3173,17.345913,13.0
0,3174,77.479095,90.0
0,3175,90.073524,89.0
0,3176,90.31019,90.0
0,3177,89.37768,91.0
0,3178,87.63084,87.0
0,3179,89.0073,90.0
0,3180,53.410625,52.0
0,3181,14.904598,8.0
0,3182,12.623721,10.0
0,3183,28.14633,32.0
0,3184,89.7697,90.0
0,3185,87.6528,87.0
0,3186,86.76417,86.0
0,3187,91.180435,92.0
0,3188,89.37768,90.0
0,3189,87.27422,87.0
0,3190,96.99924,96.0
0,3191,96.87431,96.0
0,3192,95.77284,96.0
0,3193,95.49567,98.0
0,3194,97.882545,97.0
0,3195,98.1091,98.0
0,3196,98.540565,98.0
0,3197,97.648476,99.0
0,3198,98.667885,99.0
0,3199,97.804344,98.0
0,3200,78.12854,78.0
0,3201,80.010605,80.0
0,3202,60.598717,66.0
0,3203,91.04531,93.0
0,3204,58.26909,59.0
0,3205,89.661705,88.0
0,3206,42.863518,52.0
0,3207,89.21588,98.0
0,3208,43.66804,39.0
0,3209,86.067764,90.0
0,3210,42.863518,55.0
0,3211,89.21588,94.0
0,3212,42.863518,19.0
0,3213,89.21588,85.0
0,3214,42.863518,41.0
0,3215,89.21588,80.0
0,3216,52.941513,52.0
0,3217,95.52536,99.0
0,3218,29.999233,22.0
0,3219,84.343376,96.0
0,3220,47.81608,52.0
0,3221,92.817024,90.0
0,3222,50.69838,52.0
0,3223,90.683075,90.0
0,3224,7.401613,5.0
0,3225,44.78227,43.0
0,3226,15.709077,8.0
0,3227,59.929916,71.0
0,3228,-7.5594673,0.5
0,3229,16.337816,2.0
0,3230,64.499985,57.0
0,3231,97.0465,96.0
0,3232,91.04531,88.0
0,3233,89.21588,91.0
0,3234,43.70814,38.0
0,3235,89.55972,96.0
0,3236,72.7375,74.0
0,3237,91.504166,92.0
0,3238,72.1984,75.0
0,3239,89.12975,85.0
0,3240,98.079285,100.0
0,3241,89.60443,100.0
0,3242,87.39554,92.0
0,3243,83.78331,80.0
0,3244,93.08874,92.0
0,3245,89.21588,95.0
0,3246,55.366577,45.0
0,3247,74.33407,70.0
0,3248,96.22168,96.0
0,3249,93.183426,92.0
0,3250,89.503365,90.0
0,3251,77.438515,77.0
0,3252,89.83636,90.0
0,3253,85.54748,85.0
0,3254,75.570625,76.0
0,3255,94.81423,98.0
0,3256,98.884186,98.0
0,3257,97.92102,99.0
0,3258,86.45849,86.0
0,3259,94.69102,98.0
0,3260,85.21957,86.0
0,3261,85.58276,88.0
0,3262,72.44178,72.0
0,3263,65.33374,64.0
0,3264,78.96449,78.0
0,3265,89.94914,90.0
0,3266,91.76848,93.0
0,3267,89.98555,90.0
0,3268,88.38269,90.0
0,3269,90.18912,92.0
0,3270,74.458244,72.0
0,3271,76.127975,75.0
0,3272,82.71185,83.0
0,3273,92.964645,93.0
0,3274,78.18039,78.0
0,3275,72.18409,72.0
0,3276,56.807873,55.0
0,3277,81.38817,82.0
0,3278,60.362476,60.0
0,3279,59.280796,59.0
0,3280,63.056778,63.0
0,3281,84.93655,85.0
0,3282,61.04948,61.0
0,3283,77.14227,77.0
0,3284,65.55228,66.0
0,3285,78.455925,79.0
0,3286,51.1897,51.0
0,3287,75.91333,76.0
0,3288,66.65347,68.0
0,3289,74.46908,88.0
0,3290,48.814667,49.0
0,3291,30.237534,26.0
0,3292,44.368137,43.0
0,3293,11.929761,7.0
0,3294,51.662037,53.0
0,3295,14.163119,14.0
0,3296,1.7673029,0.0
0,3297,1.1921835,2.0
0,3298,0.515797,0.0
0,3299,82.52835,82.0
0,3300,89.127396,90.0
0,3301,87.44937,88.0
0,3302,81.3206,82.0
0,3303,85.3574,85.0
0,3304,79.81215,80.0
0,3305,87.18803,88.0
0,3306,51.415806,51.0
0,3307,80.55833,81.0
0,3308,82.23591,82.0
0,3309,75.799644,76.0
0,3310,70.45746,70.0
0,3311,71.76682,74.0
0,3312,67.03255,51.0
0,3313,71.6225,69.0
0,3314,64.17926,68.0
0,3315,70.41665,70.0
0,3316,66.92457,60.0
0,3317,67.158325,66.0
0,3318,53.429337,52.0
0,3319,45.601646,45.0
0,3320,71.76682,57.0
0,3321,71.76682,66.0
0,3322,49.300163,48.0
0,3323,71.76682,70.0
0,3324,67.25358,75.0
0,3325,46.651924,42.0
0,3326,43.565525,33.0
0,3327,53.080334,47.0
0,3328,71.76682,72.0
0,3329,71.76682,77.0
0,3330,71.76682,82.0
0,3331,72.400246,77.0
0,3332,77.420395,83.0
0,3333,71.76682,93.0
0,3334,77.04716,83.0
0,3335,76.67987,75.0
0,3336,76.2387,79.0
0,3337,77.033745,80.0
0,3338,78.14338,76.0
0,3339,77.87345,79.0
0,3340,74.07077,74.0
0,3341,76.46743,80.0
0,3342,74.78661,74.0
0,3343,47.844994,45.0
0,3344,48.22477,49.0
0,3345,79.48258,84.0
0,3346,79.60626,81.0
0,3347,82.4129,85.0
0,3348,77.754654,76.0
0,3349,45.67994,43.0
0,3350,43.475826,44.0
0,3351,70.95939,68.0
0,3352,73.04736,72.0
0,3353,82.8522,87.0
0,3354,84.233986,81.0
0,3355,77.12152,82.0
0,3356,84.32704,84.0
0,3357,74.55059,73.0
0,3358,84.73262,83.0
0,3359,80.47173,81.0
0,3360,68.89813,68.0
0,3361,65.11705,66.0
0,3362,69.118095,72.0
0,3363,64.29376,67.0
0,3364,86.77447,85.0
0,3365,79.55414,79.0
0,3366,86.05691,86.0
0,3367,77.98404,78.0
0,3368,47.8663,46.0
0,3369,41.34419,43.0
0,3370,83.94498,85.0
0,3371,79.82677,80.0
0,3372,85.80122,83.0
0,3373,81.34801,80.0
0,3374,15.450051,18.0
0,3375,3.6845493,0.0
0,3376,71.91891,73.0
0,3377,69.87083,69.0
0,3378,81.67907,87.0
0,3379,77.476326,77.0
0,3380,44.711685,43.0
0,3381,47.21049,49.0
0,3382,30.104368,25.0
0,3383,27.130104,27.0
0,3384,45.7273,45.0
0,3385,63.948673,61.0
0,3386,68.25616,66.0
0,3387,73.52337,75.0
0,3388,64.15661,60.0
0,3389,70.09407,82.0
0,3390,48.694298,32.0
0,3391,0.8533834,0.0
0,3392,35.508366,35.0
0,3393,12.292163,12.0
0,3394,17.281675,17.0
0,3395,4.297014,5.0
0,3396,22.191723,22.0
0,3397,94.21647,95.0
0,3398,78.752556,78.0
0,3399,61.22928,61.0
0,3400,86.56132,87.0
0,3401,70.09407,82.0
0,3402,71.75867,71.0
0,3403,91.23641,91.0
0,3404,86.80682,86.0
0,3405,91.53095,92.0
0,3406,46.21252,45.0
0,3407,74.02811,73.0
0,3408,95.07093,95.0
0,3409,93.23962,92.0
0,3410,93.95998,96.0
0,3411,80.8907,81.0
0,3412,84.53162,84.0
0,3413,66.478165,66.0
0,3414,61.965157,63.0
0,3415,97.28601,98.0
0,3416,87.56743,87.0
0,3417,62.274494,62.0
0,3418,59.773376,60.0
0,3419,52.502483,52.0
0,3420,68.51155,82.0
0,3421,70.2268,72.0
0,3422,70.54337,71.0
0,3423,69.13155,69.0
0,3424,71.87302,73.0
0,3425,70.99253,71.0
0,3426,71.26069,72.0
0,3427,42.88791,40.0
0,3428,68.51155,45.0
0,3429,68.51155,72.0
0,3430,68.51155,82.0
0,3431,71.37492,78.0
0,3432,68.51155,72.0
0,3433,68.51155,78.0
0,3434,68.51155,71.0
0,3435,68.51155,77.0
0,3436,68.51155,59.0
0,3437,68.51155,26.0
0,3438,68.51155,62.0
0,3439,68.51155,35.0
0,3440,68.51155,0.0
0,3441,55.228863,35.0
0,3442,56.45609,37.0
0,3443,55.228863,72.0
0,3444,56.45609,74.0
0,3445,68.51155,66.0
0,3446,68.51155,82.0
0,3447,68.51155,69.0
0,3448,68.51155,80.0
0,3449,68.51155,82.0
0,3450,55.445942,55.0
0,3451,51.990757,52.0
0,3452,71.88471,73.0
0,3453,54.564045,55.0
0,3454,51.31874,50.0
0,3455,46.97624,47.0
0,3456,43.468052,44.0
0,3457,73.17877,74.0
0,3458,47.857502,48.0
0,3459,70.225105,70.0
0,3460,48.958424,49.0
0,3461,76.14009,78.0
0,3462,49.691395,49.0
0,3463,56.530663,56.0
0,3464,56.936245,57.0
0,3465,79.690544,81.0
0,3466,44.074093,43.0
0,3467,77.50443,78.0
0,3468,50.756027,50.0
0,3469,80.93769,82.0
0,3470,77.4425,78.0
0,3471,56.076553,57.0
0,3472,3.6833274,2.5
0,3473,54.9705,55.0
0,3474,73.70184,82.0
0,3475,52.635204,52.0
0,3476,74.80642,74.0
0,3477,47.69218,48.0
0,3478,78.55654,78.0
0,3479,48.793133,49.0
0,3480,56.226727,56.0
0,3481,58.03865,57.0
0,3482,50.561874,50.0
0,3483,14.234865,0.0
0,3484,0.62882143,0.0
0,3485,43.875244,63.0
0,3486,30.251143,99.0
0,3487,30.251143,6.0
0,3488,30.251143,4.0
0,3489,30.251143,4.0
0,3490,96.79216,97.0
0,3491,99.17875,99.0
0,3492,94.041565,94.0
0,3493,96.55959,97.0
0,3494,97.61929,99.0
0,3495,99.771965,100.0
0,3496,97.85026,99.0
0,3497,97.9051,99.0
0,3498,2.517599,0.0
0,3499,33.631622,31.0
0,3500,27.552908,28.0
0,3501,28.685627,30.0
0,3502,47.057415,46.0
0,3503,82.972336,94.0
0,3504,34.859257,31.0
0,3505,60.81444,74.0
0,3506,31.003624,30.0
0,3507,24.263876,18.0
0,3508,11.452922,10.0
0,3509,30.199549,20.0
0,3510,10.356713,0.0
0,3511,53.645638,60.0
0,3512,60.81444,74.0
0,3513,75.10713,76.0
0,3514,79.95454,80.0
0,3515,81.080025,79.0
0,3516,80.84072,81.0
0,3517,81.814575,84.0
0,3518,69.81925,70.0
0,3519,74.63793,73.0
0,3520,74.88401,77.0
0,3521,48.08708,50.0
0,3522,3.598446,0.0
0,3523,62.047585,60.0
0,3524,4.7952366,0.0
0,3525,92.20122,96.0
0,3526,81.00709,63.0
0,3527,81.00709,86.0
0,3528,86.01814,97.0
0,3529,81.00709,80.0
0,3530,86.08625,83.0
0,3531,73.03446,73.0
0,3532,80.11731,82.0
0,3533,75.43523,74.0
0,3534,76.68816,73.0
0,3535,72.79079,76.0
0,3536,68.78134,68.0
0,3537,56.67322,55.0
0,3538,96.28237,97.0
0,3539,85.84956,88.0
0,3540,85.39022,88.0
0,3541,70.35202,70.0
0,3542,61.348152,62.0
0,3543,0.45909682,0.0
0,3544,37.853977,40.0
0,3545,41.40341,43.0
0,3546,35.817783,35.0
0,3547,47.042038,68.0
0,3548,47.042038,6.0
0,3549,58.47153,65.0
0,3550,46.81396,45.0
0,3551,61.26873,63.0
0,3552,61.02925,60.0
0,3553,57.753323,55.0
0,3554,47.986744,46.0
0,3555,64.400665,64.0
0,3556,64.61224,66.0
0,3557,83.94412,85.0
0,3558,75.50352,76.0
0,3559,73.882355,85.0
0,3560,89.917786,91.0
0,3561,85.08815,85.0
0,3562,72.05478,70.0
0,3563,72.67833,72.0
0,3564,85.73182,84.0
0,3565,88.06846,88.0
0,3566,89.81835,92.0
0,3567,65.95666,65.0
0,3568,74.614876,73.0
0,3569,58.31526,56.0
0,3570,77.78612,80.0
0,3571,60.203217,58.0
0,3572,91.00444,92.0
0,3573,62.192795,60.0
0,3574,57.702507,58.0
0,3575,67.028984,68.0
0,3576,75.64806,76.0
0,3577,72.406654,68.0
0,3578,70.257675,70.0
0,3579,86.31045,88.0
0,3580,83.04487,82.0
0,3581,88.939545,92.0
0,3582,95.16229,95.0
0,3583,91.20758,88.0
0,3584,83.49976,84.0
0,3585,81.9727,80.0
0,3586,94.47369,95.0
0,3587,90.98276,91.0
0,3588,94.16561,94.0
0,3589,82.285614,86.0
0,3590,91.459206,93.0
0,3591,70.17728,69.0
0,3592,85.42072,84.0
0,3593,80.15937,89.0
0,3594,93.75551,94.0
0,3595,85.70873,86.0
0,3596,65.638916,60.0
0,3597,71.21812,70.0
0,3598,84.572075,88.0
0,3599,56.7603,58.0
0,3600,57.049408,60.0
0,3601,67.88811,66.0
0,3602,62.500107,56.0
0,3603,61.785397,56.0
0,3604,78.397644,82.0
0,3605,75.413475,78.0
0,3606,65.955956,65.0
0,3607,61.19901,64.0
0,3608,79.851135,80.0
0,3609,76.30885,73.0
0,3610,82.61277,84.0
0,3611,68.85452,70.0
0,3612,77.571884,82.0
0,3613,56.987743,52.0
0,3614,72.62866,76.0
0,3615,51.1336,46.0
0,3616,81.31917,81.0
0,3617,87.20955,90.0
0,3618,63.81675,66.0
0,3619,59.33855,60.0
0,3620,56.284653,52.0
0,3621,57.09764,62.0
0,3622,78.53355,78.0
0,3623,78.51828,81.0
0,3624,76.79123,81.0
0,3625,10.212856,6.0
0,3626,31.708624,31.0
0,3627,55.91703,58.0
0,3628,2.2502637,0.0
0,3629,70.68025,74.0
0,3630,30.243538,30.0
0,3631,1.3203275,0.0
0,3632,54.506344,55.0
0,3633,48.4824,49.0
0,3634,50.81181,51.0
0,3635,45.923073,47.0
0,3636,48.67448,50.0
0,3637,1.8513519,0.0
0,3638,2.786885,4.0
0,3639,40.10104,38.0
0,3640,2.4234023,2.0
0,3641,58.88238,60.0
0,3642,44.1292,44.0
0,3643,29.828232,31.0
0,3644,16.543657,11.0
0,3645,25.437769,22.0
0,3646,37.115196,37.0
0,3647,58.052624,58.0
0,3648,54.008053,56.0
0,3649,39.95684,41.0
0,3650,45.049244,46.0
0,3651,56.641132,59.0
0,3652,19.570923,16.0
0,3653,64.29244,66.0
0,3654,75.84347,76.0
0,3655,90.54303,92.0
0,3656,52.558403,54.0
0,3657,40.485355,40.0
0,3658,5.3346496,0.0
0,3659,2.426711,0.0
0,3660,40.99058,43.0
0,3661,31.00477,28.0
0,3662,59.952023,59.0
0,3663,21.545895,22.0
0,3664,48.420723,62.0
0,3665,19.457855,0.0
0,3666,13.791986,0.0
0,3667,64.99295,71.0
0,3668,59.96959,63.0
0,3669,73.52022,78.0
0,3670,77.736786,81.0
0,3671,70.90465,66.0
0,3672,74.759995,73.0
0,3673,77.79537,81.0
0,3674,77.79537,81.0
0,3675,64.144005,65.0
0,3676,88.60095,91.0
0,3677,70.304474,71.0
0,3678,66.40134,69.0
0,3679,65.9683,65.0
0,3680,56.79919,57.0
0,3681,43.802708,45.0
0,3682,33.382526,25.0
0,3683,27.0297,28.0
0,3684,22.867144,23.0
0,3685,44.50711,53.0
0,3686,42.846966,34.0
0,3687,78.25451,90.0
0,3688,59.70274,62.0
0,3689,5.898964,2.5
0,3690,2.8029263,2.5
0,3691,65.07748,67.0
0,3692,52.396107,52.0
0,3693,13.017447,2.5
0,3694,33.309235,21.0
0,3695,69.40704,73.0
0,3696,81.92559,88.0
0,3697,92.592186,95.0
0,3698,93.20499,94.0
0,3699,79.687645,82.0
0,3700,98.42357,99.0
0,3701,100.09055,99.0
0,3702,97.470345,99.0
0,3703,96.79133,98.0
0,3704,96.68428,95.0
0,3705,100.02519,99.0
0,3706,99.91956,99.0
0,3707,97.1871,99.0
0,3708,98.87375,99.0
0,3709,50.698906,50.0
0,3710,54.985584,56.0
0,3711,8.095693,0.0
0,3712,78.26974,80.0
0,3713,71.14917,76.0
0,3714,55.459698,55.0
0,3715,3.8365881,0.0
0,3716,60.754356,60.0
0,3717,98.88831,99.0
0,3718,94.5072,95.0
0,3719,84.229744,82.0
0,3720,97.596725,99.0
0,3721,92.331825,91.0
0,3722,94.31351,96.0
0,3723,95.24905,99.0
0,3724,90.577484,89.0
0,3725,83.87483,85.0
0,3726,77.636444,75.0
0,3727,68.24257,68.0
0,3728,79.91303,80.0
0,3729,94.63166,95.0
0,3730,92.69208,91.0
0,3731,89.803696,90.0
0,3732,95.16021,96.0
0,3733,59.96254,60.0
0,3734,27.575666,27.0
0,3735,73.31193,76.0
0,3736,63.782475,61.0
0,3737,42.67774,43.0
0,3738,67.347916,69.0
0,3739,61.223057,62.0
0,3740,66.98977,69.0
0,3741,43.475094,35.0
0,3742,43.475094,49.0
0,3743,43.475094,49.0
0,3744,45.28926,40.0
0,3745,74.154236,75.0
0,3746,86.13482,89.0
0,3747,79.942696,80.0
0,3748,57.48028,58.0
0,3749,61.299156,61.0
0,3750,63.947308,63.0
0,3751,61.47934,63.0
0,3752,53.90814,58.0
0,3753,80.83193,85.0
0,3754,33.86454,13.0
0,3755,42.948116,41.0
0,3756,90.27974,97.0
0,3757,82.5712,70.0
0,3758,90.98806,98.0
0,3759,74.95086,76.0
0,3760,74.89537,79.0
0,3761,24.510084,8.0
0,3762,65.27544,70.0
0,3763,92.75151,95.0
0,3764,90.44041,90.0
0,3765,80.8973,81.0
0,3766,95.711426,98.0
0,3767,84.94667,79.0
0,3768,92.98553,95.0
0,3769,90.27974,97.0
0,3770,92.51273,92.0
0,3771,98.09953,99.0
0,3772,98.14542,98.0
0,3773,96.84278,97.0
0,3774,96.73282,97.0
0,3775,98.71145,99.0
0,3776,85.4759,84.0
0,3777,86.36689,88.0
0,3778,85.686005,84.0
0,3779,85.87018,87.0
0,3780,88.633606,89.0
0,3781,84.83739,86.0
0,3782,88.07507,87.0
0,3783,90.27974,97.0
0,3784,94.83995,95.0
0,3785,85.4759,84.0
0,3786,73.590706,74.0
0,3787,72.410484,75.0
0,3788,94.85559,97.0
0,3789,53.625053,53.0
0,3790,95.93295,98.0
0,3791,81.324776,80.0
0,3792,90.624405,91.0
0,3793,64.30257,64.0
0,3794,96.84278,97.0
0,3795,97.04008,99.0
0,3796,88.633606,89.0
0,3797,77.520935,76.0
0,3798,77.507324,79.0
0,3799,96.97319,99.0
0,3800,54.51061,55.0
0,3801,96.884224,97.0
0,3802,82.75031,83.0
0,3803,83.77264,81.0
0,3804,64.659935,63.0
0,3805,98.71145,98.0
0,3806,95.454605,95.0
0,3807,88.07507,87.0
0,3808,78.56133,78.0
0,3809,69.47636,66.0
0,3810,95.52446,97.0
0,3811,55.117985,55.0
0,3812,95.52339,98.0
0,3813,85.3191,83.0
0,3814,94.498276,98.0
0,3815,66.46178,68.0
0,3816,25.589607,26.0
0,3817,63.84392,62.0
0,3818,97.937294,98.0
0,3819,98.354065,98.0
0,3820,94.47402,95.0
0,3821,84.251526,84.0
0,3822,90.67079,92.0
0,3823,95.36918,95.0
0,3824,89.26864,90.0
0,3825,73.29122,71.0
0,3826,85.70921,88.0
0,3827,96.524414,98.0
0,3828,94.10139,95.0
0,3829,85.95048,86.0
0,3830,91.29033,91.0
0,3831,93.62298,93.0
0,3832,80.42345,80.0
0,3833,91.49158,92.0
0,3834,95.13844,95.0
0,3835,82.4622,82.0
0,3836,93.35309,94.0
0,3837,86.10134,86.0
0,3838,91.17406,92.0
0,3839,78.8439,81.0
0,3840,72.53812,71.0
0,3841,40.955967,41.0
0,3842,83.66875,85.0
0,3843,72.581436,71.0
0,3844,40.798145,41.0
0,4125,2.6539009,0.0
0,4126,23.595694,23.0
0,4127,9.948329,9.0
0,4128,31.122885,38.0
0,4129,9.917054,9.0
0,4130,75.21439,98.0
0,4131,19.371307,18.0
0,4132,33.682526,33.0
0,4133,64.768906,76.0
0,4134,53.333057,48.0
0,4135,24.804169,11.0
0,4136,37.322697,32.0
0,4137,35.250008,37.0
0,4138,75.21439,45.0
0,4139,75.21439,91.0
0,4140,5.869687,0.0
0,4141,12.363954,0.0
0,4142,75.21439,72.0
0,4143,75.21439,85.0
0,4144,75.21439,83.0
0,4145,79.68878,90.0
0,4146,22.542166,11.0
0,4147,13.379278,7.0
0,4148,75.21439,92.0
0,4149,73.74188,71.0
0,4150,46.754627,43.0
0,4151,66.145134,66.0
0,4152,86.36201,97.0
0,4153,90.78782,93.0
0,4154,85.39389,85.0
0,4155,89.7021,89.0
0,4156,27.50919,25.0
0,4157,69.21918,70.0
0,4158,81.59151,82.0
0,4159,93.73372,96.0
0,4160,83.03277,85.0
0,4161,44.5866,41.0
0,4162,93.27818,96.0
0,4163,32.042313,28.0
0,4164,86.36201,75.0
0,4165,76.27189,76.0
0,4166,3.3987448,0.0
0,4167,3.563489,0.0
0,4168,3.3987448,0.0
0,4169,3.3987448,0.0
0,4170,10.012121,11.0
0,4171,14.131984,10.0
0,4172,13.976969,33.0
0,4173,10.012121,12.5
0,4174,6.9387097,8.0
0,4175,3.1062534,7.0
0,4176,5.749887,6.0
0,4177,6.1172876,5.0
0,4178,6.447172,5.0
0,4179,4.990363,5.0
0,4180,5.0340595,5.0
0,4181,5.924798,5.0
0,4182,4.768357,5.0
0,4183,2.8634143,4.0
0,4184,3.7380521,4.0
0,4185,1.6259131,3.0
0,4186,1.5145423,3.0
0,4187,3.0846007,3.0
0,4188,3.0636377,2.5
0,4189,0.794847,0.0
0,4190,0.5418851,0.0
0,4191,5.8668795,8.0
0,4192,3.028397,8.0
0,4193,4.8194814,7.0
0,4194,3.170768,4.0
0,4195,5.7974505,2.5
0,4196,0.57929343,0.0
0,4197,0.80598706,0.0
0,4198,1.5478309,0.0
0,4199,2.0629928,0.0
0,4200,6.226702,6.0
0,4201,4.6784554,5.0
0,4202,2.991269,3.0
0,4203,0.38084078,0.0
0,4204,0.20631278,0.0
0,4205,1.4018112,0.0
0,4206,7.510214,7.0
0,4207,4.926533,6.0
0,4208,5.47872,5.0
0,4209,4.5689588,5.0
0,4210,5.213453,5.0
0,4211,3.3983445,4.0
0,4212,4.244867,4.0
0,4213,-0.09482165,0.0
0,4214,0.70843786,0.0
0,4215,7.627795,8.0
0,4216,5.238928,7.0
0,4217,5.3593454,4.0
0,4218,4.5651426,4.0
0,4219,6.267469,7.0
0,4220,6.8082767,8.0
0,4221,-1.5384096,0.0
0,4222,4.0173283,4.0
0,4223,6.9665947,7.0
0,4224,6.3285127,7.0
0,4225,5.305642,5.0
0,4226,3.1259906,4.0
0,4227,-0.14739364,0.0
0,4228,0.8931666,0.0
0,4229,17.985477,12.5
0,4230,31.59316,33.0
0,4231,12.052386,8.0
0,4232,26.79987,29.0
0,4233,9.940112,7.0
0,4234,24.062584,20.0
0,4235,9.6837,8.0
0,4236,21.15941,22.0
0,4237,8.011451,8.0
0,4238,19.052988,15.0
0,4239,6.78319,6.0
0,4240,9.562863,11.0
0,4241,20.873915,20.0
0,4242,11.821637,8.0
0,4243,25.825428,29.0
0,4244,8.632341,7.0
0,4245,21.447672,20.0
0,4246,11.361934,8.0
0,4247,27.489826,29.0
0,4248,61.600803,61.0
0,4249,57.44766,58.0
0,4250,56.785816,59.0
0,4251,44.165512,41.0
0,4252,31.158857,29.0
0,4253,40.80886,38.0
0,4254,60.810024,54.0
0,4255,68.32279,71.0
0,4256,62.59923,63.0
0,4257,60.613136,60.0
0,4258,10.781259,12.0
0,4259,10.248585,9.0
0,4260,76.46875,75.0
0,4261,5.185329,5.0
0,4262,66.919754,65.0
0,4263,76.65014,96.0
0,4264,68.42035,70.0
0,4265,45.37395,43.0
0,4266,76.65014,96.0
0,4267,92.28948,90.0
0,4268,89.852394,88.0
0,4269,23.851679,0.0
0,4270,58.363213,63.0
0,4271,64.81466,78.0
0,4272,77.174,80.0
0,4273,12.098393,0.0
0,4274,13.787902,0.0
0,4275,-1.4286377,0.0
0,4276,13.5766115,13.0
0,4277,1.2058096,0.0
0,4278,25.553116,25.0
0,4279,7.624953,0.0
0,4280,5.71636,0.0
0,4281,7.5458245,10.0
0,4282,-2.4990218,0.0
0,4283,76.65014,96.0
0,4284,91.52484,92.0
0,4285,76.24091,74.0
0,4286,84.65055,83.0
0,4287,81.09233,80.0
0,4288,86.64611,87.0
0,4289,89.07442,88.0
0,4290,78.872444,78.0
0,4291,72.712524,74.0
0,4292,78.123764,79.0
0,4293,79.39563,80.0
0,4294,72.16079,72.0
0,4295,41.256966,39.0
0,4296,91.2228,91.0
0,4297,72.71873,73.0
0,4298,93.19096,94.0
0,4299,52.96215,51.0
0,4300,84.654655,85.0
0,4301,43.228714,43.0
0,4302,45.64221,45.0
0,4303,36.07916,35.0
0,4304,10.478062,0.0
0,4305,27.64778,28.0
0,4306,12.541128,7.0
0,4307,51.66355,56.0
0,4308,29.932858,40.0
0,4309,16.839903,14.0
0,4310,45.59563,43.0
0,4311,71.049095,75.0
0,4312,4.8568406,0.0
0,4313,21.620731,21.0
0,4314,67.27962,75.0
0,4315,65.72304,66.0
0,4316,18.542253,19.0
0,4317,78.753136,91.0
0,4318,56.504524,54.0
0,4319,79.7648,81.0
0,4320,82.93462,82.0
0,4321,30.781628,23.0
0,4322,55.568184,54.0
0,4323,57.996735,96.0
0,4324,33.527824,35.0
0,4325,22.76665,17.0
0,4326,57.996735,37.0
0,4327,57.996735,9.0
0,4328,57.996735,56.0
0,4329,57.996735,96.0
0,4330,71.72858,72.0
0,4331,93.08705,95.0
0,4332,53.06129,54.0
0,4333,75.18233,75.0
0,4334,86.37282,86.0
0,4335,84.30787,84.0
0,4336,81.87248,83.0
0,4337,77.01596,78.0
0,4338,92.01783,94.0
0,4339,79.30023,79.0
0,4340,64.99368,64.0
0,4341,89.16148,90.0
0,4342,71.10554,71.0
0,4343,85.71147,85.0
0,4344,48.47393,47.0
0,4345,75.94772,76.0
0,4346,68.10583,68.0
0,4347,77.981224,78.0
0,4348,71.33459,71.0
0,4349,77.53968,78.0
0,4350,27.286774,28.0
0,4351,31.474775,32.0
0,4352,29.458069,26.0
0,4353,44.12233,46.0
0,4354,85.00017,93.0
0,4355,65.309875,54.0
0,4356,86.28733,86.0
0,4357,73.59749,75.0
0,4358,84.81093,85.0
0,4359,66.66541,64.0
0,4360,25.325907,14.0
0,4361,15.014264,15.0
0,4362,19.246586,20.0
0,4363,56.404205,57.0
0,4364,44.978462,47.0
0,4365,85.00017,82.0
0,4366,85.00017,93.0
0,4367,92.97345,95.0
0,4368,91.303535,92.0
0,4369,85.64808,85.0
0,4370,81.07067,79.0
0,4371,84.153786,84.0
0,4372,93.51486,95.0
0,4373,88.87018,88.0
0,4374,86.62775,84.0
0,4375,93.23813,93.0
0,4376,87.318634,87.0
0,4377,93.2393,93.0
0,4378,80.235,78.0
0,4379,89.04076,90.0
0,4380,87.232506,87.0
0,4381,88.43263,89.0
0,4382,87.56339,91.0
0,4383,88.87329,90.0
0,4384,87.5784,87.0
0,4385,82.18462,82.0
0,4386,79.19339,78.0
0,4387,79.22167,79.0
0,4388,90.98557,92.0
0,4389,90.46112,91.0
0,4390,86.24381,85.0
0,4391,80.754486,82.0
0,4392,90.97856,91.0
0,4393,89.07041,90.0
0,4394,75.25059,76.0
0,4395,85.92859,87.0
0,4396,85.56322,85.0
0,4397,85.280136,87.0
0,4398,88.00459,90.0
0,4399,83.40449,83.0
0,4400,85.42065,86.0
0,4401,75.75139,75.0
0,4402,67.804665,69.0
0,4403,52.673702,51.0
0,4404,73.27239,73.0
0,4405,83.30546,85.0
0,4406,56.485123,57.0
0,4407,5.7055573,0.0
0,4408,5.0259075,0.0
0,4409,74.90787,74.0
0,4410,84.76323,87.0
0,4411,39.5343,41.0
0,4412,45.69856,48.0
0,4413,58.17857,60.0
0,4414,84.76323,90.0
0,4415,89.1076,87.0
0,4416,88.3256,88.0
0,4417,81.203354,87.0
0,4418,42.21925,32.0
0,4419,79.762634,83.0
0,4420,0.5107608,0.0
0,4421,28.878746,19.0
0,4422,76.0051,85.0
0,4423,5.949851,4.0
0,4424,-0.67348623,0.0
0,4425,19.251945,19.0
0,4426,-1.3398784,0.0
0,4427,22.939472,21.0
0,4428,6.122829,5.0
0,4429,-1.0826901,0.0
0,4430,84.76323,90.0
0,4431,84.76323,81.0
0,4432,84.76323,88.0
0,4433,84.76323,90.0
0,4434,86.61747,88.0
0,4435,64.88012,63.0
0,4436,84.308716,85.0
0,4437,90.14738,90.0
0,4438,85.06115,86.0
0,4439,85.035805,84.0
0,4440,89.23402,90.0
0,4441,74.75418,75.0
0,4442,80.822235,80.0
0,4443,76.69279,76.0
0,4444,77.96963,77.0
0,4445,79.88722,80.0
0,4446,86.35622,86.0
0,4447,55.4051,56.0
0,4448,70.58851,69.0
0,4449,73.892265,74.0
0,4450,64.493095,62.0
0,4451,62.48337,60.0
0,4452,84.40944,85.0
0,4453,74.23629,76.0
0,4454,45.614403,45.0
0,4455,52.30556,52.0
0,4456,60.693493,60.0
0,4457,61.644184,62.0
0,4458,87.867035,88.0
0,4459,66.39903,65.0
0,4460,83.90317,84.0
0,4461,91.40193,92.0
0,4462,80.30375,80.0
0,4463,90.31555,90.0
0,4464,87.17774,88.0
0,4465,93.378334,93.0
0,4466,90.060936,91.0
0,4467,84.469826,84.0
0,4468,81.334,82.0
0,4469,86.74805,86.0
0,4470,85.3755,86.0
0,4471,85.241875,84.0
0,4472,85.380005,86.0
0,4473,92.454285,95.0
0,4474,92.95468,93.0
0,4475,90.92209,92.0
0,4476,83.61139,81.0
0,4477,85.55418,87.0
0,4478,93.07498,92.0
0,4479,92.26829,93.0
0,4480,85.89927,84.0
0,4481,84.37671,84.0
0,4482,94.21228,96.0
0,4483,91.41974,92.0
0,4484,80.60566,81.0
0,4485,93.25914,95.0
0,4486,86.280304,84.0
0,4487,94.85823,93.0
0,4488,89.728546,90.0
0,4489,94.4774,95.0
0,4490,89.766426,90.0
0,4491,84.73057,84.0
0,4492,82.734604,82.0
0,4493,86.35781,86.0
0,4494,86.23988,86.0
0,4495,85.165,84.0
0,4496,85.39742,86.0
0,4497,91.8012,93.0
0,4498,91.28295,92.0
0,4499,82.65371,81.0
0,4500,97.25635,98.0
0,4501,93.653244,93.0
0,4502,84.87802,84.0
0,4503,95.05777,95.0
0,4504,94.42744,96.0
0,4505,90.75537,92.0
0,4506,86.2676,86.0
0,4507,70.88894,71.0
0,4508,66.72542,66.0
0,4509,62.01787,60.0
0,4510,68.64803,82.0
0,4511,47.451603,44.0
0,4512,51.96039,42.0
0,4513,71.52707,73.0
0,4514,83.2929,89.0
0,4515,45.205143,30.0
0,4516,72.05675,80.0
0,4517,86.038475,89.0
0,4518,83.36352,84.0
0,4519,77.535515,80.0
0,4520,74.77293,63.0
0,4521,91.40613,95.0
0,4522,96.584564,97.0
0,4523,96.51503,97.0
0,4524,94.0515,96.0
0,4525,72.047874,71.0
0,4526,80.28891,80.0
0,4527,81.30332,88.0
0,4528,90.239975,92.0
0,4529,86.87378,87.0
0,4530,90.14569,91.0
0,4531,91.79539,90.0
0,4532,96.90818,97.0
0,4533,89.85235,91.0
0,4534,92.016884,93.0
0,4535,89.423256,91.0
0,4536,81.83731,85.0
0,4537,70.62401,71.0
0,4538,63.596085,65.0
0,4539,74.68193,79.0
0,4540,4.005038,0.0
0,4541,55.600163,52.0
0,4542,56.485725,50.0
0,4543,72.188576,70.0
0,4544,96.73545,97.0
0,4545,95.399315,96.0
0,4546,90.787735,90.0
0,4547,95.67772,98.0
0,4548,74.21089,72.0
0,4549,94.10906,95.0
0,4550,84.54157,83.0
0,4551,64.21343,52.0
0,4552,66.40463,71.0
0,4553,94.560936,97.0
0,4554,52.713585,52.0
0,4555,80.97934,81.0
0,4556,69.85998,70.0
0,4557,60.461117,61.0
0,4558,74.51572,72.0
0,4559,79.4994,79.0
0,4560,86.372215,88.0
0,4561,54.31213,45.0
0,4562,54.31213,65.0
0,4563,9.984809,11.0
0,4564,47.95493,37.0
0,4565,47.95493,60.0
0,4566,50.910385,31.0
0,4567,50.910385,70.0
0,4568,27.357136,19.0
0,4569,27.357136,34.0
0,4570,46.8693,43.0
0,4571,46.8693,51.0
0,4572,34.17084,21.0
0,4573,34.17084,46.0
0,4574,27.78813,20.0
0,4575,27.78813,33.0
0,4576,46.3506,32.0
0,4577,46.3506,60.0
0,4578,97.09075,97.0
0,4579,86.26814,87.0
0,4580,89.156235,91.0
0,4581,91.66631,90.0
0,4582,97.02323,97.0
0,4583,66.40463,71.0
0,4584,94.560936,97.0
0,4585,52.713585,52.0
0,4586,80.97934,81.0
0,4587,69.85998,70.0
0,4588,60.461117,61.0
0,4589,46.979053,45.0
0,4590,42.79683,43.0
0,4591,-0.2753583,0.0
0,4592,61.495995,60.0
0,4593,21.86292,21.0
0,4594,4.66158,5.0
0,4595,94.15434,97.0
0,4596,86.60346,88.0
0,4597,84.170715,85.0
0,4598,97.76054,97.0
0,4599,96.20673,97.0
0,4600,94.791885,95.0
0,4601,91.93098,91.0
0,4602,92.00863,92.0
0,4603,90.80532,91.0
0,4604,84.81077,85.0
0,4605,97.1402,98.0
0,4606,92.97986,93.0
0,4607,80.33787,80.0
0,4608,86.02037,86.0
0,4609,95.4072,95.0
0,4610,90.283966,90.0
0,4611,83.139725,83.0
0,4612,89.00598,89.0
0,4613,85.095215,85.0
0,4614,91.79787,92.0
0,4615,8.201551,7.0
0,4616,96.03569,96.0
0,4617,88.49936,88.0
0,4618,86.72516,87.0
0,4619,95.54387,95.0
0,4620,97.083786,97.0
0,4621,86.93781,87.0
0,4622,82.64705,83.0
0,4623,89.36211,90.0
0,4624,85.78848,85.0
0,4625,94.67821,95.0
0,4626,82.51326,83.0
0,4627,79.34019,80.0
0,4628,95.829414,93.0
0,4629,87.80611,87.0
0,4630,92.927505,92.0
0,4631,91.29737,90.0
0,4632,52.83511,55.0
0,4633,49.39175,49.0
0,4634,88.436646,97.0
0,4635,1.5184232,0.0
0,4636,42.762424,45.0
0,4637,60.7726,76.0
0,4638,60.7726,33.0
0,4639,56.69028,55.0
0,4640,80.06812,80.0
0,4641,75.36282,75.0
0,4642,50.94066,42.0
0,4643,88.436646,97.0
0,4644,65.929474,63.0
0,4645,76.40649,73.0
0,4646,51.308884,49.0
0,4647,68.14811,67.0
0,4648,46.678623,52.0
0,4649,67.70188,68.0
0,4650,43.25359,52.0
0,4651,43.505646,32.0
0,4652,47.37894,45.0
0,4653,80.05749,90.0
0,4654,13.298257,5.0
0,4655,6.95492,0.0
0,4656,36.944405,38.0
0,4657,88.436646,97.0
0,4658,73.38549,74.0
0,4659,72.00966,71.0
0,4660,84.023384,88.0
0,4661,78.66401,79.0
0,4662,66.019226,65.0
0,4663,85.41159,95.0
0,4664,88.916595,85.0
0,4665,57.83411,55.0
0,4666,65.186356,64.0
0,4667,72.80138,75.0
0,4668,72.81007,70.0
0,4669,69.89988,66.0
0,4670,68.16019,64.0
0,4671,96.14605,97.0
0,4672,92.54308,99.0
0,4673,90.863365,93.0
0,4674,77.85427,76.0
0,4675,88.52685,85.0
0,4676,93.15818,96.0
0,4677,71.98796,69.0
0,4678,68.842445,73.0
0,4679,70.561005,68.0
0,4680,59.234314,54.0
0,4681,75.554596,78.0
0,4682,70.06955,68.0
0,4683,67.09661,65.0
0,4684,66.7503,69.0
0,4685,63.054737,63.0
0,4686,62.283276,63.0
0,4687,65.29936,71.0
0,4688,87.520424,88.0
0,4689,83.702255,92.0
0,4690,80.81744,80.0
0,4691,75.49796,75.0
0,4692,62.148716,60.0
0,4693,53.702232,51.0
0,4694,59.21549,61.0
0,4695,60.365448,58.0
0,4696,51.17659,50.0
0,4697,56.8202,56.0
0,4698,75.83113,75.0
0,4699,98.10385,99.0
0,4700,71.19791,70.0
0,4701,46.071728,44.0
0,4702,40.646805,39.0
0,4703,63.52426,63.0
0,4704,91.973305,90.0
0,4705,89.275215,93.0
0,4706,-1.3859978,0.0
0,4707,74.49858,75.0
0,4708,54.64902,52.0
0,4709,45.68014,45.0
0,4710,72.80909,74.0
0,4711,92.34641,94.0
0,4712,91.24874,96.0
0,4713,8.139111,2.5
0,4714,92.34641,94.0
0,4715,65.96439,62.0
0,4716,55.725307,58.0
0,4717,91.24874,96.0
0,4718,65.57721,67.0
0,4719,56.520973,55.0
0,4720,15.203126,0.0
0,4721,15.203126,20.0
0,4722,72.55555,82.0
0,4723,96.452965,95.0
0,4724,3.921669,2.5
0,4725,78.313255,85.0
0,4726,1.9948703,0.0
0,4727,76.93855,78.0
0,4728,90.11327,90.0
0,4729,94.76341,93.0
0,4730,96.96097,95.0
0,4731,84.260414,82.0
0,4732,94.011986,95.0
0,4733,1.0610468,2.5
0,4734,33.69135,35.0
0,4735,29.67217,27.0
0,4736,27.921076,27.0
0,4737,1.9623941,0.0
0,4738,51.19156,68.0
0,4739,35.927856,37.0
0,4740,23.92121,22.0
0,4741,5.2776446,0.0
0,4742,28.594471,26.0
0,4743,22.872114,22.0
0,4744,27.91239,34.0
0,4745,36.27646,29.0
0,4746,22.105377,15.0
0,4747,21.770927,19.0
0,4748,29.239048,30.0
0,4749,83.00525,82.0
0,4750,77.50405,78.0
0,4751,74.87372,73.0
0,4752,72.44545,71.0
0,4753,60.28472,60.0
0,4754,49.318848,50.0
0,4755,53.487465,52.0
0,4756,80.18419,82.0
0,4757,69.48126,68.0
0,4758,75.75938,76.0
0,4759,73.45149,72.0
0,4760,55.517593,55.0
0,4761,69.47405,71.0
0,4762,74.22253,75.0
0,4763,70.5543,70.0
0,4764,71.09618,74.0
0,4765,68.066574,67.0
0,4766,52.307236,51.0
0,4767,86.28193,90.0
0,4768,90.57535,91.0
0,4769,28.936401,34.0
0,4770,43.14126,36.0
0,4771,66.94685,68.0
0,4772,48.888573,47.0
0,4773,80.71445,84.0
0,4774,84.06274,88.0
0,4775,39.61561,31.0
0,4776,68.47844,68.0
0,4777,68.70208,66.0
0,4778,84.05501,86.0
0,4779,85.766106,85.0
0,4780,69.39576,68.0
0,4781,69.69371,67.0
0,4782,83.57358,87.0
0,4783,83.94438,84.0
0,4784,75.64181,75.0
0,4785,77.32238,78.0
0,4786,71.026115,73.0
0,4787,72.86246,74.0
0,4788,65.85184,66.0
0,4789,66.66074,67.0
0,4790,84.250145,87.0
0,4791,84.866554,85.0
0,4792,57.935238,72.0
0,4793,71.37935,75.0
0,4794,57.935238,39.0
0,4795,77.77426,83.0
0,4796,73.2096,92.0
0,4797,86.77884,88.0
0,4798,73.2096,60.0
0,4799,42.064762,40.0
0,4800,90.5837,92.0
0,4801,97.06882,96.0
0,4802,84.76814,86.0
0,4803,69.755585,70.0
0,4804,9.890911,0.0
0,4805,59.220993,60.0
0,4806,53.58567,53.0
0,4807,86.53112,90.0
0,4808,81.432434,82.0
0,4809,86.30223,87.0
0,4810,85.785934,88.0
0,4811,78.32331,77.0
0,4812,88.318634,88.0
0,4813,85.59668,85.0
0,4814,90.61491,92.0
0,4815,21.63024,31.0
0,4816,7.0853157,0.0
0,4817,21.63024,16.0
0,4818,9.3068285,0.0
0,4819,45.810677,38.0
0,4820,46.52487,41.0
0,4821,48.83064,46.0
0,4822,65.72466,77.0
0,4823,19.838676,16.0
0,4824,6.8730927,0.0
0,4825,2.287162,0.0
0,4826,65.72466,77.0
0,4827,-0.21218441,0.0
0,4828,43.099697,51.0
0,4829,19.67219,18.0
0,4830,7.6505165,0.0
0,4831,1.363989,0.0
0,4832,38.029243,32.0
0,4833,65.72466,77.0
0,4834,50.053032,48.0
0,4835,65.72466,77.0
0,4836,71.56131,70.0
0,4837,46.25704,45.0
0,4838,72.90383,77.0
0,4839,24.385666,23.0
0,4840,21.354017,21.0
0,4841,90.28982,90.0
0,4842,94.56303,95.0
0,4843,44.598907,43.0
0,4844,63.947598,65.0
0,4845,49.3735,50.0
0,4846,2.3488157,0.0
0,4847,1.7543293,0.0
0,4848,17.621098,25.0
0,4849,5.9887915,0.0
0,4850,3.7014072,0.0
0,4851,10.97028,0.0
0,4852,10.97028,15.0
0,4853,10.97028,19.0
0,4854,83.00919,80.0
0,4855,83.00919,87.0
0,4856,83.00919,83.0
0,4857,50.974552,58.0
0,4858,50.974552,41.0
0,4859,87.05404,80.0
0,4860,87.05404,93.0
0,4861,87.05404,88.0
0,4862,88.05004,92.0
0,4863,88.05004,87.0
0,4864,83.57938,82.0
0,4865,83.96311,84.0
0,4866,80.03315,80.0
0,4867,85.72219,87.0
0,4868,85.21196,85.0
0,4869,79.41425,80.0
0,4870,85.734604,86.0
0,4871,82.6522,82.0
0,4872,85.00649,85.0
0,4873,87.29372,87.0
0,4874,36.469112,35.0
0,4875,29.077679,31.0
0,4876,41.284958,41.0
0,4877,28.690542,29.0
0,4878,25.787712,26.0
0,4879,76.1516,78.0
0,4880,54.41931,91.0
0,4881,62.279167,69.0
0,4882,7.2387724,8.0
0,4883,3.8656428,5.0
0,4884,6.4166455,6.0
0,4885,54.41931,12.0
0,4886,54.41931,34.0
0,4887,54.41931,66.0
0,4888,70.16117,73.0
0,4889,73.085785,77.0
0,4890,16.590977,16.0
0,4891,17.502901,12.0
0,4892,35.432247,36.0
0,4893,78.319214,87.0
0,4894,54.73626,50.0
0,4895,89.55175,90.0
0,4896,76.672066,78.0
0,4897,94.55387,95.0
0,4898,80.84003,85.0
0,4899,81.823425,82.0
0,4900,89.16695,89.0
0,4901,68.9636,69.0
0,4902,73.75544,74.0
0,4903,88.00103,88.0
0,4904,31.997175,32.0
0,4905,48.67141,47.0
0,4906,38.39373,38.0
0,4907,45.808064,46.0
0,4908,70.49342,71.0
0,4909,87.236824,87.0
0,4910,81.8951,82.0
0,4911,78.14738,78.0
0,4912,88.8634,90.0
0,4913,85.15609,85.0
0,4914,71.962204,72.0
0,4915,63.922283,64.0
0,4916,91.86766,94.0
0,4917,90.37845,91.0
0,4918,91.983086,92.0
0,4919,92.7536,94.0
0,4920,48.928673,49.0
0,4921,5.815811,4.0
0,4922,74.60025,83.0
0,4923,78.08756,74.0
0,4924,72.41235,70.0
0,4925,25.048893,24.0
0,4926,84.05197,87.0
0,4927,73.14141,70.0
0,4928,51.81028,54.0
0,4929,48.13119,44.0
0,4930,79.128746,82.0
0,4931,90.18037,91.0
0,4932,89.90316,90.0
0,4933,89.4267,89.0
0,4934,89.021965,90.0
0,4935,89.84226,89.0
0,4936,92.3388,92.0
0,4937,90.56996,90.0
0,4938,92.019135,91.0
0,4939,93.44524,92.0
0,4940,81.429596,80.0
0,4941,88.358864,91.0
0,4942,77.53508,76.0
0,4943,85.81595,87.0
0,4944,78.030945,78.0
0,4945,89.41288,90.0
0,4946,88.231125,90.0
0,4947,90.108185,91.0
0,4948,48.30282,49.0
0,4949,45.878365,46.0
0,4950,87.70684,88.0
0,4951,90.0743,90.0
0,4952,91.08323,92.0
0,4953,91.28643,91.0
0,4954,10.987604,10.0
0,4955,17.270355,13.0
0,4956,59.767166,60.0
0,4957,57.432903,61.0
0,4958,61.09528,63.0
0,4959,65.90648,66.0
0,4960,73.28333,76.0
0,4961,75.33211,76.0
0,4962,74.10122,75.0
0,4963,68.90643,62.0
0,4964,86.10088,90.0
0,4965,87.35281,90.0
0,4966,19.239447,11.0
0,4967,-1.5029372,3.0
0,4968,90.362236,90.0
0,4969,89.02983,89.0
0,4970,91.33768,93.0
0,4971,88.29548,88.0
0,4972,89.140785,89.0
0,4973,85.24611,85.0
0,4974,86.03045,86.0
0,4975,92.905365,93.0
0,4976,81.311104,81.0
0,4977,78.97846,79.0
0,4978,75.48577,75.0
0,4979,77.54257,76.0
0,4980,80.430916,80.0
0,4981,49.474968,51.0
0,4982,10.825563,11.0
0,4983,1.7778282,1.0
0,4984,15.141396,14.0
0,4985,34.58524,35.0
0,4986,58.553364,28.0
0,4987,58.553364,64.0
0,4988,58.553364,64.0
0,4989,96.29004,99.0
0,4990,78.06741,77.0
0,4991,82.260254,82.0
0,4992,83.11793,84.0
0,4993,83.11793,79.0
0,4994,84.14372,86.0
0,4995,82.38609,84.0
0,4996,88.18427,88.0
0,4997,75.061035,75.0
0,4998,94.74212,96.0
0,4999,93.62138,95.0
0,5000,70.88164,69.0
0,5001,68.59199,67.0
0,5002,79.44407,82.0
0,5003,92.49555,92.0
0,5004,87.92925,88.0
0,5005,69.10836,68.0
0,5006,91.60928,93.0
0,5007,92.62658,93.0
0,5008,88.58769,89.0
0,5009,63.803955,62.0
0,5010,75.54834,75.0
0,5011,96.16768,96.0
0,5012,88.639465,89.0
0,5013,87.39398,88.0
0,5014,85.64338,85.0
0,5015,81.75642,82.0
0,5016,96.49777,98.0
0,5017,41.27215,37.0
0,5018,38.902,35.0
0,5019,82.08841,85.0
0,5020,80.63277,83.0
0,5021,75.100685,71.0
0,5022,74.01865,73.0
0,5023,78.21639,80.0
0,5024,70.87903,74.0
0,5025,91.20946,86.0
0,5026,91.23403,93.0
0,5027,89.40665,91.0
0,5028,94.68108,95.0
0,5029,86.325714,89.0
0,5030,74.40912,73.0
0,5031,81.684654,82.0
0,5032,83.03517,83.0
0,5033,94.666115,96.0
0,5034,78.73807,78.0
0,5035,93.01714,94.0
0,5036,73.07575,71.0
0,5037,74.356094,74.0
0,5038,79.77037,82.0
0,5039,68.30664,56.0
0,5040,72.2332,80.0
0,5041,79.39101,77.0
0,5042,91.47623,96.0
0,5043,89.61061,90.0
0,5044,89.8663,94.0
0,5045,80.18973,83.0
0,5046,75.69473,75.0
0,5047,94.953735,97.0
0,5048,87.94024,89.0
0,5049,89.36172,90.0
0,5050,77.86452,83.0
0,5051,79.83742,79.0
0,5052,61.975212,59.0
0,5053,67.12629,75.0
0,5054,46.596607,33.0
0,5055,53.358086,64.0
0,5056,70.187035,72.0
0,5057,61.156673,68.0
0,5058,59.310757,62.0
0,5059,50.86394,52.0
0,5060,70.187035,63.0
0,5061,61.156673,55.0
0,5062,59.310757,57.0
0,5063,62.883484,46.0
0,5064,65.54463,56.0
0,5065,65.54463,72.0
0,5066,70.187035,87.0
0,5067,81.58848,82.0
0,5068,89.352745,91.0
0,5069,80.766556,80.0
0,5070,65.23636,64.0
0,5071,65.03334,64.0
0,5072,66.952995,66.0
0,5073,81.762566,85.0
0,5074,82.77149,84.0
0,5075,88.464,89.0
0,5076,81.78292,81.0
0,5077,81.15405,80.0
0,5078,52.12384,53.0
0,5079,79.68805,82.0
0,5080,78.04276,76.0
0,5081,66.65783,68.0
0,5082,83.792755,87.0
0,5083,79.4718,80.0
0,5084,72.00238,70.0
0,5085,74.31985,75.0
0,5086,72.29084,73.0
0,5087,68.77367,61.0
0,5088,64.48958,66.0
0,5089,83.88824,82.0
0,5090,78.83514,79.0
0,5091,80.294525,80.0
0,5092,82.18544,81.0
0,5093,87.0224,86.0
0,5094,90.315125,91.0
0,5095,80.89056,80.0
0,5096,89.33496,91.0
0,5097,93.07407,95.0
0,5098,89.58975,89.0
0,5099,83.628815,84.0
0,5100,86.259186,87.0
0,5101,77.35886,73.0
0,5102,79.63067,81.0
0,5103,78.80952,79.0
0,5104,79.97299,80.0
0,5105,74.35061,71.0
0,5106,87.09412,88.0
0,5107,80.908745,81.0
0,5108,78.93254,79.0
0,5109,90.367775,92.0
0,5110,91.034584,91.0
0,5111,84.79179,85.0
0,5112,84.966324,85.0
0,5113,56.807873,55.0
0,5114,81.38817,82.0
0,5115,60.362476,60.0
0,5116,59.280796,59.0
0,5117,63.056778,63.0
0,5118,84.93655,85.0
0,5119,61.04948,61.0
0,5120,77.14227,77.0
0,5121,65.55228,66.0
0,5122,78.455925,79.0
0,5123,51.1897,51.0
0,5124,75.91333,76.0
0,5125,66.65347,68.0
0,5126,84.91274,85.0
0,5127,74.20258,75.0
0,5128,83.60637,85.0
0,5129,62.65092,61.0
0,5130,79.42172,80.0
0,5131,78.1725,78.0
0,5132,80.54966,80.0
0,5133,79.789474,80.0
0,5134,80.72397,80.0
0,5135,74.7292,73.0
0,5136,83.7339,85.0
0,5137,83.18932,83.0
0,5138,70.456406,70.0
0,5139,82.86368,83.0
0,5140,73.627174,73.0
