,MaxAbsEStateIndex,MaxEStateIndex,MinAbsEStateIndex,MinEStateIndex,qed,SPS,MolWt,HeavyAtomMolWt,ExactMolWt,NumValenceElectrons,NumRadicalElectrons,MaxPartialCharge,MinPartialCharge,MaxAbsPartialCharge,MinAbsPartialCharge,FpDensityMorgan1,FpDensityMorgan2,FpDensityMorgan3,BCUT2D_MWHI,BCUT2D_MWLOW,BCUT2D_CHGHI,BCUT2D_CHGLO,BCUT2D_LOGPHI,BCUT2D_LOGPLOW,BCUT2D_MRHI,BCUT2D_MRLOW,AvgIpc,BalabanJ,BertzCT,Chi0,Chi0n,Chi0v,Chi1,Chi1n,Chi1v,Chi2n,Chi2v,Chi3n,Chi3v,Chi4n,Chi4v,HallKierAlpha,Ipc,Kappa1,Kappa2,Kappa3,LabuteASA,PEOE_VSA1,PEOE_VSA10,PEOE_VSA11,PEOE_VSA12,PEOE_VSA13,PEOE_VSA14,PEOE_VSA2,PEOE_VSA3,PEOE_VSA4,PEOE_VSA5,PEOE_VSA6,PEOE_VSA7,PEOE_VSA8,PEOE_VSA9,SMR_VSA1,SMR_VSA10,SMR_VSA2,SMR_VSA3,SMR_VSA4,SMR_VSA5,SMR_VSA6,SMR_VSA7,SMR_VSA8,SMR_VSA9,SlogP_VSA1,SlogP_VSA10,SlogP_VSA11,SlogP_VSA12,SlogP_VSA2,SlogP_VSA3,SlogP_VSA4,SlogP_VSA5,SlogP_VSA6,SlogP_VSA7,SlogP_VSA8,SlogP_VSA9,TPSA,EState_VSA1,EState_VSA10,EState_VSA11,EState_VSA2,EState_VSA3,EState_VSA4,EState_VSA5,EState_VSA6,EState_VSA7,EState_VSA8,EState_VSA9,VSA_EState1,VSA_EState10,VSA_EState2,VSA_EState3,VSA_EState4,VSA_EState5,VSA_EState6,VSA_EState7,VSA_EState8,VSA_EState9,FractionCSP3,HeavyAtomCount,NHOHCount,NOCount,NumAliphaticCarbocycles,NumAliphaticHeterocycles,NumAliphaticRings,NumAromaticCarbocycles,NumAromaticHeterocycles,NumAromaticRings,NumHAcceptors,NumHDonors,NumHeteroatoms,NumRotatableBonds,NumSaturatedCarbocycles,NumSaturatedHeterocycles,NumSaturatedRings,RingCount,MolLogP,MolMR,fr_Al_COO,fr_Al_OH,fr_Al_OH_noTert,fr_ArN,fr_Ar_COO,fr_Ar_N,fr_Ar_NH,fr_Ar_OH,fr_COO,fr_COO2,fr_C_O,fr_C_O_noCOO,fr_C_S,fr_HOCCN,fr_Imine,fr_NH0,fr_NH1,fr_NH2,fr_N_O,fr_Ndealkylation1,fr_Ndealkylation2,fr_Nhpyrrole,fr_SH,fr_aldehyde,fr_alkyl_carbamate,fr_alkyl_halide,fr_allylic_oxid,fr_amide,fr_amidine,fr_aniline,fr_aryl_methyl,fr_azide,fr_azo,fr_barbitur,fr_benzene,fr_benzodiazepine,fr_bicyclic,fr_diazo,fr_dihydropyridine,fr_epoxide,fr_ester,fr_ether,fr_furan,fr_guanido,fr_halogen,fr_hdrzine,fr_hdrzone,fr_imidazole,fr_imide,fr_isocyan,fr_isothiocyan,fr_ketone,fr_ketone_Topliss,fr_lactam,fr_lactone,fr_methoxy,fr_morpholine,fr_nitrile,fr_nitro,fr_nitro_arom,fr_nitro_arom_nonortho,fr_nitroso,fr_oxazole,fr_oxime,fr_para_hydroxylation,fr_phenol,fr_phenol_noOrthoHbond,fr_phos_acid,fr_phos_ester,fr_piperdine,fr_piperzine,fr_priamide,fr_prisulfonamd,fr_pyridine,fr_quatN,fr_sulfide,fr_sulfonamd,fr_sulfone,fr_term_acetylene,fr_tetrazole,fr_thiazole,fr_thiocyan,fr_thiophene,fr_unbrch_alkane,fr_urea,SPS
C1=CC2=C(C=CC(=C2)Cl)N=C1,5.790892542202065,5.790892542202065,0.7550925925925929,0.7550925925925929,0.5821504570721324,10.272727272727273,163.60699999999997,157.559,163.018876872,54.0,0.0,0.07024866002218183,-0.25626493479636253,0.25626493479636253,0.07024866002218183,1.1818181818181819,2.090909090909091,3.0,35.49569086952945,10.205347852294297,1.9167267835313524,-1.9419156301672231,2.157021658902229,-1.7473619943281278,6.307914854762551,1.4133846916276196,2.0412258289597847,2.8289012156206956,383.97444633457127,7.68179827587471,5.7892796836469405,6.545208629665395,5.360173345306137,3.3641635969758186,3.742128069985046,2.340425069610964,2.776860850082948,1.565048064613456,1.8001451674011946,1.0464735026378287,1.2270161328665692,-1.08,487.8529731213885,6.619056743012787,2.5134923703900696,1.1932591662234218,69.63598185906035,0.0,0.0,0.0,0.0,0.0,0.0,4.9839785209472085,0.0,0.0,0.0,17.667306958694127,24.26546827384644,16.6057010998192,5.516700717616262,0.0,22.503864822313574,0.0,4.9839785209472085,0.0,0.0,0.0,41.55131222766245,0.0,0.0,0.0,0.0,0.0,11.600939890232516,4.9839785209472085,0.0,0.0,0.0,36.52867891392113,5.022633313741326,10.902924932081056,0.0,12.89,0.0,0.0,0.0,0.0,0.0,15.925558245822383,0.0,6.196843571613076,30.33183534230805,4.9839785209472085,11.600939890232516,0.0,5.790892542202065,4.163672839506173,1.8384259259259264,0.983240740740741,0.0,9.560833333333333,1.7740457294028722,0.0,0.0,0.0,11.0,0.0,1.0,0.0,0.0,0.0,1.0,1.0,2.0,1.0,0.0,2.0,0.0,0.0,0.0,0.0,2.0,2.888200000000001,46.753000000000014,0.0,0.0,0.0,0.0,0.0,1.0,0.0,0.0,0.0,0.0,0.0,0.0,0.0,0.0,0.0,1.0,0.0,0.0,0.0,0.0,0.0,0.0,0.0,0.0,0.0,0.0,0.0,0.0,0.0,0.0,0.0,0.0,0.0,0.0,1.0,0.0,1.0,0.0,0.0,0.0,0.0,0.0,0.0,0.0,1.0,0.0,0.0,0.0,0.0,0.0,0.0,0.0,0.0,0.0,0.0,0.0,0.0,0.0,0.0,0.0,0.0,0.0,0.0,0.0,0.0,0.0,0.0,0.0,0.0,0.0,0.0,0.0,0.0,1.0,0.0,0.0,0.0,0.0,0.0,0.0,0.0,0.0,0.0,0.0,0.0,10.272727272727273
CC1=CC=C2C(C=NN2C2CCCCO2)=C1B(O)O,9.50942791005291,9.50942791005291,0.04385015117158009,-1.4781257348618462,0.7807391464482462,19.842105263157894,260.102,242.96599999999998,260.133222804,100.0,0.0,0.48894995299149824,-0.4231559216827753,0.48894995299149824,0.4231559216827753,1.368421052631579,2.210526315789474,2.8947368421052633,16.50222170695012,9.751332352025996,2.22865567876131,-2.2318277347259783,2.25489469666063,-2.323254264147615,6.620663021264227,-0.03663080456791887,2.8229379521217206,2.104262958713862,590.831008924747,13.405412915006313,10.912281143158017,10.912281143158017,9.181540550352057,6.6270619139054014,6.6270619139054014,5.012967491989881,5.012967491989881,3.726853771419306,3.726853771419306,2.740298272088002,2.740298272088002,-1.3650649350649353,35738.394473860986,12.657768426662567,4.959305570806078,2.1577621433335086,111.4987393914359,14.784908103932054,0.0,6.22790117073487,0.0,0.0,7.118392334224363,0.0,4.681802935145185,5.098681808301038,0.0,11.629818560158606,37.71537239734509,11.993106178977714,11.713544289229338,14.784908103932054,23.484120526720254,0.0,9.780484743446223,0.0,32.41410323920353,6.606881964512918,23.893029200233293,0.0,0.0,5.462803260414833,0.0,0.0,0.0,33.55380419231551,4.736862953800049,6.923737199690624,31.053817531209894,18.3295777085363,0.0,10.902924932081056,0.0,67.51,7.118392334224363,10.048045150132006,0.0,6.22790117073487,5.462803260414833,42.335723257069,0.0,6.196843571613076,23.73827427175903,5.098681808301038,4.736862953800049,7.583519227135299,0.0,0.0,24.17309051398337,2.2701592288149834,0.0,3.846850670823885,4.816782328672209,2.621057098765432,-1.4781257348618462,0.46153846153846156,19.0,2.0,5.0,0.0,1.0,1.0,1.0,1.0,2.0,5.0,2.0,6.0,2.0,0.0,1.0,1.0,3.0,0.7236199999999995,73.13560000000001,0.0,0.0,0.0,0.0,0.0,2.0,0.0,0.0,0.0,0.0,0.0,0.0,0.0,0.0,0.0,2.0,0.0,0.0,0.0,0.0,0.0,0.0,0.0,0.0,0.0,0.0,0.0,0.0,0.0,0.0,1.0,0.0,0.0,0.0,1.0,0.0,1.0,0.0,0.0,0.0,0.0,1.0,0.0,0.0,0.0,0.0,0.0,0.0,0.0,0.0,0.0,0.0,0.0,0.0,0.0,0.0,0.0,0.0,0.0,0.0,0.0,0.0,0.0,0.0,0.0,0.0,0.0,0.0,0.0,0.0,0.0,0.0,0.0,0.0,0.0,0.0,0.0,0.0,0.0,0.0,0.0,0.0,0.0,0.0,0.0,19.842105263157894
CC(=O)[O-].CC(=O)[O-].[Pd+2],8.88888888888889,8.88888888888889,0.0,-1.0833333333333333,0.4265196707275063,5.555555555555555,224.50799999999998,218.45999999999998,223.930094672,56.0,0.0,2.0,-0.5504770280073037,2.0,0.5504770280073037,1.0,1.0,1.0,0.0,0.0,0.0,0.0,0.0,0.0,0.0,0.0,1.2475562489182657,-7.199999951999999e-08,70.56842503028855,7.154700538379252,4.9492209278722905,6.503821855242423,3.4641016151377544,1.8164965809277263,1.8164965809277263,0.9831632475943929,0.9831632475943929,0.0,0.0,0.0,0.0,-0.39766233766233783,19.96089998269225,15.840622124271933,10.558544545360059,1508.8872703041336,66.53068651409967,19.802129157825057,0.0,0.0,0.0,0.0,20.422824311005073,0.0,0.0,0.0,0.0,0.0,13.847474399381248,11.938610575903699,0.0,40.22495346883013,11.938610575903699,0.0,0.0,0.0,13.847474399381248,0.0,0.0,0.0,0.0,10.213054789681411,0.0,0.0,0.0,11.938610575903699,30.011898679148715,0.0,13.847474399381248,0.0,0.0,0.0,0.0,80.25999999999999,11.938610575903699,0.0,0.0,20.422824311005073,0.0,13.847474399381248,0.0,0.0,0.0,0.0,19.802129157825057,0.0,0.0,17.77777777777778,17.77777777777778,0.0,-2.1666666666666665,0.0,0.0,1.9444444444444442,0.0,0.5,9.0,0.0,4.0,0.0,0.0,0.0,0.0,0.0,0.0,4.0,0.0,5.0,0.0,0.0,0.0,0.0,0.0,-2.490099999999999,21.36199999999999,2.0,0.0,0.0,0.0,0.0,0.0,0.0,0.0,2.0,2.0,2.0,2.0,0.0,0.0,0.0,0.0,0.0,0.0,0.0,0.0,0.0,0.0,0.0,0.0,0.0,0.0,0.0,0.0,0.0,0.0,0.0,0.0,0.0,0.0,0.0,0.0,0.0,0.0,0.0,0.0,0.0,0.0,0.0,0.0,0.0,0.0,0.0,0.0,0.0,0.0,0.0,0.0,0.0,0.0,0.0,0.0,0.0,0.0,0.0,0.0,0.0,0.0,0.0,0.0,0.0,0.0,0.0,0.0,0.0,0.0,0.0,0.0,0.0,0.0,0.0,0.0,0.0,0.0,0.0,0.0,0.0,0.0,0.0,0.0,0.0,5.555555555555555
CC(C)(C)P(C(C)(C)C)C(C)(C)C,2.384130658436214,2.384130658436214,0.016203703703703942,0.016203703703703942,0.4918094701183373,15.23076923076923,202.32199999999997,175.10599999999997,202.185037494,80.0,0.0,-0.01699052672864188,-0.0900957219687727,0.0900957219687727,0.01699052672864188,0.46153846153846156,0.6153846153846154,0.6153846153846154,31.132264098075545,10.206875585334826,2.4116235111542066,-2.4927028395173787,2.664026500946434,-2.343726208214898,7.619079146410885,0.6436062009609241,1.4420257750904921,5.022717526222755,127.74996055576318,11.077350269189626,10.947213595499958,11.841640786499873,5.366025403784438,5.170820393249937,6.512461179749811,6.847871376374781,11.543614129124336,2.0124611797498115,6.03738353924943,3.0186917696247177,9.056075308874146,0.43,161.50688681013511,13.43,3.5360569208280808,3.980971560499775,86.25329966706546,0.0,0.0,0.0,0.0,0.0,0.0,0.0,0.0,0.0,0.0,70.23522288955911,15.468236621816073,0.0,0.0,0.0,7.9215880923435105,0.0,0.0,0.0,77.78187141903167,0.0,0.0,0.0,0.0,0.0,0.0,0.0,7.9215880923435105,15.468236621816073,0.0,0.0,62.3136347972156,0.0,0.0,0.0,0.0,0.0,0.0,0.0,0.0,7.9215880923435105,15.468236621816073,0.0,0.0,0.0,0.0,62.3136347972156,0.0,0.0,0.0,0.0,1.3506944444444442,0.0,0.0,0.0,0.0,21.45717592592592,0.016203703703703942,1.0,13.0,0.0,0.0,0.0,0.0,0.0,0.0,0.0,0.0,0.0,0.0,1.0,0.0,0.0,0.0,0.0,0.0,4.863800000000005,66.17900000000006,0.0,0.0,0.0,0.0,0.0,0.0,0.0,0.0,0.0,0.0,0.0,0.0,0.0,0.0,0.0,0.0,0.0,0.0,0.0,0.0,0.0,0.0,0.0,0.0,0.0,0.0,0.0,0.0,0.0,0.0,0.0,0.0,0.0,0.0,0.0,0.0,0.0,0.0,0.0,0.0,0.0,0.0,0.0,0.0,0.0,0.0,0.0,0.0,0.0,0.0,0.0,0.0,0.0,0.0,0.0,0.0,0.0,0.0,0.0,0.0,0.0,0.0,0.0,0.0,0.0,0.0,0.0,0.0,0.0,0.0,0.0,0.0,0.0,0.0,0.0,0.0,0.0,0.0,0.0,0.0,0.0,0.0,0.0,0.0,0.0,15.23076923076923
[OH-].[Na+],0.0,0.0,0.0,0.0,0.2620380630766484,0.0,39.997,38.989,39.99250893199999,8.0,0.0,1.0,-0.8696814924318097,1.0,0.8696814924318097,1.0,1.0,1.0,0.0,0.0,0.0,0.0,0.0,0.0,0.0,0.0,0.0,0.0,2.0,0.0,1.4472135954999579,3.447213595499958,0.0,0.0,0.0,0.0,0.0,0.0,0.0,0.0,0.0,0.96,0.0,12.338472222222222,1.96,0.0016666666666666696,35.262630811030036,5.476191835881363,0.0,0.0,0.0,0.0,29.557286032607934,0.0,0.0,0.0,0.0,0.0,0.0,0.0,0.0,35.0334778684893,0.0,0.0,0.0,0.0,0.0,0.0,0.0,0.0,0.0,29.557286032607934,0.0,0.0,0.0,5.476191835881363,0.0,0.0,0.0,0.0,0.0,0.0,0.0,30.0,0.0,0.0,0.0,35.0334778684893,0.0,0.0,0.0,0.0,0.0,0.0,0.0,0.0,0.0,0.0,0.0,0.0,0.0,0.0,0.0,0.0,0.0,0.0,2.0,1.0,1.0,0.0,0.0,0.0,0.0,0.0,0.0,1.0,0.0,2.0,0.0,0.0,0.0,0.0,0.0,-3.1728,1.9358,0.0,0.0,0.0,0.0,0.0,0.0,0.0,0.0,0.0,0.0,0.0,0.0,0.0,0.0,0.0,0.0,0.0,0.0,0.0,0.0,0.0,0.0,0.0,0.0,0.0,0.0,0.0,0.0,0.0,0.0,0.0,0.0,0.0,0.0,0.0,0.0,0.0,0.0,0.0,0.0,0.0,0.0,0.0,0.0,0.0,0.0,0.0,0.0,0.0,0.0,0.0,0.0,0.0,0.0,0.0,0.0,0.0,0.0,0.0,0.0,0.0,0.0,0.0,0.0,0.0,0.0,0.0,0.0,0.0,0.0,0.0,0.0,0.0,0.0,0.0,0.0,0.0,0.0,0.0,0.0,0.0,0.0,0.0,0.0,0.0,0.0
CC#N,7.319444444444445,7.319444444444445,1.4305555555555556,1.4305555555555556,0.3869805798690774,2.6666666666666665,41.053,38.028999999999996,41.026549096,16.0,0.0,0.05871482377124906,-0.1986584259265234,0.1986584259265234,0.05871482377124906,2.0,2.0,2.0,14.199772541067192,10.95508811650909,1.1727325265919901,-1.1465232203603164,1.2146152150896594,-1.100101722274293,4.507020971444977,1.4896531954173182,0.9182958340544894,2.475534205527556,24.264662506490403,2.7071067811865475,1.9472135954999579,1.9472135954999579,1.4142135623730951,0.7236067977499789,0.7236067977499789,0.22360679774997896,0.22360679774997896,0.0,0.0,0.0,0.0,-0.51,2.7548875021634682,2.490000000000001,1.4900000000000018,1.489999999999999,19.496772823694872,0.0,0.0,0.0,0.0,0.0,0.0,0.0,0.0,5.261891554738487,0.0,0.0,0.0,6.923737199690624,6.069221312792274,0.0,0.0,5.261891554738487,0.0,0.0,6.923737199690624,0.0,0.0,0.0,6.069221312792274,0.0,0.0,0.0,0.0,0.0,0.0,11.33111286753076,6.923737199690624,0.0,0.0,0.0,0.0,23.79,0.0,0.0,0.0,0.0,0.0,0.0,6.923737199690624,6.069221312792274,0.0,0.0,5.261891554738487,0.0,0.0,0.0,7.319444444444445,0.0,0.0,1.75,0.0,1.4305555555555556,0.0,0.5,3.0,0.0,1.0,0.0,0.0,0.0,0.0,0.0,0.0,1.0,0.0,1.0,0.0,0.0,0.0,0.0,0.0,0.52988,11.287,0.0,0.0,0.0,0.0,0.0,0.0,0.0,0.0,0.0,0.0,0.0,0.0,0.0,0.0,0.0,1.0,0.0,0.0,0.0,0.0,0.0,0.0,0.0,0.0,0.0,0.0,0.0,0.0,0.0,0.0,0.0,0.0,0.0,0.0,0.0,0.0,0.0,0.0,0.0,0.0,0.0,0.0,0.0,0.0,0.0,0.0,0.0,0.0,0.0,0.0,0.0,0.0,0.0,0.0,0.0,0.0,0.0,1.0,0.0,0.0,0.0,0.0,0.0,0.0,0.0,0.0,0.0,0.0,0.0,0.0,0.0,0.0,0.0,0.0,0.0,0.0,0.0,0.0,0.0,0.0,0.0,0.0,0.0,0.0,0.0,2.6666666666666665
C1=CC=C(C=C1)P(C2=CC=CC=C2)C3=CC=CC=C3,2.227880658436214,2.227880658436214,0.44598765432098775,-0.44598765432098775,0.6342115735160806,10.578947368421053,262.29200000000003,247.17199999999994,262.09113711000003,92.0,0.0,-0.013435687534984822,-0.06222246775052784,0.06222246775052784,0.013435687534984822,0.3684210526315789,0.631578947368421,0.8947368421052632,31.1315238246151,10.352576359656014,2.144087160482214,-2.1848276001095908,2.315600724394403,-2.1961670231423094,7.7937452393436,1.7357095092860866,2.5083432320697017,2.1210106325672244,523.7138976114098,12.916002794556722,10.60746763334435,11.501894824344264,9.449489742783179,6.402871200818814,7.744511987318687,4.34205767343533,6.5620714051682345,3.04317746978736,5.486797999270248,2.1784095038102875,4.483661665304442,-1.9099999999999993,44146.84088442675,12.140659924413075,5.820136911661661,2.748679021701652,115.0452769124983,0.0,0.0,0.0,0.0,0.0,0.0,0.0,0.0,0.0,0.0,90.99550602692418,23.835207781060234,0.0,0.0,0.0,23.835207781060234,0.0,0.0,0.0,0.0,0.0,90.99550602692418,0.0,0.0,15.913619688716722,0.0,0.0,7.9215880923435105,0.0,0.0,0.0,0.0,90.99550602692418,0.0,0.0,0.0,0.0,7.9215880923435105,0.0,0.0,0.0,0.0,0.0,15.913619688716722,0.0,0.0,90.99550602692418,0.0,0.0,0.0,0.0,4.194166666666667,0.0,0.0,32.32589506172839,0.0,0.0,-0.44598765432098775,0.0,19.0,0.0,0.0,0.0,0.0,0.0,3.0,0.0,3.0,0.0,0.0,1.0,3.0,0.0,0.0,0.0,3.0,3.4448000000000016,85.14800000000004,0.0,0.0,0.0,0.0,0.0,0.0,0.0,0.0,0.0,0.0,0.0,0.0,0.0,0.0,0.0,0.0,0.0,0.0,0.0,0.0,0.0,0.0,0.0,0.0,0.0,0.0,0.0,0.0,0.0,0.0,0.0,0.0,0.0,0.0,3.0,0.0,0.0,0.0,0.0,0.0,0.0,0.0,0.0,0.0,0.0,0.0,0.0,0.0,0.0,0.0,0.0,0.0,0.0,0.0,0.0,0.0,0.0,0.0,0.0,0.0,0.0,0.0,0.0,0.0,0.0,0.0,0.0,0.0,0.0,0.0,0.0,0.0,0.0,0.0,0.0,0.0,0.0,0.0,0.0,0.0,0.0,0.0,0.0,0.0,0.0,10.578947368421053
CC(CC1=CC=CC=C1)N.OP(=O)(O)O,8.881944444444445,8.881944444444445,0.26611111111111074,-4.638888888888889,0.5612735606855589,12.6,233.20399999999995,217.07599999999996,233.08169462200001,86.0,0.0,0.46647404666265296,-0.32765583199596715,0.46647404666265296,0.32765583199596715,1.2666666666666666,1.6666666666666667,2.0,31.204229180247566,10.090862448534514,1.9979136184699402,-2.024616688512833,2.2535743504713985,-2.169657560855589,7.447142333458832,0.27513354357180353,2.0093861419617878,3.359999885865005e-07,300.88353736710224,11.897341225498538,8.445661337977626,9.34008852897754,6.787693700234703,4.365743071938112,5.930891443608221,3.1802837206564267,4.206837983813012,1.4005021979026944,1.4005021979026944,0.9858783585471154,0.9858783585471154,-0.7100000000000002,1044.8807938201296,14.290000000000003,6.714887796748622,13.29,88.80426324429187,20.41390228541961,0.0,0.0,0.0,0.0,7.822697123132171,0.0,4.565048284931329,0.0,0.0,30.33183534230805,18.90801031431363,6.041840829147961,0.0,19.245283093188757,7.822697123132171,0.0,0.0,5.733667477162185,19.386399651764595,0.0,35.89528683400505,0.0,0.0,5.733667477162185,0.0,0.0,7.822697123132171,20.722075637405386,10.985869907857339,0.0,12.487188691387619,30.33183534230805,0.0,0.0,0.0,103.78,7.822697123132171,0.0,0.0,6.041840829147961,0.0,6.4208216229260096,5.563451491696996,0.0,25.122838405075452,12.13273413692322,24.97895057035094,8.881944444444445,0.0,21.5625,0.0,6.941557067271353,0.0,10.564554043839758,0.9730555555555556,2.0208333333333335,-4.638888888888889,0.3333333333333333,15.0,5.0,5.0,0.0,0.0,0.0,1.0,0.0,1.0,2.0,4.0,6.0,2.0,0.0,0.0,0.0,1.0,0.6476999999999999,58.05830000000003,0.0,0.0,0.0,0.0,0.0,0.0,0.0,0.0,0.0,0.0,0.0,0.0,0.0,0.0,0.0,0.0,0.0,1.0,0.0,0.0,0.0,0.0,0.0,0.0,0.0,0.0,0.0,0.0,0.0,0.0,0.0,0.0,0.0,0.0,1.0,0.0,0.0,0.0,0.0,0.0,0.0,0.0,0.0,0.0,0.0,0.0,0.0,0.0,0.0,0.0,0.0,0.0,0.0,0.0,0.0,0.0,0.0,0.0,0.0,0.0,0.0,0.0,0.0,0.0,0.0,0.0,0.0,1.0,0.0,0.0,0.0,0.0,0.0,0.0,0.0,0.0,0.0,0.0,0.0,0.0,0.0,0.0,0.0,0.0,0.0,12.6
C1CCC(CC1)P(C2CCCCC2)C3CCCCC3,1.6098251028806585,1.6098251028806585,0.3848456790123461,0.3848456790123461,0.5198459619282152,28.894736842105264,280.436,247.17199999999994,280.231987686,110.0,0.0,-0.020420965453642675,-0.09714887789369121,0.09714887789369121,0.020420965453642675,0.3684210526315789,0.631578947368421,0.8947368421052632,31.13181913429713,9.986486359137652,2.3588124676870876,-2.4405367173243335,2.61132341307297,-2.2751019582916987,7.5949942370880175,0.45985972843068146,2.5083432320697017,1.6836878326608633,201.6219103268226,12.916002794556722,12.785866120867052,13.680293311866969,9.449489742783179,9.224086412024661,10.773279750507628,7.3227154372030725,10.408032858223649,5.988997476092014,10.06801294270968,5.031970534856008,9.705124413865997,0.43,44146.84088442675,14.37073989716598,7.441637218205251,3.7487123727032365,121.42545889285746,0.0,0.0,0.0,0.0,0.0,0.0,0.0,0.0,0.0,0.0,65.70898269867762,55.501913089665976,0.0,0.0,0.0,7.9215880923435105,0.0,0.0,0.0,113.2893076960001,0.0,0.0,0.0,0.0,0.0,0.0,0.0,7.9215880923435105,16.97698335210992,0.0,0.0,96.31232434389018,0.0,0.0,0.0,0.0,0.0,0.0,0.0,0.0,0.0,7.9215880923435105,0.0,36.23944822088795,77.04985947511214,0.0,0.0,0.0,0.0,0.0,0.0,0.0,3.569305555555555,0.0,0.0,23.619922839506174,0.0,0.3848456790123461,1.0,19.0,0.0,0.0,3.0,0.0,3.0,0.0,0.0,0.0,0.0,0.0,1.0,3.0,3.0,0.0,3.0,3.0,6.466400000000006,87.53900000000007,0.0,0.0,0.0,0.0,0.0,0.0,0.0,0.0,0.0,0.0,0.0,0.0,0.0,0.0,0.0,0.0,0.0,0.0,0.0,0.0,0.0,0.0,0.0,0.0,0.0,0.0,0.0,0.0,0.0,0.0,0.0,0.0,0.0,0.0,0.0,0.0,0.0,0.0,0.0,0.0,0.0,0.0,0.0,0.0,0.0,0.0,0.0,0.0,0.0,0.0,0.0,0.0,0.0,0.0,0.0,0.0,0.0,0.0,0.0,0.0,0.0,0.0,0.0,0.0,0.0,0.0,0.0,0.0,0.0,0.0,0.0,0.0,0.0,0.0,0.0,0.0,0.0,0.0,0.0,0.0,0.0,0.0,0.0,0.0,0.0,28.894736842105264
CC1=CC=CC=C1P(C2=CC=CC=C2C)C3=CC=CC=C3C,2.2915843621399175,2.2915843621399175,0.5084876543209877,-0.5084876543209877,0.6303470760849654,10.909090909090908,304.37300000000005,283.205,304.13808730200003,110.0,0.0,-0.012174228098806732,-0.06195851164927764,0.06195851164927764,0.012174228098806732,0.45454545454545453,0.7272727272727273,1.0,31.131525711964976,10.219994335536573,2.2028380745519605,-2.2394218701856365,2.356769332244899,-2.2488686319076043,7.796663873999621,1.491193208556265,2.5264196967004358,2.2661019525912227,680.9967043417453,15.526733258565956,13.37541682577547,14.269844016775385,10.681540550352059,7.652871200818815,8.994511987318688,5.69487007381881,7.811107529560166,4.069070997346208,7.019820383208265,2.8322328578932656,5.597981099444243,-1.9099999999999993,132707.77382828048,15.00376874840794,6.463111049060091,2.8455728211058893,134.1401032556881,0.0,0.0,0.0,0.0,0.0,0.0,0.0,0.0,0.0,0.0,72.79640482153933,61.29677385522308,0.0,0.0,0.0,23.835207781060234,0.0,0.0,0.0,20.771211599071872,0.0,89.48675929663032,0.0,0.0,15.913619688716722,0.0,0.0,7.9215880923435105,0.0,0.0,20.771211599071872,16.690354475090988,72.79640482153933,0.0,0.0,0.0,0.0,7.9215880923435105,0.0,0.0,0.0,0.0,0.0,32.603974163807706,0.0,0.0,93.56761642061122,0.0,0.0,0.0,0.0,4.378055555555556,4.1253256487780305,0.0,26.408902746283704,0.0,6.670277777777778,-0.5084876543209877,0.14285714285714285,22.0,0.0,0.0,0.0,0.0,0.0,3.0,0.0,3.0,0.0,0.0,1.0,3.0,0.0,0.0,0.0,3.0,4.370060000000003,99.35900000000004,0.0,0.0,0.0,0.0,0.0,0.0,0.0,0.0,0.0,0.0,0.0,0.0,0.0,0.0,0.0,0.0,0.0,0.0,0.0,0.0,0.0,0.0,0.0,0.0,0.0,0.0,0.0,0.0,0.0,0.0,3.0,0.0,0.0,0.0,3.0,0.0,0.0,0.0,0.0,0.0,0.0,0.0,0.0,0.0,0.0,0.0,0.0,0.0,0.0,0.0,0.0,0.0,0.0,0.0,0.0,0.0,0.0,0.0,0.0,0.0,0.0,0.0,0.0,0.0,0.0,0.0,0.0,0.0,0.0,0.0,0.0,0.0,0.0,0.0,0.0,0.0,0.0,0.0,0.0,0.0,0.0,0.0,0.0,0.0,0.0,10.909090909090908
CCCCP(C12CC3CC(C1)CC(C3)C2)C45CC6CC(C4)CC(C6)C5,2.4512707860922145,2.4512707860922145,0.28525205761316896,0.28525205761316896,0.4555741466654545,56.52,358.5500000000001,319.23800000000006,358.278937878,140.0,0.0,-0.0081519130409,-0.09390449368837193,0.09390449368837193,0.0081519130409,0.6,0.92,1.2,31.131971404415367,9.550660765029383,2.6160456932330316,-2.674089191842214,2.7839946524826367,-2.5643591644780646,7.606380968701092,0.018495428773682793,2.517565436281351,1.3690985284475001,419.6452797660029,16.6480536021256,16.51791692843593,17.412344119435843,12.162494912749212,11.94033771461252,13.46722043764611,11.788985507756914,14.989628029141555,9.892260286269783,14.041470847347277,10.08470812931335,15.543590114502056,0.43,976382.3680221237,16.390393846595124,5.717933577688585,2.4778022179286925,156.59761811864942,0.0,0.0,0.0,0.0,0.0,0.0,0.0,0.0,0.0,0.0,21.266146914960146,135.45218515035182,0.0,0.0,0.0,7.9215880923435105,0.0,0.0,35.507436276968356,107.12739766853218,6.161910027467921,0.0,0.0,0.0,0.0,0.0,0.0,7.9215880923435105,16.474067775345304,0.0,35.507436276968356,96.81523992065479,0.0,0.0,0.0,0.0,0.0,0.0,0.0,0.0,7.9215880923435105,0.0,45.819594024845735,6.4208216229260096,89.63259112550607,0.0,6.923737199690624,0.0,0.0,0.0,0.0,1.7597685185185186,0.0,6.95438350340136,0.0,24.62339920844881,2.4512707860922145,0.28525205761316896,1.0,25.0,0.0,0.0,8.0,0.0,8.0,0.0,0.0,0.0,0.0,0.0,1.0,5.0,8.0,0.0,8.0,8.0,7.2060000000000075,108.50100000000009,0.0,0.0,0.0,0.0,0.0,0.0,0.0,0.0,0.0,0.0,0.0,0.0,0.0,0.0,0.0,0.0,0.0,0.0,0.0,0.0,0.0,0.0,0.0,0.0,0.0,0.0,0.0,0.0,0.0,0.0,0.0,0.0,0.0,0.0,0.0,0.0,0.0,0.0,0.0,0.0,0.0,0.0,0.0,0.0,0.0,0.0,0.0,0.0,0.0,0.0,0.0,0.0,0.0,0.0,0.0,0.0,0.0,0.0,0.0,0.0,0.0,0.0,0.0,0.0,0.0,0.0,0.0,0.0,0.0,0.0,0.0,0.0,0.0,0.0,0.0,0.0,0.0,0.0,0.0,0.0,0.0,0.0,0.0,0.0,0.0,56.52
COC1=C(C(=CC=C1)OC)C2=CC=CC=C2P(C3CCCCC3)C4CCCCC4,5.795153586125808,5.795153586125808,0.18240950701268144,-0.18240950701268144,0.47110538809063596,18.724137931034484,410.5380000000004,375.25800000000015,410.23746699000003,156.0,0.0,0.12994518564815422,-0.4959677770026244,0.4959677770026244,0.12994518564815422,0.6551724137931034,1.1724137931034482,1.6896551724137931,31.131722123090007,9.993281513539543,2.3384151448126445,-2.3940807144905385,2.5652700357876546,-2.2679506008437644,7.669146791064311,0.3972179713249123,2.803077649763222,1.8275285702958006,750.7953779858883,20.053830996061407,18.030930410999794,18.925357601999703,14.33002980034506,11.419109815537263,12.899118970025865,8.545620294899097,11.30255964557097,6.815560089332634,10.368241763368752,5.436813434346093,9.385571469452122,-1.5299999999999996,6869782.704039704,20.731065966955285,9.984900937682674,4.481526852761864,177.3128004599421,9.473725907600098,11.49902366656781,0.0,0.0,0.0,0.0,0.0,0.0,0.0,0.0,76.77835317220763,60.00200091796978,0.0,19.78304657425206,9.473725907600098,13.226127988582418,0.0,0.0,0.0,75.52620513066672,14.219595082555067,42.46456947923127,0.0,22.6259266499618,14.778265803839005,0.0,11.49902366656781,7.9215880923435105,25.53758398396168,0.0,0.0,64.20821622926012,42.46456947923127,0.0,11.126902983393991,0.0,18.46,0.0,0.0,0.0,7.9215880923435105,0.0,28.38046405967142,69.77166772095711,19.524134978793974,6.06636706846161,36.39820241076966,9.473725907600098,11.590307172251617,0.0,0.0,1.5871296296296298,4.225630563953977,1.83155244813975,15.319048665379835,14.163184639201052,0.0,3.3572209555182138,0.5384615384615384,29.0,0.0,2.0,2.0,0.0,2.0,2.0,0.0,2.0,2.0,0.0,3.0,6.0,2.0,0.0,2.0,4.0,7.143400000000006,125.28200000000008,0.0,0.0,0.0,0.0,0.0,0.0,0.0,0.0,0.0,0.0,0.0,0.0,0.0,0.0,0.0,0.0,0.0,0.0,0.0,0.0,0.0,0.0,0.0,0.0,0.0,0.0,0.0,0.0,0.0,0.0,0.0,0.0,0.0,0.0,2.0,0.0,0.0,0.0,0.0,0.0,0.0,2.0,0.0,0.0,0.0,0.0,0.0,0.0,0.0,0.0,0.0,0.0,0.0,0.0,0.0,2.0,0.0,0.0,0.0,0.0,0.0,0.0,0.0,0.0,0.0,0.0,0.0,0.0,0.0,0.0,0.0,0.0,0.0,0.0,0.0,0.0,0.0,0.0,0.0,0.0,0.0,0.0,0.0,0.0,0.0,18.724137931034484
[Fe+2].CC(C)(C)P(C1[CH-]C=CC=1)C(C)(C)C.CC(C)(C)P(C1[CH-]C=CC=1)C(C)(C)C,2.3580889917695473,2.3580889917695473,0.0,-0.10082304526748942,0.2337469696555412,13.172413793103448,474.4310000000002,430.0790000000002,474.226762168,166.0,0.0,2.0,-0.21309135501722073,2.0,0.21309135501722073,0.5172413793103449,0.7586206896551724,0.896551724137931,0.0,0.0,0.0,0.0,0.0,0.0,0.0,0.0,3.0555401995684597,5.226666552675557e-07,578.8744597977161,21.96625532625088,20.8667827351102,23.75982170022808,12.454360366901371,10.496341324879126,13.179622897878875,11.640300104663504,19.38129959615152,4.489844330635768,11.485487829623844,4.587485063953079,12.651344080748117,0.07948051948051937,455446.5999868763,29.079480519480516,10.597338118374847,8.994391617411358,194.90741822353877,0.0,0.0,0.0,0.0,0.0,17.068678152405656,0.0,24.26546827384644,24.26546827384644,10.609079792477814,98.92802258097448,20.624315495754765,0.0,0.0,17.068678152405656,26.452255977164835,0.0,0.0,0.0,103.70916189204223,0.0,48.53093654769288,0.0,0.0,10.609079792477814,0.0,0.0,15.843176184687021,20.624315495754765,17.068678152405656,0.0,83.08484639628746,48.53093654769288,0.0,0.0,0.0,0.0,0.0,0.0,0.0,32.91185433709268,20.624315495754765,0.0,0.0,10.609079792477814,0.0,131.61578294398038,0.0,0.0,0.0,0.0,4.646574074074075,0.0,0.0,17.73948559670782,0.0,28.297067901234573,-0.20164609053497884,0.6153846153846154,29.0,0.0,0.0,0.0,0.0,0.0,2.0,0.0,2.0,0.0,0.0,3.0,2.0,0.0,0.0,0.0,2.0,8.216900000000008,136.18999999999997,0.0,0.0,0.0,0.0,0.0,0.0,0.0,0.0,0.0,0.0,0.0,0.0,0.0,0.0,0.0,0.0,0.0,0.0,0.0,0.0,0.0,0.0,0.0,0.0,0.0,0.0,0.0,0.0,0.0,0.0,0.0,0.0,0.0,0.0,0.0,0.0,0.0,0.0,0.0,0.0,0.0,0.0,0.0,0.0,0.0,0.0,0.0,0.0,0.0,0.0,0.0,0.0,0.0,0.0,0.0,0.0,0.0,0.0,0.0,0.0,0.0,0.0,0.0,0.0,0.0,0.0,0.0,0.0,0.0,0.0,0.0,0.0,0.0,0.0,0.0,0.0,0.0,0.0,0.0,0.0,0.0,0.0,0.0,0.0,0.0,13.172413793103448
CC(C)C1=CC(=C(C(=C1)C(C)C)C2=CC=CC=C2P(C3CCCCC3)C4CCCCC4)C(C)C,2.5643045057529186,2.5643045057529186,0.11994260495693454,-0.11994260495693454,0.3485759473486275,18.529411764705884,476.7290000000005,427.3370000000003,476.357188198,186.0,0.0,-0.010103005836387709,-0.06828270540986672,0.06828270540986672,0.010103005836387709,0.6176470588235294,1.088235294117647,1.5294117647058822,31.131722477849813,9.81575654151614,2.340785404494362,-2.3977861252710655,2.564166754623443,-2.270700958580383,7.66914109015769,0.48669781454040745,2.8470609582531017,1.913903678625933,878.3083821760208,24.241911729260266,22.869134368451316,23.76356155945123,16.37991785310972,14.435175565590827,15.915184720079429,12.04654739340529,14.803486744077167,8.520106323003935,12.072787997040056,6.586959414890161,10.535717449996188,-1.1299999999999997,47326808.19147964,25.947832015667892,11.736317427266833,5.641902649605722,211.64030480170462,0.0,0.0,0.0,0.0,0.0,0.0,0.0,0.0,0.0,0.0,124.38714343881298,87.87679088631872,0.0,0.0,0.0,13.226127988582418,0.0,0.0,0.0,134.82234646729466,0.0,53.08855688586065,0.0,11.126902983393991,5.304539896238907,0.0,0.0,7.9215880923435105,11.317988901406613,0.0,0.0,140.19471204097906,36.39820241076966,0.0,11.126902983393991,0.0,0.0,0.0,0.0,0.0,7.9215880923435105,17.75371813848418,11.317988901406613,69.77166772095711,27.55834586302689,0.0,77.9406256089134,0.0,0.0,0.0,0.0,1.7475897581254727,9.710269098252503,1.6440600965159038,14.839244404551945,14.605889822446251,14.313630165805597,-0.11994260495693454,0.6363636363636364,34.0,0.0,0.0,2.0,0.0,2.0,2.0,0.0,2.0,0.0,0.0,1.0,7.0,2.0,0.0,2.0,4.0,10.496399999999992,154.44499999999974,0.0,0.0,0.0,0.0,0.0,0.0,0.0,0.0,0.0,0.0,0.0,0.0,0.0,0.0,0.0,0.0,0.0,0.0,0.0,0.0,0.0,0.0,0.0,0.0,0.0,0.0,0.0,0.0,0.0,0.0,0.0,0.0,0.0,0.0,2.0,0.0,0.0,0.0,0.0,0.0,0.0,0.0,0.0,0.0,0.0,0.0,0.0,0.0,0.0,0.0,0.0,0.0,0.0,0.0,0.0,0.0,0.0,0.0,0.0,0.0,0.0,0.0,0.0,0.0,0.0,0.0,0.0,0.0,0.0,0.0,0.0,0.0,0.0,0.0,0.0,0.0,0.0,0.0,0.0,0.0,0.0,0.0,0.0,0.0,0.0,18.529411764705884
C1CCC(C1)P(C2=CC=CC=C2)C3=CC=CC=C3,2.316491769547325,2.316491769547325,0.1520061728395059,-0.1520061728395059,0.7244744193725049,16.27777777777778,254.31300000000005,235.16099999999994,254.122437238,92.0,0.0,-0.012878403165959808,-0.06222282674917692,0.06222282674917692,0.012878403165959808,0.6666666666666666,1.1111111111111112,1.5555555555555556,31.131622220329593,10.34753778020718,2.2642231431058395,-2.246196591322532,2.464876257867328,-2.190274349766166,7.731840782672796,0.8855840452388569,2.954169804485655,1.983212175137759,431.9779832196313,12.208896013370172,10.626493681332034,11.520920872331951,8.949489742783179,6.8432762712207635,8.254101241715,4.979381163136822,7.48247804270999,3.758572329456049,6.714234219784807,2.910361132130026,5.919996492665063,-1.13,33559.36897895704,11.93232670527069,5.673450803041922,2.4936385164310764,110.80706212488808,0.0,0.0,0.0,0.0,0.0,0.0,0.0,0.0,0.0,0.0,73.50531393046812,37.03130558137665,0.0,0.0,0.0,18.530667884821327,0.0,0.0,0.0,31.342280942407346,0.0,60.6636706846161,0.0,0.0,10.609079792477814,0.0,0.0,7.9215880923435105,5.6589944507033065,0.0,0.0,25.683286491704038,60.6636706846161,0.0,0.0,0.0,0.0,0.0,0.0,0.0,7.9215880923435105,0.0,5.6589944507033065,25.683286491704038,10.609079792477814,0.0,60.6636706846161,0.0,0.0,0.0,0.0,3.093703703703704,0.8933333333333331,0.0,22.241703094818174,5.664006781725036,0.0,-0.1520061728395059,0.29411764705882354,18.0,0.0,0.0,1.0,0.0,1.0,2.0,0.0,2.0,0.0,0.0,1.0,3.0,1.0,0.0,1.0,3.0,4.061900000000002,81.32800000000005,0.0,0.0,0.0,0.0,0.0,0.0,0.0,0.0,0.0,0.0,0.0,0.0,0.0,0.0,0.0,0.0,0.0,0.0,0.0,0.0,0.0,0.0,0.0,0.0,0.0,0.0,0.0,0.0,0.0,0.0,0.0,0.0,0.0,0.0,2.0,0.0,0.0,0.0,0.0,0.0,0.0,0.0,0.0,0.0,0.0,0.0,0.0,0.0,0.0,0.0,0.0,0.0,0.0,0.0,0.0,0.0,0.0,0.0,0.0,0.0,0.0,0.0,0.0,0.0,0.0,0.0,0.0,0.0,0.0,0.0,0.0,0.0,0.0,0.0,0.0,0.0,0.0,0.0,0.0,0.0,0.0,0.0,0.0,0.0,0.0,16.27777777777778
CC1(C2=C(C(=CC=C2)P(C3=CC=CC=C3)C4=CC=CC=C4)OC5=C1C=CC=C5P(C6=CC=CC=C6)C7=CC=CC=C7)C,7.255661848072562,7.255661848072562,0.22450916477702254,-0.8236858759051924,0.18475507209410647,13.333333333333334,578.6320000000002,546.3760000000003,578.1928389039999,204.0,0.0,0.1393728282943061,-0.4553315443660788,0.4553315443660788,0.1393728282943061,0.38095238095238093,0.6904761904761905,1.0,31.13289095889264,9.756228667913234,2.3877990275325613,-2.38114416187773,2.516630085112179,-2.324287624023671,7.800663168156155,0.4246326247778368,3.0412482844665347,1.451307485858495,1604.0409986361892,28.52008632231228,23.813782480394057,25.60263686239389,20.626159669017042,14.380657358768161,17.063938931767908,11.04772532948491,15.41856860895635,8.078688966291136,13.00478442784759,6.010571114275548,10.809284352844617,-4.019999999999998,7091120479.979827,26.852104212072092,11.337826604980432,4.77902473256979,250.918785330731,4.736862953800049,11.49902366656781,0.0,0.0,0.0,0.0,0.0,0.0,0.0,0.0,171.57301817938313,37.06133576964265,27.150973245268585,0.0,4.736862953800049,47.67041556212047,0.0,0.0,0.0,19.26246486877803,0.0,168.85244676339587,0.0,11.49902366656781,36.56410233123349,0.0,11.49902366656781,15.843176184687021,0.0,5.41499046939678,0.0,24.974377382775238,157.72554378000189,0.0,0.0,0.0,9.23,15.843176184687021,0.0,0.0,5.41499046939678,0.0,11.49902366656781,42.95414236082743,0.0,0.0,171.57301817938313,4.736862953800049,7.255661848072562,0.0,0.0,7.812962526557406,2.2620875850340134,2.0228529436465945,57.16150442135611,0.0,4.697117241958511,-1.6473717518103848,0.07692307692307693,42.0,0.0,1.0,0.0,1.0,1.0,6.0,0.0,6.0,1.0,0.0,3.0,6.0,0.0,0.0,0.0,7.0,7.634600000000009,182.49799999999954,0.0,0.0,0.0,0.0,0.0,0.0,0.0,0.0,0.0,0.0,0.0,0.0,0.0,0.0,0.0,0.0,0.0,0.0,0.0,0.0,0.0,0.0,0.0,0.0,0.0,0.0,0.0,0.0,0.0,0.0,0.0,0.0,0.0,0.0,6.0,0.0,2.0,0.0,0.0,0.0,0.0,1.0,0.0,0.0,0.0,0.0,0.0,0.0,0.0,0.0,0.0,0.0,0.0,0.0,0.0,0.0,0.0,0.0,0.0,0.0,0.0,0.0,0.0,0.0,2.0,0.0,0.0,0.0,0.0,0.0,0.0,0.0,0.0,0.0,0.0,0.0,0.0,0.0,0.0,0.0,0.0,0.0,0.0,0.0,0.0,13.333333333333334
C(=O)(O)[O-].[Na+],8.444444444444445,8.444444444444445,0.0,-2.083333333333333,0.30327610731514837,4.8,84.006,82.998,83.982338172,24.0,0.0,1.0,-0.5651787281645311,1.0,0.5651787281645311,1.8,1.8,1.8,0.0,0.0,0.0,0.0,0.0,0.0,0.0,0.0,0.8112781244591328,0.0,29.87430298092722,3.5773502691896257,2.763710176427684,4.763710176427685,1.7320508075688772,0.6318550882138421,0.6318550882138421,0.26590751916838873,0.26590751916838873,0.0,0.0,0.0,0.0,0.27,3.2451124978365313,8.986091986271262,4.269999999999999,301.8228120713304,50.902640254977285,15.007591973753234,0.0,0.0,6.155365629538759,0.0,29.557286032607934,0.0,0.0,0.0,0.0,0.0,0.0,0.0,0.0,44.56487800636117,6.155365629538759,0.0,0.0,0.0,0.0,0.0,0.0,0.0,0.0,34.66381342744864,4.794537184071822,0.0,0.0,11.261893024379464,0.0,0.0,0.0,0.0,0.0,0.0,0.0,60.36,6.155365629538759,0.0,0.0,29.557286032607934,0.0,0.0,0.0,0.0,0.0,0.0,15.007591973753234,0.0,0.0,8.444444444444445,15.305555555555555,0.0,0.0,0.0,-2.083333333333333,0.0,0.0,0.0,5.0,1.0,3.0,0.0,0.0,0.0,0.0,0.0,0.0,2.0,1.0,4.0,0.0,0.0,0.0,0.0,0.0,-4.1083,8.0248,0.0,0.0,0.0,0.0,0.0,0.0,0.0,0.0,0.0,2.0,1.0,0.0,0.0,0.0,0.0,0.0,0.0,0.0,0.0,0.0,0.0,0.0,0.0,0.0,0.0,0.0,0.0,0.0,0.0,0.0,0.0,0.0,0.0,0.0,0.0,0.0,0.0,0.0,0.0,0.0,0.0,0.0,0.0,0.0,0.0,0.0,0.0,0.0,0.0,0.0,0.0,0.0,0.0,0.0,0.0,0.0,0.0,0.0,0.0,0.0,0.0,0.0,0.0,0.0,0.0,0.0,0.0,0.0,0.0,0.0,0.0,0.0,0.0,0.0,0.0,0.0,0.0,0.0,0.0,0.0,0.0,0.0,0.0,0.0,0.0,4.8
[F-].[Cs+],0.0,0.0,0.0,0.0,0.3238477816259503,0.0,151.903,151.903,151.90385512,8.0,0.0,1.0,-1.0,1.0,1.0,1.0,1.0,1.0,0.0,0.0,0.0,0.0,0.0,0.0,0.0,0.0,0.0,0.0,2.0,0.0,1.3779644730092273,7.658074362289745,0.0,0.0,0.0,0.0,0.0,0.0,0.0,0.0,0.0,1.981948051948052,0.0,9.013868176370185,2.981948051948053,0.4865021440783189,71.40192986930035,4.704396381733906,0.0,0.0,0.0,0.0,68.89379382637131,0.0,0.0,0.0,0.0,0.0,0.0,0.0,0.0,73.59819020810521,0.0,0.0,0.0,0.0,0.0,0.0,0.0,0.0,0.0,73.59819020810521,0.0,0.0,0.0,0.0,0.0,0.0,0.0,0.0,0.0,0.0,0.0,0.0,0.0,0.0,0.0,73.59819020810521,0.0,0.0,0.0,0.0,0.0,0.0,0.0,0.0,0.0,0.0,0.0,0.0,0.0,0.0,0.0,0.0,0.0,0.0,2.0,0.0,0.0,0.0,0.0,0.0,0.0,0.0,0.0,0.0,0.0,2.0,0.0,0.0,0.0,0.0,0.0,-5.992,0.0,0.0,0.0,0.0,0.0,0.0,0.0,0.0,0.0,0.0,0.0,0.0,0.0,0.0,0.0,0.0,0.0,0.0,0.0,0.0,0.0,0.0,0.0,0.0,0.0,0.0,0.0,0.0,0.0,0.0,0.0,0.0,0.0,0.0,0.0,0.0,0.0,0.0,0.0,0.0,0.0,0.0,0.0,0.0,0.0,1.0,0.0,0.0,0.0,0.0,0.0,0.0,0.0,0.0,0.0,0.0,0.0,0.0,0.0,0.0,0.0,0.0,0.0,0.0,0.0,0.0,0.0,0.0,0.0,0.0,0.0,0.0,0.0,0.0,0.0,0.0,0.0,0.0,0.0,0.0,0.0,0.0,0.0,0.0,0.0,0.0,0.0
[O-]P(=O)([O-])[O-].[K+].[K+].[K+],8.54861111111111,8.54861111111111,0.0,-5.388888888888889,0.2945912464539539,7.375,212.264,212.264,211.84454015,32.0,0.0,1.0,-0.8224170328723037,1.0,0.8224170328723037,0.875,0.875,0.875,0.0,0.0,0.0,0.0,0.0,0.0,0.0,0.0,0.7219280948873623,-2.6666666238888897e-08,57.41901188909337,4.5,5.080206757355411,15.34395082520831,2.0,0.7302967433402215,2.1908902300206647,0.447213595499958,1.341640786499874,0.0,0.0,0.0,0.0,5.019090909090909,3.6096404744368114,23.120561166397597,12.01909090909091,43.90887161204391,175.07431493058382,19.245283093188757,0.0,0.0,0.0,0.0,154.1536047188599,0.0,0.0,7.822697123132171,0.0,0.0,0.0,0.0,0.0,173.39888781204866,7.822697123132171,0.0,0.0,0.0,0.0,0.0,0.0,0.0,0.0,168.83383952711733,0.0,0.0,7.822697123132171,0.0,4.565048284931329,0.0,0.0,0.0,0.0,0.0,0.0,86.25,7.822697123132171,0.0,0.0,154.1536047188599,0.0,0.0,0.0,0.0,0.0,0.0,19.245283093188757,8.54861111111111,0.0,25.645833333333332,0.0,0.0,0.0,0.0,0.0,0.0,-5.388888888888889,0.0,8.0,0.0,4.0,0.0,0.0,0.0,0.0,0.0,0.0,4.0,0.0,8.0,0.0,0.0,0.0,0.0,0.0,-11.812600000000002,7.6065,0.0,0.0,0.0,0.0,0.0,0.0,0.0,0.0,0.0,0.0,0.0,0.0,0.0,0.0,0.0,0.0,0.0,0.0,0.0,0.0,0.0,0.0,0.0,0.0,0.0,0.0,0.0,0.0,0.0,0.0,0.0,0.0,0.0,0.0,0.0,0.0,0.0,0.0,0.0,0.0,0.0,0.0,0.0,0.0,0.0,0.0,0.0,0.0,0.0,0.0,0.0,0.0,0.0,0.0,0.0,0.0,0.0,0.0,0.0,0.0,0.0,0.0,0.0,0.0,0.0,0.0,0.0,1.0,0.0,0.0,0.0,0.0,0.0,0.0,0.0,0.0,0.0,0.0,0.0,0.0,0.0,0.0,0.0,0.0,0.0,7.375
[OH-].[K+],0.0,0.0,0.0,0.0,0.2691704359282608,0.0,56.105000000000004,55.097,55.966446332,8.0,0.0,1.0,-0.8696814924318097,1.0,0.8696814924318097,1.0,1.0,1.0,0.0,0.0,0.0,0.0,0.0,0.0,0.0,0.0,0.0,0.0,2.0,0.0,1.4472135954999579,4.570319221117619,0.0,0.0,0.0,0.0,0.0,0.0,0.0,0.0,0.0,1.5963636363636362,0.0,9.513295366688823,2.596363636363636,0.22278732656864766,55.771795883680674,5.476191835881363,0.0,0.0,0.0,0.0,51.38453490628663,0.0,0.0,0.0,0.0,0.0,0.0,0.0,0.0,56.860726742168,0.0,0.0,0.0,0.0,0.0,0.0,0.0,0.0,0.0,51.38453490628663,0.0,0.0,0.0,5.476191835881363,0.0,0.0,0.0,0.0,0.0,0.0,0.0,30.0,0.0,0.0,0.0,56.860726742168,0.0,0.0,0.0,0.0,0.0,0.0,0.0,0.0,0.0,0.0,0.0,0.0,0.0,0.0,0.0,0.0,0.0,0.0,2.0,1.0,1.0,0.0,0.0,0.0,0.0,0.0,0.0,1.0,0.0,2.0,0.0,0.0,0.0,0.0,0.0,-3.1728,1.9358,0.0,0.0,0.0,0.0,0.0,0.0,0.0,0.0,0.0,0.0,0.0,0.0,0.0,0.0,0.0,0.0,0.0,0.0,0.0,0.0,0.0,0.0,0.0,0.0,0.0,0.0,0.0,0.0,0.0,0.0,0.0,0.0,0.0,0.0,0.0,0.0,0.0,0.0,0.0,0.0,0.0,0.0,0.0,0.0,0.0,0.0,0.0,0.0,0.0,0.0,0.0,0.0,0.0,0.0,0.0,0.0,0.0,0.0,0.0,0.0,0.0,0.0,0.0,0.0,0.0,0.0,0.0,0.0,0.0,0.0,0.0,0.0,0.0,0.0,0.0,0.0,0.0,0.0,0.0,0.0,0.0,0.0,0.0,0.0,0.0,0.0
[Li+].CC(C)(C)[O-],10.104166666666668,10.104166666666668,0.0,-0.75,0.28713688017202554,10.0,80.05599999999998,70.984,80.081344458,32.0,0.0,1.0,-0.8499976602119499,1.0,0.8499976602119499,1.1666666666666667,1.1666666666666667,1.1666666666666667,0.0,0.0,0.0,0.0,0.0,0.0,0.0,0.0,0.7219280948873623,0.0,23.019550008653873,4.5,4.908248290463863,4.908248290463863,2.0,1.7041241452319316,1.7041241452319316,2.1123724356957947,2.1123724356957947,0.0,0.0,0.0,0.0,0.5574025974025973,3.6096404744368114,9.750811857280484,2.684373569040257,185.62884177768905,50.925876649147796,5.106527394840706,0.0,0.0,0.0,0.0,18.860603211274622,0.0,0.0,0.0,5.601050810983688,20.771211599071872,0.0,0.0,0.0,23.967130606115326,0.0,0.0,0.0,0.0,26.37226241005556,0.0,0.0,0.0,0.0,23.967130606115326,0.0,0.0,0.0,5.601050810983688,0.0,0.0,20.771211599071872,0.0,0.0,0.0,0.0,23.06,5.601050810983688,5.106527394840706,0.0,18.860603211274622,0.0,0.0,0.0,20.771211599071872,0.0,0.0,0.0,0.0,0.0,0.0,10.104166666666668,-0.75,0.0,0.0,0.0,4.895833333333333,0.0,1.0,6.0,0.0,1.0,0.0,0.0,0.0,0.0,0.0,0.0,1.0,0.0,2.0,0.0,0.0,0.0,0.0,0.0,-2.8507999999999987,19.752999999999997,0.0,0.0,0.0,0.0,0.0,0.0,0.0,0.0,0.0,0.0,0.0,0.0,0.0,0.0,0.0,0.0,0.0,0.0,0.0,0.0,0.0,0.0,0.0,0.0,0.0,0.0,0.0,0.0,0.0,0.0,0.0,0.0,0.0,0.0,0.0,0.0,0.0,0.0,0.0,0.0,0.0,0.0,0.0,0.0,0.0,0.0,0.0,0.0,0.0,0.0,0.0,0.0,0.0,0.0,0.0,0.0,0.0,0.0,0.0,0.0,0.0,0.0,0.0,0.0,0.0,0.0,0.0,0.0,0.0,0.0,0.0,0.0,0.0,0.0,0.0,0.0,0.0,0.0,0.0,0.0,0.0,0.0,0.0,0.0,0.0,10.0
CCN(CC)CC,2.375,2.375,1.1875,1.1875,0.5183748699715436,10.285714285714286,101.193,86.07299999999998,101.12044947999999,44.0,0.0,-0.004743854124823915,-0.3041599430182366,0.3041599430182366,0.004743854124823915,0.8571428571428571,1.1428571428571428,1.1428571428571428,15.09580002661219,10.497093103819527,1.8864857861950215,-2.1286089365787904,1.8114384649611266,-2.2112352906930988,4.433272057859487,0.3209274290262543,1.719973094021975,2.9923028831940863,25.651484454403228,5.698670612749268,5.5685339390596,5.5685339390596,3.3460652149512318,3.0700036416101564,3.0700036416101564,1.6195036913004504,1.6195036913004504,1.3416407864998734,1.3416407864998734,0.6708203932499367,0.6708203932499367,-0.04,34.3994618804395,6.96,4.127785234899329,2.6311409395973158,46.323795270015964,4.899909730850478,0.0,0.0,0.0,0.0,0.0,0.0,0.0,0.0,0.0,20.771211599071872,19.634269217737724,0.0,0.0,0.0,0.0,0.0,4.899909730850478,0.0,20.771211599071872,19.634269217737724,0.0,0.0,0.0,0.0,0.0,0.0,0.0,24.534178948588206,0.0,0.0,20.771211599071872,0.0,0.0,0.0,0.0,3.24,0.0,0.0,0.0,0.0,0.0,0.0,19.634269217737724,0.0,0.0,25.67112132992235,0.0,0.0,0.0,2.375,0.0,0.0,0.0,0.0,0.0,10.125,0.0,1.0,7.0,0.0,1.0,0.0,0.0,0.0,0.0,0.0,0.0,1.0,0.0,1.0,3.0,0.0,0.0,0.0,0.0,1.3481,33.46199999999998,0.0,0.0,0.0,0.0,0.0,0.0,0.0,0.0,0.0,0.0,0.0,0.0,0.0,0.0,0.0,1.0,0.0,0.0,0.0,0.0,0.0,0.0,0.0,0.0,0.0,0.0,0.0,0.0,0.0,0.0,0.0,0.0,0.0,0.0,0.0,0.0,0.0,0.0,0.0,0.0,0.0,0.0,0.0,0.0,0.0,0.0,0.0,0.0,0.0,0.0,0.0,0.0,0.0,0.0,0.0,0.0,0.0,0.0,0.0,0.0,0.0,0.0,0.0,0.0,0.0,0.0,0.0,0.0,0.0,0.0,0.0,0.0,0.0,0.0,0.0,0.0,0.0,0.0,0.0,0.0,0.0,0.0,0.0,0.0,0.0,10.285714285714286
C1CCOC1,4.944444444444445,4.944444444444445,1.0,1.0,0.410937601049349,24.0,72.107,64.043,72.057514876,30.0,0.0,0.046638169849841704,-0.3814493819627182,0.3814493819627182,0.046638169849841704,1.0,1.6,1.8,16.478080853478218,10.39358404523885,1.9427470876857735,-1.764025781856996,1.9782597734636078,-1.743026702609948,4.431751901071205,0.19783349261359057,1.760495029766198,2.083333333333333,15.219280948873621,3.5355339059327378,3.236675415210053,3.236675415210053,2.5,2.0773502691896253,2.0773502691896253,1.319479216882342,1.319479216882342,0.8273502691896256,0.8273502691896256,0.5103103630798287,0.5103103630798287,-0.04,22.886435386960574,3.1616129032258065,1.4103121748178982,0.6183636836628511,31.941791446997026,4.736862953800049,0.0,0.0,0.0,0.0,0.0,0.0,0.0,0.0,0.0,0.0,12.841643245852019,13.213763929025836,0.0,4.736862953800049,0.0,0.0,0.0,0.0,12.841643245852019,13.213763929025836,0.0,0.0,0.0,0.0,0.0,0.0,0.0,13.213763929025836,4.736862953800049,0.0,12.841643245852019,0.0,0.0,0.0,0.0,9.23,0.0,0.0,0.0,0.0,0.0,13.213763929025836,12.841643245852019,0.0,0.0,0.0,4.736862953800049,4.944444444444445,0.0,0.0,0.0,0.0,0.0,0.0,2.5555555555555554,2.0,0.0,1.0,5.0,0.0,1.0,0.0,1.0,1.0,0.0,0.0,0.0,1.0,0.0,1.0,0.0,0.0,1.0,1.0,1.0,0.7968,20.052999999999997,0.0,0.0,0.0,0.0,0.0,0.0,0.0,0.0,0.0,0.0,0.0,0.0,0.0,0.0,0.0,0.0,0.0,0.0,0.0,0.0,0.0,0.0,0.0,0.0,0.0,0.0,0.0,0.0,0.0,0.0,0.0,0.0,0.0,0.0,0.0,0.0,0.0,0.0,0.0,0.0,0.0,1.0,0.0,0.0,0.0,0.0,0.0,0.0,0.0,0.0,0.0,0.0,0.0,0.0,0.0,0.0,0.0,0.0,0.0,0.0,0.0,0.0,0.0,0.0,0.0,0.0,0.0,0.0,0.0,0.0,0.0,0.0,0.0,0.0,0.0,0.0,0.0,0.0,0.0,0.0,0.0,0.0,0.0,0.0,0.0,24.0
CN(C)C=O,9.430555555555555,9.430555555555555,0.75,0.75,0.3902682398861675,6.8,73.095,66.03899999999999,73.052763844,30.0,0.0,0.2086847180796838,-0.35138679501082243,0.35138679501082243,0.2086847180796838,1.6,1.8,1.8,16.141264414836225,10.98473092998148,1.676590454284669,-1.9279522555013062,1.5164303698840307,-2.0562001471122726,5.448254175176544,-0.11544112959140373,1.3787834934861756,2.825749368745867,33.87430298092722,4.284457050376173,3.4328121551534467,3.4328121551534467,2.270055610029662,1.3883283411425928,1.3883283411425928,1.0690206303332261,1.0690206303332261,0.210818510677892,0.210818510677892,0.0,0.0,-0.53,9.65148445440323,4.469999999999999,1.7581844380403455,3.469999999999999,31.390491026869903,4.899909730850478,0.0,0.0,6.410095306116121,0.0,0.0,4.794537184071822,0.0,0.0,0.0,0.0,0.0,14.09534396535438,0.0,4.794537184071822,6.410095306116121,0.0,4.899909730850478,0.0,0.0,14.09534396535438,0.0,0.0,0.0,0.0,0.0,0.0,0.0,25.405349002320982,4.794537184071822,0.0,0.0,0.0,0.0,0.0,0.0,20.310000000000002,0.0,4.794537184071822,0.0,0.0,0.0,6.410095306116121,4.899909730850478,14.09534396535438,0.0,0.0,0.0,0.0,0.0,10.875,0.0,0.0,0.0,0.0,0.75,0.0,3.375,0.6666666666666666,5.0,0.0,2.0,0.0,0.0,0.0,0.0,0.0,0.0,1.0,0.0,2.0,1.0,0.0,0.0,0.0,0.0,-0.2956000000000001,19.750999999999998,0.0,0.0,0.0,0.0,0.0,0.0,0.0,0.0,0.0,0.0,1.0,1.0,0.0,0.0,0.0,1.0,0.0,0.0,0.0,0.0,0.0,0.0,0.0,0.0,0.0,0.0,0.0,1.0,0.0,0.0,0.0,0.0,0.0,0.0,0.0,0.0,0.0,0.0,0.0,0.0,0.0,0.0,0.0,0.0,0.0,0.0,0.0,0.0,0.0,0.0,0.0,0.0,0.0,0.0,0.0,0.0,0.0,0.0,0.0,0.0,0.0,0.0,0.0,0.0,0.0,0.0,0.0,0.0,0.0,0.0,0.0,0.0,0.0,0.0,0.0,0.0,0.0,0.0,0.0,0.0,0.0,0.0,0.0,0.0,0.0,6.8
CO,7.0,7.0,1.0,1.0,0.38528440447384316,3.0,32.042,28.009999999999998,32.026214748,14.0,0.0,0.031940683717728124,-0.3996302435573072,0.3996302435573072,0.031940683717728124,1.5,1.5,1.5,16.235703028195374,11.774296971804631,0.8391720167738221,-1.2068615766134012,0.7545197820005356,-1.2473197820005355,3.1778074852252667,0.39899251477473313,1.0,1.0,2.0,2.0,1.4472135954999579,1.4472135954999579,1.0,0.4472135954999579,0.4472135954999579,0.0,0.0,0.0,0.0,0.0,0.0,-0.04,2.0,1.96,0.9600000000000016,-27.040000000000028,13.533484780025564,5.106527394840706,0.0,0.0,0.0,0.0,0.0,0.0,0.0,0.0,0.0,0.0,0.0,7.109797541277533,0.0,5.106527394840706,0.0,0.0,0.0,0.0,0.0,7.109797541277533,0.0,0.0,0.0,0.0,0.0,0.0,0.0,12.216324936118239,0.0,0.0,0.0,0.0,0.0,0.0,0.0,20.23,0.0,0.0,0.0,0.0,0.0,7.109797541277533,0.0,0.0,0.0,0.0,5.106527394840706,0.0,0.0,0.0,7.0,0.0,0.0,0.0,0.0,0.0,1.0,1.0,2.0,1.0,1.0,0.0,0.0,0.0,0.0,0.0,0.0,1.0,1.0,1.0,0.0,0.0,0.0,0.0,0.0,-0.3915,8.1428,0.0,1.0,1.0,0.0,0.0,0.0,0.0,0.0,0.0,0.0,0.0,0.0,0.0,0.0,0.0,0.0,0.0,0.0,0.0,0.0,0.0,0.0,0.0,0.0,0.0,0.0,0.0,0.0,0.0,0.0,0.0,0.0,0.0,0.0,0.0,0.0,0.0,0.0,0.0,0.0,0.0,0.0,0.0,0.0,0.0,0.0,0.0,0.0,0.0,0.0,0.0,0.0,0.0,0.0,0.0,0.0,0.0,0.0,0.0,0.0,0.0,0.0,0.0,0.0,0.0,0.0,0.0,0.0,0.0,0.0,0.0,0.0,0.0,0.0,0.0,0.0,0.0,0.0,0.0,0.0,0.0,0.0,0.0,0.0,0.0,3.0
CC1=CC=C2C(C=NN2C2CCCCO2)=C1B1OC(C)(C)C(C)(C)O1,6.303276329050139,6.303276329050139,0.02787302112202905,-0.37627388300999476,0.7855542172374091,25.64,342.2480000000001,315.0320000000001,342.211473124,134.0,0.0,0.49536264595338764,-0.3993316730422983,0.49536264595338764,0.3993316730422983,1.12,1.84,2.48,16.667531504198507,9.740445895113876,2.5214074693037145,-2.3189350389477132,2.372439258615021,-2.4122059156456506,6.652702314519823,-0.0366310543738668,3.0610944790482018,1.7713733956357927,777.3082678317355,17.81962647737941,15.834350533085827,15.834350533085827,11.800443374087077,9.240316945665974,9.240316945665974,8.227548840220422,8.227548840220422,5.9576039252496775,5.9576039252496775,3.671349976960954,3.671349976960954,-1.3650649350649353,588844.3783676283,17.069061165562676,5.828532645447339,2.7100915659678697,149.3211838789081,14.04557922185074,0.0,6.22790117073487,0.0,0.0,7.118392334224363,0.0,4.681802935145185,5.098681808301038,0.0,11.629818560158606,65.41032119610757,11.993106178977714,22.915645911196712,14.04557922185074,23.484120526720254,0.0,9.780484743446223,0.0,71.3111536599334,6.606881964512918,23.893029200233293,0.0,0.0,5.462803260414833,0.0,0.0,0.0,34.70786066415088,14.04557922185074,6.923737199690624,58.74876632997238,18.3295777085363,0.0,10.902924932081056,0.0,45.510000000000005,0.0,0.0,0.0,24.548395126926607,0.0,41.37770489455782,6.4208216229260096,0.0,10.878646506758262,51.85010194367737,14.04557922185074,20.55325357457798,0.0,0.0,5.735848450491308,2.6243304901033984,0.0,4.258018471277399,5.284912819096622,11.253243410796621,-0.37627388300999476,0.631578947368421,25.0,0.0,5.0,0.0,2.0,2.0,1.0,1.0,2.0,5.0,0.0,6.0,2.0,0.0,2.0,2.0,4.0,3.343020000000002,99.02600000000005,0.0,0.0,0.0,0.0,0.0,2.0,0.0,0.0,0.0,0.0,0.0,0.0,0.0,0.0,0.0,2.0,0.0,0.0,0.0,0.0,0.0,0.0,0.0,0.0,0.0,0.0,0.0,0.0,0.0,0.0,1.0,0.0,0.0,0.0,1.0,0.0,1.0,0.0,0.0,0.0,0.0,1.0,0.0,0.0,0.0,0.0,0.0,0.0,0.0,0.0,0.0,0.0,0.0,0.0,0.0,0.0,0.0,0.0,0.0,0.0,0.0,0.0,0.0,0.0,0.0,0.0,0.0,0.0,0.0,0.0,0.0,0.0,0.0,0.0,0.0,0.0,0.0,0.0,0.0,0.0,0.0,0.0,0.0,0.0,0.0,25.64
[K+].CC1=CC=C2C(C=NN2C2CCCCO2)=C1[B-](F)(F)F,13.224349174855128,13.224349174855128,0.0,-5.046263070042832,0.7337569041418468,19.523809523809526,322.1799999999999,307.05999999999995,322.08665984,108.0,0.0,1.0,-0.4448381626786422,1.0,0.4448381626786422,1.2857142857142858,2.0476190476190474,2.6666666666666665,0.0,0.0,0.0,0.0,0.0,0.0,0.0,0.0,2.810721442344986,1.6133323758450436e-06,638.1134601300987,14.328062645816686,12.151747371185781,15.274852996803443,9.482181813234284,6.765317805119056,6.765317805119056,5.214061213411479,5.214061213411479,3.795981717026134,3.795981717026134,2.83205526929775,2.83205526929775,0.14129870129870153,45691.087766760094,17.494455136667472,6.718792444827062,3.401997619286476,163.2428238980978,17.68383963458878,0.0,6.22790117073487,0.0,0.0,58.361838958218236,0.0,4.681802935145185,5.098681808301038,0.0,17.092621820573438,37.63879335139506,6.606881964512918,11.713544289229338,69.0683745408754,23.343032244427498,0.0,9.780484743446223,0.0,32.41410323920353,6.606881964512918,23.893029200233293,0.0,0.0,56.84733816670146,12.946976680788726,0.0,0.0,23.36467075989075,4.736862953800049,6.923737199690624,31.053817531209894,18.3295777085363,0.0,10.902924932081056,0.0,27.05,12.440107312346438,12.946976680788726,0.0,68.5621117831833,12.123582682129179,19.26246486877803,19.18694783976531,10.748170003606795,0.0,5.098681808301038,4.736862953800049,46.86611252834467,0.0,0.0,4.308771730914589,0.20404811770387243,0.0,3.203239559712774,3.8466219975644584,-2.9287939342403626,0.0,0.46153846153846156,21.0,0.0,3.0,0.0,1.0,1.0,1.0,1.0,2.0,3.0,0.0,8.0,2.0,0.0,1.0,1.0,3.0,0.10221999999999976,72.02200000000002,0.0,0.0,0.0,0.0,0.0,2.0,0.0,0.0,0.0,0.0,0.0,0.0,0.0,0.0,0.0,2.0,0.0,0.0,0.0,0.0,0.0,0.0,0.0,0.0,0.0,0.0,0.0,0.0,0.0,0.0,1.0,0.0,0.0,0.0,1.0,0.0,1.0,0.0,0.0,0.0,0.0,1.0,0.0,0.0,3.0,0.0,0.0,0.0,0.0,0.0,0.0,0.0,0.0,0.0,0.0,0.0,0.0,0.0,0.0,0.0,0.0,0.0,0.0,0.0,0.0,0.0,0.0,0.0,0.0,0.0,0.0,0.0,0.0,0.0,0.0,0.0,0.0,0.0,0.0,0.0,0.0,0.0,0.0,0.0,0.0,19.523809523809526
C1=CC2=C(C=CC(=C2)Br)N=C1,4.201481481481482,4.201481481481482,1.0376851851851854,1.0376851851851854,0.6479326565476233,10.272727272727273,208.058,202.00999999999996,206.968361292,54.0,0.0,0.07022299624027356,-0.25626537388520376,0.25626537388520376,0.07022299624027356,1.1818181818181819,2.090909090909091,3.0,79.91873098038859,10.207445066754802,1.9138696537515059,-1.944331704328024,2.1633526824267935,-1.7490011842533637,9.103017474934736,1.4099946835980315,2.0412258289597847,2.8289012156206956,383.97444633457127,7.68179827587471,5.7892796836469405,7.375276222761645,5.360173345306137,3.3641635969758186,4.157161866533171,2.340425069610964,3.2561005984026528,1.565048064613456,2.0582997033304955,1.0464735026378287,1.425265700255907,-0.89,487.8529731213885,6.79766552622859,2.624406814181114,1.2610613181391381,73.20026323782002,0.0,0.0,0.0,0.0,0.0,0.0,4.9839785209472085,0.0,0.0,0.0,21.99631096641096,24.26546827384644,16.055787301910286,5.516700717616262,0.0,26.832868830030407,0.0,4.9839785209472085,0.0,0.0,0.0,41.001398429753536,0.0,0.0,0.0,0.0,0.0,15.929943897949348,4.9839785209472085,0.0,0.0,0.0,41.001398429753536,0.0,10.902924932081056,0.0,12.89,0.0,0.0,0.0,0.0,0.0,9.989420233448676,5.386224214464796,6.196843571613076,24.26546827384644,26.980289487358167,0.0,1.0953703703703703,3.4046116780045352,4.201481481481482,1.168402777777778,1.0376851851851854,0.0,10.040624999999999,1.80182350718065,0.0,0.0,0.0,11.0,0.0,1.0,0.0,0.0,0.0,1.0,1.0,2.0,1.0,0.0,2.0,0.0,0.0,0.0,0.0,2.0,2.997300000000001,49.44300000000002,0.0,0.0,0.0,0.0,0.0,1.0,0.0,0.0,0.0,0.0,0.0,0.0,0.0,0.0,0.0,1.0,0.0,0.0,0.0,0.0,0.0,0.0,0.0,0.0,0.0,0.0,0.0,0.0,0.0,0.0,0.0,0.0,0.0,0.0,1.0,0.0,1.0,0.0,0.0,0.0,0.0,0.0,0.0,0.0,1.0,0.0,0.0,0.0,0.0,0.0,0.0,0.0,0.0,0.0,0.0,0.0,0.0,0.0,0.0,0.0,0.0,0.0,0.0,0.0,0.0,0.0,0.0,0.0,0.0,0.0,0.0,0.0,0.0,1.0,0.0,0.0,0.0,0.0,0.0,0.0,0.0,0.0,0.0,0.0,0.0,10.272727272727273
C1=CC2=C(C=CC(=C2)OS(=O)(=O)C(F)(F)F)N=C1,12.107665186444947,12.107665186444947,0.40942129629629576,-5.639839970710506,0.6247198935596546,12.61111111111111,277.2229999999999,271.17499999999995,277.00204871200003,96.0,0.0,0.5338268354687165,-0.3760125001800094,0.5338268354687165,0.3760125001800094,1.1666666666666667,1.8888888888888888,2.5555555555555554,32.24038798490765,10.192803777783178,2.480821618525497,-2.0910060297473727,2.2775007129233664,-2.2751427167037575,7.875004441090878,-0.04995455709446303,2.2656450849416423,2.3912820300659634,682.072537325645,13.388905057061258,8.678201791520847,9.494698372448573,8.294624757173649,4.650376360448908,6.058624650912772,3.3411076575646055,4.878932664581408,2.0638729080949445,3.0426858041599476,1.2794658925013478,1.7309849738702938,-1.83,8579.997936673999,12.622360834425285,4.126159428584511,2.374866921136731,100.14221144270546,4.183085432649707,5.749511833283905,0.0,0.0,0.0,15.62645736029781,4.9839785209472085,0.0,21.589042127353395,0.0,6.06636706846161,24.26546827384644,11.583067786077873,5.516700717616262,25.772127560003106,21.02105179111461,0.0,4.9839785209472085,0.0,5.508330501264255,0.0,36.52867891392113,0.0,5.749511833283905,4.183085432649707,13.171245143024459,5.749511833283905,0.0,18.9101060065404,10.118126859033554,0.0,0.0,36.52867891392113,0.0,10.902924932081056,0.0,56.260000000000005,21.375969193581714,21.589042127353395,0.0,0.0,10.902924932081056,6.06636706846161,18.3295777085363,12.13273413692322,0.0,9.167063953596916,0.0,61.90624070924666,0.0,3.9403237197656837,0.4790504535147395,-4.925064956538171,-0.40942129629629576,6.806131070483749,1.5092469372008064,0.0,-5.639839970710506,0.1,18.0,0.0,4.0,0.0,0.0,0.0,1.0,1.0,2.0,4.0,0.0,8.0,2.0,0.0,0.0,0.0,2.0,2.4631999999999996,57.34580000000001,0.0,0.0,0.0,0.0,0.0,1.0,0.0,0.0,0.0,0.0,0.0,0.0,0.0,0.0,0.0,1.0,0.0,0.0,0.0,0.0,0.0,0.0,0.0,0.0,0.0,3.0,0.0,0.0,0.0,0.0,0.0,0.0,0.0,0.0,1.0,0.0,1.0,0.0,0.0,0.0,0.0,0.0,0.0,0.0,3.0,0.0,0.0,0.0,0.0,0.0,0.0,0.0,0.0,0.0,0.0,0.0,0.0,0.0,0.0,0.0,0.0,0.0,0.0,0.0,0.0,0.0,0.0,0.0,0.0,0.0,0.0,0.0,0.0,1.0,0.0,0.0,0.0,0.0,0.0,0.0,0.0,0.0,0.0,0.0,0.0,12.61111111111111
C1=CC2=C(C=CC(=C2)I)N=C1,4.218981481481482,4.218981481481482,1.0628851851851855,1.0628851851851855,0.6594055251378133,10.272727272727273,255.058,249.00999999999996,254.954497192,54.0,0.0,0.07021800178556757,-0.2562654593485576,0.2562654593485576,0.07021800178556757,1.1818181818181819,2.090909090909091,3.0,126.91270430011322,10.207914159015937,1.9133259444157462,-1.9448136996205423,2.135174831892869,-1.7665442183505435,14.111916452959477,1.4096410199318934,2.0412258289597847,2.8289012156206956,383.97444633457127,7.68179827587471,5.7892796836469405,7.946777974823263,5.360173345306137,3.3641635969758186,4.44291274256398,2.340425069610964,3.586057288797771,1.565048064613456,2.2360391679395453,1.0464735026378287,1.5617605785655666,-0.64,487.8529731213885,7.033229517952786,2.7727197265624994,1.35276005737313,78.59455375322231,0.0,0.0,0.0,0.0,0.0,0.0,4.9839785209472085,0.0,0.0,0.0,6.06636706846161,46.856338900914494,15.153250057143268,5.516700717616262,0.0,33.49379555914911,0.0,4.9839785209472085,0.0,0.0,0.0,40.09886118498652,0.0,0.0,0.0,0.0,0.0,22.590870627068057,4.9839785209472085,0.0,3.5701822710653963,0.0,36.52867891392113,0.0,10.902924932081056,0.0,12.89,0.0,0.0,0.0,0.0,0.0,5.516700717616262,8.956406485530191,0.0,18.3295777085363,45.7739503534001,0.0,1.2528703703703705,2.3001045351473923,4.218981481481482,1.2077777777777778,1.0628851851851855,0.0,10.2627,1.814680650037793,0.0,0.0,0.0,11.0,0.0,1.0,0.0,0.0,0.0,1.0,1.0,2.0,1.0,0.0,2.0,0.0,0.0,0.0,0.0,2.0,2.8394000000000013,54.460000000000015,0.0,0.0,0.0,0.0,0.0,1.0,0.0,0.0,0.0,0.0,0.0,0.0,0.0,0.0,0.0,1.0,0.0,0.0,0.0,0.0,0.0,0.0,0.0,0.0,0.0,0.0,0.0,0.0,0.0,0.0,0.0,0.0,0.0,0.0,1.0,0.0,1.0,0.0,0.0,0.0,0.0,0.0,0.0,0.0,1.0,0.0,0.0,0.0,0.0,0.0,0.0,0.0,0.0,0.0,0.0,0.0,0.0,0.0,0.0,0.0,0.0,0.0,0.0,0.0,0.0,0.0,0.0,0.0,0.0,0.0,0.0,0.0,0.0,1.0,0.0,0.0,0.0,0.0,0.0,0.0,0.0,0.0,0.0,0.0,0.0,10.272727272727273
B(C1=CC2=C(C=C1)N=CC=C2)(O)O.Cl,8.918320105820106,8.918320105820106,0.0,-1.4124017384731673,0.6659855222567933,9.571428571428571,209.441,200.36899999999997,209.04148660799999,72.0,0.0,0.4879416826604545,-0.4231767293856589,0.4879416826604545,0.4231767293856589,1.1428571428571428,1.9285714285714286,2.642857142857143,35.453000623649736,9.796720863714263,2.0982331016960885,-2.0018025478486488,2.0709379114347,-2.2888959122022743,6.584343892318593,0.42558990309268646,2.168245771779508,9.799997478834003e-07,435.8363975914372,9.259148545064338,7.2913409612911195,8.107837542218846,6.270856947829097,3.98025427456034,3.98025427456034,2.8292094562933916,2.8292094562933916,1.9252002884178296,1.9252002884178296,1.2546957948874429,1.2546957948874429,-1.095064935064935,1255.4143018603352,10.982424800061061,4.415986102682068,2.0392394281187096,87.96688040561367,10.048045150132006,0.0,0.0,0.0,0.0,7.118392334224363,4.9839785209472085,0.0,0.0,12.407033161179976,18.19910120538483,22.98176161180285,6.196843571613076,5.516700717616262,10.048045150132006,35.89115368790023,0.0,4.9839785209472085,0.0,0.0,0.0,36.52867891392113,0.0,0.0,5.462803260414833,0.0,0.0,12.407033161179976,22.150416005303576,0.0,0.0,0.0,36.52867891392113,0.0,10.902924932081056,0.0,53.35000000000001,7.118392334224363,0.0,0.0,12.407033161179976,5.462803260414833,10.902924932081056,0.0,24.395944776997908,12.13273413692322,4.9839785209472085,10.048045150132006,0.0,0.0,4.118384353741496,18.746917989417987,1.3401851851851856,0.0,8.83451247165533,1.7057350718065003,0.0,-1.4124017384731673,0.0,14.0,2.0,3.0,0.0,0.0,0.0,1.0,1.0,2.0,3.0,2.0,5.0,1.0,0.0,0.0,0.0,2.0,0.33639999999999964,58.81660000000003,0.0,0.0,0.0,0.0,0.0,1.0,0.0,0.0,0.0,0.0,0.0,0.0,0.0,0.0,0.0,1.0,0.0,0.0,0.0,0.0,0.0,0.0,0.0,0.0,0.0,0.0,0.0,0.0,0.0,0.0,0.0,0.0,0.0,0.0,1.0,0.0,1.0,0.0,0.0,0.0,0.0,0.0,0.0,0.0,1.0,0.0,0.0,0.0,0.0,0.0,0.0,0.0,0.0,0.0,0.0,0.0,0.0,0.0,0.0,0.0,0.0,0.0,0.0,0.0,0.0,0.0,0.0,0.0,0.0,0.0,0.0,0.0,0.0,1.0,0.0,0.0,0.0,0.0,0.0,0.0,0.0,0.0,0.0,0.0,0.0,9.571428571428571
CC1=CC=C2C(C=NN2C2CCCCO2)=C1Br,5.785695625472412,5.785695625472412,0.10727418745275874,0.10727418745275874,0.7996970411864825,20.941176470588236,295.17999999999995,280.05999999999995,294.0367752,90.0,0.0,0.15035582601359387,-0.35649089407916923,0.35649089407916923,0.15035582601359387,1.411764705882353,2.2941176470588234,3.0588235294117645,79.91873108681742,10.141264517417296,2.1869496451689807,-2.2304232283239007,2.307121694746138,-2.184164446006969,9.104156197357435,-0.03663205697306895,2.793300494515263,2.083122099895365,543.5881927665116,11.828062645816686,9.818468155977701,11.404464695092406,8.270856947829095,6.010971236320879,6.803969505878231,4.539605650314593,5.332603919871947,3.336327486555825,4.388913953119684,2.3425566902239776,2.7802180478065597,-0.8700000000000001,15273.767104009457,11.23353946143088,4.424298620823287,1.891988453957673,108.88521547619169,4.736862953800049,0.0,6.22790117073487,0.0,0.0,0.0,0.0,4.681802935145185,5.098681808301038,0.0,6.06636706846161,53.74596452657661,16.46582569481013,11.713544289229338,4.736862953800049,26.832868830030407,0.0,9.780484743446223,0.0,32.41410323920353,6.606881964512918,28.365748716065706,0.0,0.0,0.0,0.0,0.0,15.929943897949348,16.387366707959142,4.736862953800049,6.923737199690624,31.053817531209894,22.80229722436871,0.0,10.902924932081056,0.0,27.05,0.0,0.0,0.0,6.22790117073487,0.0,23.0171238208876,23.79131895201381,0.0,10.878646506758262,40.08509704286423,4.736862953800049,8.934454365079366,3.6239579396573443,0.0,5.648493953136811,2.3851736373561776,0.0,4.243864559712774,5.472564418514319,2.9414911265432098,0.0,0.46153846153846156,17.0,0.0,3.0,0.0,1.0,1.0,1.0,1.0,2.0,3.0,0.0,4.0,1.0,0.0,1.0,1.0,3.0,3.806320000000003,71.01000000000003,0.0,0.0,0.0,0.0,0.0,2.0,0.0,0.0,0.0,0.0,0.0,0.0,0.0,0.0,0.0,2.0,0.0,0.0,0.0,0.0,0.0,0.0,0.0,0.0,0.0,0.0,0.0,0.0,0.0,0.0,1.0,0.0,0.0,0.0,1.0,0.0,1.0,0.0,0.0,0.0,0.0,1.0,0.0,0.0,1.0,0.0,0.0,0.0,0.0,0.0,0.0,0.0,0.0,0.0,0.0,0.0,0.0,0.0,0.0,0.0,0.0,0.0,0.0,0.0,0.0,0.0,0.0,0.0,0.0,0.0,0.0,0.0,0.0,0.0,0.0,0.0,0.0,0.0,0.0,0.0,0.0,0.0,0.0,0.0,0.0,20.941176470588236
CO.O,7.0,7.0,0.0,0.0,0.3675891431736135,2.0,50.057,44.009,50.036779431999996,22.0,0.0,0.031940683717728124,-0.4115095219374226,0.4115095219374226,0.031940683717728124,1.3333333333333333,1.3333333333333333,1.3333333333333333,16.235709146632036,11.774296841213,0.8391735979105966,-1.2068616049014649,0.7545216971562266,-1.2473197829597407,3.177808215779783,0.3989918550200843,1.0,0.0,2.7548875021634682,2.0,1.9472135954999579,1.9472135954999579,1.0,0.4472135954999579,0.4472135954999579,0.0,0.0,0.0,0.0,0.0,0.0,-0.08,2.0,12.717731568998108,253.91999999999993,1.9200000000000033,19.01423820843994,10.58271923072207,0.0,0.0,0.0,0.0,0.0,0.0,0.0,0.0,0.0,0.0,0.0,7.109797541277533,0.0,10.58271923072207,0.0,0.0,0.0,0.0,0.0,7.109797541277533,0.0,0.0,0.0,0.0,0.0,0.0,0.0,17.692516771999603,0.0,0.0,0.0,0.0,0.0,0.0,0.0,51.730000000000004,0.0,0.0,0.0,5.476191835881363,0.0,7.109797541277533,0.0,0.0,0.0,0.0,5.106527394840706,0.0,0.0,0.0,7.0,0.0,0.0,0.0,0.0,0.0,1.0,1.0,3.0,3.0,2.0,0.0,0.0,0.0,0.0,0.0,0.0,1.0,1.0,2.0,0.0,0.0,0.0,0.0,0.0,-1.2162000000000002,11.756599999999999,0.0,1.0,1.0,0.0,0.0,0.0,0.0,0.0,0.0,0.0,0.0,0.0,0.0,0.0,0.0,0.0,0.0,0.0,0.0,0.0,0.0,0.0,0.0,0.0,0.0,0.0,0.0,0.0,0.0,0.0,0.0,0.0,0.0,0.0,0.0,0.0,0.0,0.0,0.0,0.0,0.0,0.0,0.0,0.0,0.0,0.0,0.0,0.0,0.0,0.0,0.0,0.0,0.0,0.0,0.0,0.0,0.0,0.0,0.0,0.0,0.0,0.0,0.0,0.0,0.0,0.0,0.0,0.0,0.0,0.0,0.0,0.0,0.0,0.0,0.0,0.0,0.0,0.0,0.0,0.0,0.0,0.0,0.0,0.0,0.0,2.0
C1CCOC1.O,4.944444444444445,4.944444444444445,0.0,0.0,0.41153968065141283,20.0,90.122,80.042,90.06807956,38.0,0.0,0.046638169849841704,-0.4115095219374226,0.4115095219374226,0.046638169849841704,1.0,1.5,1.6666666666666667,16.478085712407218,10.393584045238853,1.9427492026647295,-1.7640257871453995,1.9782619586911816,-1.7430267050286217,4.43175323905019,0.19783333064664888,1.760495029766198,2.4999998500000094e-07,17.11941547876375,3.5355339059327378,3.736675415210053,3.736675415210053,2.5,2.0773502691896253,2.0773502691896253,1.319479216882342,1.319479216882342,0.8273502691896256,0.8273502691896256,0.5103103630798287,0.5103103630798287,-0.08,22.886435386960574,5.92,3.1232520325203255,1.3807707052680283,37.422544875411404,10.213054789681411,0.0,0.0,0.0,0.0,0.0,0.0,0.0,0.0,0.0,0.0,12.841643245852019,13.213763929025836,0.0,10.213054789681411,0.0,0.0,0.0,0.0,12.841643245852019,13.213763929025836,0.0,0.0,0.0,0.0,0.0,0.0,0.0,18.6899557649072,4.736862953800049,0.0,12.841643245852019,0.0,0.0,0.0,0.0,40.730000000000004,0.0,0.0,0.0,5.476191835881363,0.0,13.213763929025836,12.841643245852019,0.0,0.0,0.0,4.736862953800049,4.944444444444445,0.0,0.0,0.0,0.0,0.0,0.0,2.5555555555555554,2.0,0.0,1.0,6.0,2.0,2.0,0.0,1.0,1.0,0.0,0.0,0.0,1.0,0.0,2.0,0.0,0.0,1.0,1.0,1.0,-0.027899999999999925,23.666799999999995,0.0,0.0,0.0,0.0,0.0,0.0,0.0,0.0,0.0,0.0,0.0,0.0,0.0,0.0,0.0,0.0,0.0,0.0,0.0,0.0,0.0,0.0,0.0,0.0,0.0,0.0,0.0,0.0,0.0,0.0,0.0,0.0,0.0,0.0,0.0,0.0,0.0,0.0,0.0,0.0,0.0,1.0,0.0,0.0,0.0,0.0,0.0,0.0,0.0,0.0,0.0,0.0,0.0,0.0,0.0,0.0,0.0,0.0,0.0,0.0,0.0,0.0,0.0,0.0,0.0,0.0,0.0,0.0,0.0,0.0,0.0,0.0,0.0,0.0,0.0,0.0,0.0,0.0,0.0,0.0,0.0,0.0,0.0,0.0,0.0,20.0
B1(OC(C(O1)(C)C)(C)C)C2=CC3=C(C=C2)N=CC=C3,6.056383456160242,6.056383456160242,0.3040062830687833,-0.3105498866213161,0.7335864648106744,20.94736842105263,255.126,236.98199999999994,255.14305921599998,98.0,0.0,0.49435445494574,-0.39935249280885887,0.49435445494574,0.39935249280885887,1.0,1.6842105263157894,2.3684210526315788,16.667355499496026,9.783847740531982,2.5116671855036525,-2.3189387159076054,2.360496744976868,-2.412205915645648,6.619425225166078,0.005784435120588395,2.578476805925174,1.9789166559466402,608.3266132094601,13.673362107437434,11.805162060755068,11.805162060755068,8.889759771564119,6.593509306320913,6.593509306320913,6.043790804523933,6.043790804523933,4.152470201575782,4.152470201575782,2.2198469461197905,2.2198469461197905,-1.385064935064935,22749.90085867781,12.638763685490769,4.053166319168556,2.0492454801987585,113.6362316405364,9.308716268050691,0.0,0.0,0.0,0.0,7.118392334224363,4.9839785209472085,0.0,0.0,0.0,18.19910120538483,50.67671041056534,6.196843571613076,16.71880233958364,9.308716268050691,23.484120526720254,0.0,4.9839785209472085,0.0,38.89705042072987,0.0,36.52867891392113,0.0,0.0,5.462803260414833,0.0,0.0,0.0,23.304472477138948,9.308716268050691,0.0,27.694948798762496,36.52867891392113,0.0,10.902924932081056,0.0,31.35,0.0,0.0,0.0,18.32049395619174,0.0,16.36572819249589,0.0,6.196843571613076,18.19910120538483,44.811661456632926,9.308716268050691,12.112766912320485,0.0,4.32449538611741,1.1062150415721845,1.4215405328798183,0.0,10.116158588435376,1.802378590325019,8.260328168304358,-0.3105498866213161,0.4,19.0,0.0,3.0,0.0,1.0,1.0,1.0,1.0,2.0,3.0,0.0,4.0,1.0,0.0,1.0,1.0,3.0,2.5340000000000007,77.45900000000005,0.0,0.0,0.0,0.0,0.0,1.0,0.0,0.0,0.0,0.0,0.0,0.0,0.0,0.0,0.0,1.0,0.0,0.0,0.0,0.0,0.0,0.0,0.0,0.0,0.0,0.0,0.0,0.0,0.0,0.0,0.0,0.0,0.0,0.0,1.0,0.0,1.0,0.0,0.0,0.0,0.0,0.0,0.0,0.0,0.0,0.0,0.0,0.0,0.0,0.0,0.0,0.0,0.0,0.0,0.0,0.0,0.0,0.0,0.0,0.0,0.0,0.0,0.0,0.0,0.0,0.0,0.0,0.0,0.0,0.0,0.0,0.0,0.0,1.0,0.0,0.0,0.0,0.0,0.0,0.0,0.0,0.0,0.0,0.0,0.0,20.94736842105263
[B-](C1=CC2=C(C=C1)N=CC=C2)(F)(F)F.[K+],12.357869425547996,12.357869425547996,0.0,-4.913463718820862,0.595091701891859,11.133333333333333,235.05799999999994,229.00999999999993,235.01824593199999,72.0,0.0,1.0,-0.4448577684976778,1.0,0.4448577684976778,1.0666666666666667,1.8,2.466666666666667,0.0,0.0,0.0,0.0,0.0,0.0,0.0,0.0,2.156243568659614,1.1249996695000999e-06,472.10926461618266,10.181798275874712,8.12255889885502,11.24566452447268,6.571498210711324,4.118510165773996,4.118510165773996,3.0303031777149902,3.0303031777149902,2.0050223644270853,2.0050223644270853,1.2976939624253658,1.2976939624253658,0.12129870129870102,1615.0264329260508,13.18743058717396,4.968291213244953,3.040768906812484,127.55787165972615,12.946976680788726,0.0,0.0,0.0,0.0,58.361838958218236,4.9839785209472085,0.0,0.0,5.462803260414833,18.19910120538483,17.518958351388015,6.196843571613076,5.516700717616262,64.33151158707535,23.343032244427498,0.0,4.9839785209472085,0.0,0.0,0.0,36.52867891392113,0.0,0.0,56.84733816670146,12.946976680788726,0.0,0.0,11.961282572878815,0.0,0.0,0.0,36.52867891392113,0.0,10.902924932081056,0.0,12.89,12.440107312346438,12.946976680788726,0.0,51.38453490628663,10.902924932081056,12.13273413692322,6.06636706846161,18.329577708536295,0.0,4.9839785209472085,0.0,37.07360827664399,0.0,3.943970143613001,0.5177777777777781,0.0016666666666669272,0.0,6.82015306122449,1.5562877928949357,-4.913463718820862,0.0,0.0,15.0,0.0,1.0,0.0,0.0,0.0,1.0,1.0,2.0,1.0,0.0,6.0,1.0,0.0,0.0,0.0,2.0,-0.7068000000000003,50.45500000000001,0.0,0.0,0.0,0.0,0.0,1.0,0.0,0.0,0.0,0.0,0.0,0.0,0.0,0.0,0.0,1.0,0.0,0.0,0.0,0.0,0.0,0.0,0.0,0.0,0.0,0.0,0.0,0.0,0.0,0.0,0.0,0.0,0.0,0.0,1.0,0.0,1.0,0.0,0.0,0.0,0.0,0.0,0.0,0.0,3.0,0.0,0.0,0.0,0.0,0.0,0.0,0.0,0.0,0.0,0.0,0.0,0.0,0.0,0.0,0.0,0.0,0.0,0.0,0.0,0.0,0.0,0.0,0.0,0.0,0.0,0.0,0.0,0.0,1.0,0.0,0.0,0.0,0.0,0.0,0.0,0.0,0.0,0.0,0.0,0.0,11.133333333333333
blank_cell,0.0,0.0,0.0,0.0,0.0,0.0,0.0,0.0,0.0,0.0,0.0,0.0,0.0,0.0,0.0,0.0,0.0,0.0,0.0,0.0,0.0,0.0,0.0,0.0,0.0,0.0,0.0,0.0,0.0,0.0,0.0,0.0,0.0,0.0,0.0,0.0,0.0,0.0,0.0,0.0,0.0,0.0,0.0,0.0,0.0,0.0,0.0,0.0,0.0,0.0,0.0,0.0,0.0,0.0,0.0,0.0,0.0,0.0,0.0,0.0,0.0,0.0,0.0,0.0,0.0,0.0,0.0,0.0,0.0,0.0,0.0,0.0,0.0,0.0,0.0,0.0,0.0,0.0,0.0,0.0,0.0,0.0,0.0,0.0,0.0,0.0,0.0,0.0,0.0,0.0,0.0,0.0,0.0,0.0,0.0,0.0,0.0,0.0,0.0,0.0,0.0,0.0,0.0,0.0,0.0,0.0,0.0,0.0,0.0,0.0,0.0,0.0,0.0,0.0,0.0,0.0,0.0,0.0,0.0,0.0,0.0,0.0,0.0,0.0,0.0,0.0,0.0,0.0,0.0,0.0,0.0,0.0,0.0,0.0,0.0,0.0,0.0,0.0,0.0,0.0,0.0,0.0,0.0,0.0,0.0,0.0,0.0,0.0,0.0,0.0,0.0,0.0,0.0,0.0,0.0,0.0,0.0,0.0,0.0,0.0,0.0,0.0,0.0,0.0,0.0,0.0,0.0,0.0,0.0,0.0,0.0,0.0,0.0,0.0,0.0,0.0,0.0,0.0,0.0,0.0,0.0,0.0,0.0,0.0,0.0,0.0,0.0,0.0,0.0,0.0,0.0,0.0,0.0,0.0,0.0,0.0,0.0,0.0,0.0,0.0,0.0,0.0,0.0,0.0,0.0,0.0,0.0,0.0,0.0,0.0,0.0
neat,0.0,0.0,0.0,0.0,0.0,0.0,0.0,0.0,0.0,0.0,0.0,0.0,0.0,0.0,0.0,0.0,0.0,0.0,0.0,0.0,0.0,0.0,0.0,0.0,0.0,0.0,0.0,0.0,0.0,0.0,0.0,0.0,0.0,0.0,0.0,0.0,0.0,0.0,0.0,0.0,0.0,0.0,0.0,0.0,0.0,0.0,0.0,0.0,0.0,0.0,0.0,0.0,0.0,0.0,0.0,0.0,0.0,0.0,0.0,0.0,0.0,0.0,0.0,0.0,0.0,0.0,0.0,0.0,0.0,0.0,0.0,0.0,0.0,0.0,0.0,0.0,0.0,0.0,0.0,0.0,0.0,0.0,0.0,0.0,0.0,0.0,0.0,0.0,0.0,0.0,0.0,0.0,0.0,0.0,0.0,0.0,0.0,0.0,0.0,0.0,0.0,0.0,0.0,0.0,0.0,0.0,0.0,0.0,0.0,0.0,0.0,0.0,0.0,0.0,0.0,0.0,0.0,0.0,0.0,0.0,0.0,0.0,0.0,0.0,0.0,0.0,0.0,0.0,0.0,0.0,0.0,0.0,0.0,0.0,0.0,0.0,0.0,0.0,0.0,0.0,0.0,0.0,0.0,0.0,0.0,0.0,0.0,0.0,0.0,0.0,0.0,0.0,0.0,0.0,0.0,0.0,0.0,0.0,0.0,0.0,0.0,0.0,0.0,0.0,0.0,0.0,0.0,0.0,0.0,0.0,0.0,0.0,0.0,0.0,0.0,0.0,0.0,0.0,0.0,0.0,0.0,0.0,0.0,0.0,0.0,0.0,0.0,0.0,0.0,0.0,0.0,0.0,0.0,0.0,0.0,0.0,0.0,0.0,0.0,0.0,0.0,0.0,0.0,0.0,0.0,0.0,0.0,0.0,0.0,0.0,0.0
